lm_seed,layer,k,sparse_seed,current_balanced_accuracy,test_prediction_nmse,test_l0
0,0,4,0,0.5357724711184445,0.001178695920668321,3.9994
0,0,16,0,0.5756602756590427,0.0004038149598807403,15.96885
0,3,4,0,0.823207361113602,0.022962969331860643,3.99985
0,3,16,0,0.8532452357283224,0.0030607156566192636,15.9244
0,7,4,0,0.9954925813666888,0.013429325277842626,4.0
0,7,16,0,0.998035810822929,0.0018476843835930554,15.96725
0,11,4,0,0.998767697879329,0.0016989200033500546,3.9997
0,11,16,0,0.9986762620387855,0.00046237965389805177,15.9496
1,0,4,0,0.562622341474913,0.0035817210852404796,4.0
1,0,16,0,0.5976096013077087,0.0005755311281370934,15.99535
1,3,4,0,0.9457149738278918,0.017342820278290157,3.9999
1,3,16,0,0.9595936853864069,0.0026239369461756442,15.9454
1,7,4,0,0.9393018945634266,0.0111281828549579,4.0
1,7,16,0,0.9840403624382208,0.001926547169931669,15.9793
1,11,4,0,0.9889629254088511,0.0032557607277305103,3.99995
1,11,16,0,0.9981445410080938,0.0005020513559505079,15.8346
2,0,4,0,0.5647175192992075,0.001838338831006758,3.99865
2,0,16,0,0.5937548840510273,0.00045881223460742795,15.96095
2,3,4,0,0.8812816902851901,0.01032282568651969,3.9985
2,3,16,0,0.8936208048403669,0.0015169146433460453,15.89315
2,7,4,0,0.9834117610510862,0.028780373541345588,4.0
2,7,16,0,0.9913936615586432,0.005960045248996379,15.99625
2,11,4,0,0.9959431150573532,0.0016441389451303495,3.99865
2,11,16,0,0.9992792421746293,0.00043742454819798495,15.915
