ev,inactive_fraction,k,l0,layer,lm_seed,mse,nmse,r2,sparse_seed,split
0.9988277176517665,0.7890625,4,3.99974,0,0,0.0011770744217598776,0.0011770743379496485,0.9988229256620503,0,train
0.998797176334578,0.8515625,4,3.9995,0,0,0.0012095591795216753,0.0012079168158531416,0.9987919163172896,0,val
0.9988265152226355,0.81640625,4,3.9994,0,0,0.0011789017450028146,0.001178695920668321,0.9988212774318357,0,test
0.9996036520322736,0.443359375,16,15.96798,0,0,0.00039953786253528245,0.00039953783408732774,0.9996004621659127,0,train
0.9995949373176759,0.599609375,16,15.9678,0,0,0.0004091154654893992,0.00040855996032013517,0.9995913835994386,0,val
0.9995995055521368,0.505859375,16,15.96885,0,0,0.0004038854742041706,0.0004038149598807403,0.9995961759108287,0,test
0.9771983981347532,0.771484375,4,3.99968,3,0,0.022833653585013297,0.02283365276286753,0.9771663472371325,0,train
0.9765941074599647,0.84375,4,4.0,3,0,0.023120614881033227,0.02343562448361578,0.9765576663417007,0,val
0.9770650715764343,0.8125,4,3.99985,3,0,0.02334890629620741,0.022962969331860643,0.9770344208763517,0,test
0.9970062356976355,0.4609375,16,15.92808,3,0,0.003016092210993751,0.0030160921023966994,0.9969839078976033,0,train
0.9968540714832882,0.537109375,16,15.93,3,0,0.00312164083802649,0.003164172009660635,0.9968349221479217,0,val
0.9969604155425217,0.49609375,16,15.9244,3,0,0.0031121568832382144,0.0030607156566192636,0.9969389364863388,0,test
0.9867198905826053,0.705078125,4,4.0,7,0,0.013308141863885244,0.013308142559877778,0.9866918574401222,0,train
0.9865519377627877,0.82421875,4,4.0,7,0,0.01379475670312352,0.013477279220698352,0.9865211044101374,0,val
0.9866000780520717,0.765625,4,4.0,7,0,0.013590766870394183,0.013429325277842626,0.9865704460171077,0,test
0.9982750688073476,0.48046875,16,15.96642,7,0,0.0017463720583555766,0.0017463721496877797,0.9982536278503122,0,train
0.9981301879087908,0.541015625,16,15.9689,7,0,0.0019340429078440356,0.0018895321501337858,0.9981102412327981,0,val
0.9981728668862981,0.490234375,16,15.96725,7,0,0.0018698964533172184,0.0018476843835930554,0.998152284149841,0,test
0.9983304139854966,0.76953125,4,3.9997,11,0,0.00167832636848564,0.0016783264961646362,0.9983216735038354,0,train
0.9983000229989335,0.83203125,4,3.9999,11,0,0.001706231520024614,0.0017075983087017333,0.998291854108651,0,val
0.9983100267981996,0.80859375,4,3.9997,11,0,0.001695326242645352,0.0016989200033500546,0.9983010160963852,0,test
0.9995649303026567,0.42578125,16,15.94784,11,0,0.0004405913542965454,0.00044059138781461614,0.9995594086121854,0,train
0.9995390839564582,0.517578125,16,15.9477,11,0,0.0004659671313311839,0.00046634039755651075,0.9995335100591298,0,val
0.9995432930331043,0.45703125,16,15.9496,11,0,0.0004614015726302132,0.00046237965389805177,0.9995376029549462,0,test
0.9964160210209324,0.81640625,4,4.0,0,1,0.0035932556072238594,0.003593255641687066,0.9964067443583129,0,train
0.9964087047227627,0.873046875,4,4.0,0,1,0.0036119743364448616,0.003598964312402114,0.9964003351726779,0,val
0.9964270604868097,0.849609375,4,4.0,0,1,0.0035817344618287597,0.0035817210852404796,0.9964181984186384,0,test
0.9994473475227801,0.58203125,16,15.99392,0,1,0.0005697578464737918,0.0005697578519383856,0.9994302421480616,0,train
0.9994452788179896,0.671875,16,15.9946,0,1,0.0005738525844326447,0.0005717856162803155,0.9994281030893805,0,val
0.9994412228505021,0.62890625,16,15.99535,0,1,0.0005755332775626797,0.0005755311281370934,0.9994244559372926,0,test
0.9827457580463135,0.748046875,4,3.99994,3,1,0.017272740913825302,0.017272740100173226,0.9827272598998268,0,train
0.9827843091966368,0.849609375,4,4.0,3,1,0.01740905290809915,0.01723828152454858,0.9827595858016489,0,val
0.9826773505529661,0.796875,4,3.9999,3,1,0.017409168821543013,0.017342820278290157,0.982656676756308,0,test
0.9974752732690138,0.45703125,16,15.94396,3,1,0.002538190390188773,0.002538190270624432,0.9974618097293756,0,train
0.997384804622919,0.529296875,16,15.9436,3,1,0.0026560550792760038,0.002630000922104509,0.9973696737012586,0,val
0.9973891711167574,0.50390625,16,15.9454,3,1,0.0026339753592579756,0.0026239369461756442,0.9973759869560802,0,test
0.9889209856932293,0.830078125,4,4.0,7,1,0.011107628405971473,0.011107627322670325,0.9888923726773297,0,train
0.9889394090690138,0.87109375,4,4.0,7,1,0.011416997210750306,0.011090836298766626,0.9889087976562018,0,val
0.98889875494913,0.853515625,4,4.0,7,1,0.011168067651402217,0.0111281828549579,0.9888716427529395,0,test
0.9981437877069337,0.4609375,16,15.9804,7,1,0.0018649248639249377,0.001864924682043156,0.9981350753179569,0,train
0.9981419332293389,0.552734375,16,15.983,7,1,0.0019220982965923114,0.0018671877696151723,0.9981327506052028,0,val
0.9980818558550455,0.498046875,16,15.9793,7,1,0.0019334521554728497,0.001926547169931669,0.998073422638741,0,test
0.99676714723671,0.8125,4,4.0,11,1,0.00324269202141183,0.0032426920002324795,0.9967573079997675,0,train
0.9967748981304623,0.857421875,4,4.0,11,1,0.003272963875913147,0.00323519721863781,0.9967646487240575,0,val
0.9967538484288271,0.833984375,4,3.99995,11,1,0.003253667408533944,0.0032557607277305103,0.996744075527955,0,test
0.9995173805618813,0.4453125,16,15.83014,11,1,0.0004894066971581436,0.0004894066939616279,0.9995105933060384,0,train
0.9994987513026008,0.533203125,16,15.8357,11,1,0.0005144467685971066,0.0005085105787909815,0.9994914652063733,0,val
0.9995045242615671,0.462890625,16,15.8346,11,1,0.0005017285577386731,0.0005020513559505079,0.9994979233940198,0,test
0.9981650873264144,0.82421875,4,3.99854,0,2,0.0018395276928543328,0.0018395275993219543,0.9981604724006781,0,train
0.9981496491889578,0.87890625,4,3.9985,0,2,0.0018607927421672868,0.0018558069469590411,0.9981439640164667,0,val
0.9981669768087562,0.859375,4,3.99865,0,2,0.0018402323684210597,0.001838338831006758,0.9981616290120028,0,test
0.9995499616197769,0.466796875,16,15.96022,0,2,0.00045320354891632294,0.000453203525872796,0.9995467964741273,0,train
0.9995424871754766,0.568359375,16,15.9608,0,2,0.00046210110161757224,0.00046086295112076486,0.9995390801709417,0,val
0.999544380660613,0.509765625,16,15.96095,0,2,0.0004592848232933193,0.00045881223460742795,0.9995411797396574,0,test
0.9897597853405248,0.76953125,4,3.9987,3,2,0.010265675086084818,0.010265674526589339,0.9897343254734107,0,train
0.9898539667242011,0.837890625,4,3.9981,3,2,0.01007691216616502,0.010171215519716564,0.9898271469494969,0,val
0.9897040694161261,0.78515625,4,3.9985,3,2,0.010324732131768712,0.01032282568651969,0.9896771135339804,0,test
0.9985373268617781,0.48828125,16,15.89096,3,2,0.0014856226832615786,0.0014856226022927996,0.9985143773977072,0,train
0.9985107375054798,0.556640625,16,15.8923,3,2,0.0014976834106015231,0.0015116992684207928,0.9984880573531858,0,val
0.9985066298181642,0.515625,16,15.89315,3,2,0.0015171947909338084,0.0015169146433460453,0.9984830764252512,0,test
0.9720762381245507,0.796875,4,4.0,7,2,0.027959685818586905,0.027959686338390466,0.9720403136616096,0,train
0.9710464678600165,0.859375,4,4.0,7,2,0.029013243769921315,0.029001267618903027,0.9709949233685146,0,val
0.9712565961584904,0.80859375,4,4.0,7,2,0.028744754519841088,0.028780373541345588,0.9712188148864065,0,test
0.9945546857037759,0.482421875,16,15.99542,7,2,0.005482375688479509,0.005482375790403344,0.9945176242095967,0,train
0.9937594747261659,0.576171875,16,15.9963,7,2,0.0062782487835033145,0.006275657234066172,0.993723518524122,0,val
0.9940747437732084,0.548828125,16,15.99625,7,2,0.005952669007698231,0.005960045248996379,0.9940397866848277,0,test
0.9983946538294158,0.76171875,4,3.99894,11,2,0.0016133171478164851,0.0016133171437636529,0.9983866828562363,0,train
0.9983363524040881,0.8359375,4,3.9991,11,2,0.0016705062188197973,0.0016708111798292681,0.9983288613124979,0,val
0.9983632260417331,0.8046875,4,3.99865,11,2,0.0016472671888678513,0.0016441389451303495,0.9983558347851339,0,test
0.9995859658197654,0.451171875,16,15.91016,11,2,0.0004201185807419407,0.000420118579686556,0.9995798814203134,0,train
0.9995516050814234,0.521484375,16,15.9103,11,2,0.00045400041109465314,0.0004540832916144068,0.9995458277002655,0,val
0.9995686797928703,0.47265625,16,15.915,11,2,0.0004382568200735358,0.00043742454819798495,0.9995625684627167,0,test
