ev,inactive_fraction,k,l0,layer,lm_seed,mse,nmse,r2,sparse_seed,split
0.9986637393827605,0.796875,4,3.99916,0,0,0.0013447722078460142,0.0013447721120953423,0.9986552278879046,1,train
0.9986447112042921,0.85546875,4,3.9987,0,0,0.0013665702314391063,0.001364714675021021,0.9986350967973868,1,val
0.9986621355636812,0.845703125,4,3.99915,0,0,0.0013469585201493265,0.001346723354799733,0.9986532461990059,1,test
0.9996071920957547,0.357421875,16,15.96078,0,0,0.0003974777135396049,0.0003974776852383372,0.9996025223147617,1,train
0.9995985347777591,0.474609375,16,15.9619,0,0,0.0004068617144605061,0.0004063092694795077,0.9995936346011993,1,val
0.9996029366189678,0.41796875,16,15.9621,0,0,0.0004017278508098892,0.0004016577131857055,0.999598333206294,1,test
0.9794449964360529,0.765625,4,3.99954,3,0,0.020587798099824663,0.020587797358542895,0.9794122026414571,1,train
0.9786145791633242,0.830078125,4,3.9995,3,0,0.021126151116410363,0.02141398690717641,0.9785798826746249,1,val
0.9793055877282507,0.8125,4,3.9994,3,0,0.02107053182069823,0.0207222543902743,0.9792753904801017,1,test
0.9969236570366441,0.46875,16,15.92994,3,0,0.003093607415965866,0.0030936073045778113,0.9969063926954221,1,train
0.9967787961629675,0.544921875,16,15.9313,3,0,0.0031948702027570657,0.003238399096692276,0.9967606738110832,1,val
0.9968996271699114,0.498046875,16,15.93515,3,0,0.003169644448971392,0.0031172530032575812,0.9968823927141072,1,test
0.9872466446580709,0.78125,4,4.0,7,0,0.012782889117011111,0.012782889785533847,0.9872171102144661,1,train
0.9870897703359641,0.8359375,4,4.0,7,0,0.013245345465312409,0.012940512330326646,0.9870579356765182,1,val
0.9870771289698292,0.8125,4,4.0,7,0,0.01310668975866719,0.012950998406744454,0.9870487810342421,1,test
0.9983108643334588,0.41015625,16,15.9775,7,0,0.0017071971103809125,0.0017071971996643343,0.9982928028003357,1,train
0.998169542066626,0.52734375,16,15.9759,7,0,0.0018935015905038157,0.0018499238652232323,0.9981498542680451,1,val
0.9982104975953733,0.44140625,16,15.98055,7,0,0.0018298586664087207,0.0018081221963429427,0.998191847010846,1,test
0.9983410840006611,0.740234375,4,3.9979,11,0,0.001669125098367015,0.001669125225346023,0.998330874774654,1,train
0.9982967954926897,0.802734375,4,3.9983,11,0,0.001712162903356981,0.0017135344434101494,0.9982859160703775,1,val
0.998298113684052,0.765625,4,3.9988,11,0,0.001708218811701153,0.0017118399021356092,0.9982880957116528,1,test
0.9995686218871418,0.486328125,16,15.93416,11,0,0.00044940425287338443,0.00044940428706189805,0.9995505957129381,1,train
0.9995392833230304,0.56640625,16,15.9353,11,0,0.0004779189599953785,0.00047830180031654013,0.9995215448206571,1,val
0.9995522426026205,0.484375,16,15.93755,11,0,0.0004650691633278199,0.0004660550191720193,0.9995339274514334,1,test
