NA,k,layer,lm_seed,matched,matched_fraction,pairs,suite,unmatched
0,4,0,0,422,0.82421875,512,test_changed_memory|single,90
0,4,0,0,362,0.70703125,512,test_changed_memory|up_to_four,150
0,4,0,0,444,0.8671875,512,test_changed_composition|single,68
0,4,0,0,400,0.78125,512,test_changed_composition|up_to_four,112
0,4,0,0,441,0.861328125,512,test_unchanged_memory|single,71
0,4,0,0,417,0.814453125,512,test_unchanged_memory|up_to_four,95
0,4,0,0,481,0.939453125,512,test_unchanged_composition|single,31
0,4,0,0,469,0.916015625,512,test_unchanged_composition|up_to_four,43
0,16,0,0,225,0.439453125,512,test_changed_memory|single,287
0,16,0,0,161,0.314453125,512,test_changed_memory|up_to_four,351
0,16,0,0,253,0.494140625,512,test_changed_composition|single,259
0,16,0,0,172,0.3359375,512,test_changed_composition|up_to_four,340
0,16,0,0,232,0.453125,512,test_unchanged_memory|single,280
0,16,0,0,177,0.345703125,512,test_unchanged_memory|up_to_four,335
0,16,0,0,364,0.7109375,512,test_unchanged_composition|single,148
0,16,0,0,325,0.634765625,512,test_unchanged_composition|up_to_four,187
0,4,3,0,118,0.23046875,512,test_changed_memory|single,394
0,4,3,0,98,0.19140625,512,test_changed_memory|up_to_four,414
0,4,3,0,383,0.748046875,512,test_changed_composition|single,129
0,4,3,0,377,0.736328125,512,test_changed_composition|up_to_four,135
0,4,3,0,407,0.794921875,512,test_unchanged_memory|single,105
0,4,3,0,331,0.646484375,512,test_unchanged_memory|up_to_four,181
0,4,3,0,436,0.8515625,512,test_unchanged_composition|single,76
0,4,3,0,357,0.697265625,512,test_unchanged_composition|up_to_four,155
0,16,3,0,324,0.6328125,512,test_changed_memory|single,188
0,16,3,0,221,0.431640625,512,test_changed_memory|up_to_four,291
0,16,3,0,469,0.916015625,512,test_changed_composition|single,43
0,16,3,0,487,0.951171875,512,test_changed_composition|up_to_four,25
0,16,3,0,495,0.966796875,512,test_unchanged_memory|single,17
0,16,3,0,424,0.828125,512,test_unchanged_memory|up_to_four,88
0,16,3,0,502,0.98046875,512,test_unchanged_composition|single,10
0,16,3,0,438,0.85546875,512,test_unchanged_composition|up_to_four,74
0,4,7,0,73,0.142578125,512,test_changed_memory|single,439
0,4,7,0,65,0.126953125,512,test_changed_memory|up_to_four,447
0,4,7,0,113,0.220703125,512,test_changed_composition|single,399
0,4,7,0,105,0.205078125,512,test_changed_composition|up_to_four,407
0,4,7,0,384,0.75,512,test_unchanged_memory|single,128
0,4,7,0,294,0.57421875,512,test_unchanged_memory|up_to_four,218
0,4,7,0,394,0.76953125,512,test_unchanged_composition|single,118
0,4,7,0,294,0.57421875,512,test_unchanged_composition|up_to_four,218
0,16,7,0,62,0.12109375,512,test_changed_memory|single,450
0,16,7,0,61,0.119140625,512,test_changed_memory|up_to_four,451
0,16,7,0,92,0.1796875,512,test_changed_composition|single,420
0,16,7,0,68,0.1328125,512,test_changed_composition|up_to_four,444
0,16,7,0,489,0.955078125,512,test_unchanged_memory|single,23
0,16,7,0,465,0.908203125,512,test_unchanged_memory|up_to_four,47
0,16,7,0,486,0.94921875,512,test_unchanged_composition|single,26
0,16,7,0,460,0.8984375,512,test_unchanged_composition|up_to_four,52
0,4,11,0,82,0.16015625,512,test_changed_memory|single,430
0,4,11,0,85,0.166015625,512,test_changed_memory|up_to_four,427
0,4,11,0,93,0.181640625,512,test_changed_composition|single,419
0,4,11,0,94,0.18359375,512,test_changed_composition|up_to_four,418
0,4,11,0,400,0.78125,512,test_unchanged_memory|single,112
0,4,11,0,419,0.818359375,512,test_unchanged_memory|up_to_four,93
0,4,11,0,400,0.78125,512,test_unchanged_composition|single,112
0,4,11,0,400,0.78125,512,test_unchanged_composition|up_to_four,112
0,16,11,0,203,0.396484375,512,test_changed_memory|single,309
0,16,11,0,105,0.205078125,512,test_changed_memory|up_to_four,407
0,16,11,0,242,0.47265625,512,test_changed_composition|single,270
0,16,11,0,116,0.2265625,512,test_changed_composition|up_to_four,396
0,16,11,0,499,0.974609375,512,test_unchanged_memory|single,13
0,16,11,0,461,0.900390625,512,test_unchanged_memory|up_to_four,51
0,16,11,0,496,0.96875,512,test_unchanged_composition|single,16
0,16,11,0,456,0.890625,512,test_unchanged_composition|up_to_four,56
