task,size,subset,positions,balanced_accuracy,macro_f1,auroc,ci95
seed0_init_l0_h_full_A_iid,full,all,20000,0.5899810763571527,0.5899347773941336,0.6306843366615956,"[0.5771433556485718, 0.601997683776931]"
seed0_init_l0_h_full_B_iid,full,all,20000,0.5822896772366324,0.5820038171684294,0.619765265734352,"[0.5684018197213425, 0.5949685968742523]"
seed0_init_l0_h_full_C_iid,full,all,20000,0.5937596313197671,0.5904608100588762,0.6349043693544196,"[0.5834012174000914, 0.604273272440333]"
seed0_init_l0_h_full_D_iid,full,all,20000,0.5963500010253886,0.5961493001570838,0.6424350812844787,"[0.5833214238382993, 0.6096195842352669]"
seed0_init_l0_h_full_current_iid,full,all,20000,0.5675750894822201,0.5659977234149292,0.5991071734539496,"[0.56068288479241, 0.5747419523118253]"
seed0_init_l0_h_full_current_iid,full,current_ne_previous,9976,0.46608609950834273,0.4638495991313705,0.44998854461090265,"[0.45670117833307344, 0.4762018906797044]"
seed0_init_l0_h_full_current_transfer,full,all,4979,0.5,0.3199945370117454,0.6069721774802028,"[0.5, 0.5]"
seed0_init_l0_h_full_current_transfer,full,current_ne_previous,2530,0.5,0.3301562086311888,0.4525867538053917,"[0.5, 0.5]"
seed0_init_l0_h_full_previous_iid,full,all,18617,0.5985739398787033,0.598506959081458,0.6415457089678265,"[0.5900944319395841, 0.6067326199114258]"
seed0_init_l0_h_full_previous_iid,full,current_ne_previous,9976,0.5402733697976456,0.5401630882674225,0.5563306097643325,"[0.5297120225040874, 0.5505594834181461]"
seed0_init_l0_h_full_previous_transfer,full,all,4644,0.5,0.32441082339249344,0.6453148858861425,"[0.5, 0.5]"
seed0_init_l0_h_full_previous_transfer,full,current_ne_previous,2530,0.5,0.33648046157880934,0.551499124008298,"[0.5, 0.5]"
seed0_init_l0_h_full_query_iid,full,all,20000,1.0,1.0,,"[1.0, 1.0]"
seed0_init_l0_h_full_state_iid,full,all,20000,0.10195590965465509,0.046181929127768626,,"[0.09908378114363281, 0.10493098940884762]"
seed0_init_l0_m_full_A_iid,full,all,20000,0.5897484686798891,0.5896722624798433,0.630490434365269,"[0.5777119258632923, 0.6017932057185613]"
seed0_init_l0_m_full_B_iid,full,all,20000,0.5826310740372567,0.5823382514584377,0.6236852851034521,"[0.5697749748865719, 0.5955465451014978]"
seed0_init_l0_m_full_C_iid,full,all,20000,0.5942249997902417,0.5905099366417599,0.6349574914628362,"[0.5823062643531004, 0.6060291620020177]"
seed0_init_l0_m_full_D_iid,full,all,20000,0.6003060785037528,0.5998666903364819,0.6404118313184447,"[0.5879835792302396, 0.6123771999499998]"
seed0_init_l0_m_full_current_iid,full,all,20000,0.5666817885426889,0.5648235214345836,0.5993063286412281,"[0.5590327969550384, 0.5742631682829644]"
seed0_init_l0_m_full_current_iid,full,current_ne_previous,9976,0.4658418786516565,0.4631039367844954,0.4498565061786751,"[0.45689646883998325, 0.47514456079633605]"
seed0_init_l0_m_full_current_transfer,full,all,4979,0.566965930868237,0.5525233909595014,0.6103540588729415,"[0.5528769636425369, 0.5810533538316722]"
seed0_init_l0_m_full_current_transfer,full,current_ne_previous,2530,0.47506533216742786,0.45529546463917986,0.4512854232855658,"[0.45502776163471764, 0.4939151833892121]"
seed0_init_l0_m_full_previous_iid,full,all,18617,0.5986772335561789,0.598579232345066,0.6418955714834856,"[0.5904520362130853, 0.6070574954027096]"
seed0_init_l0_m_full_previous_iid,full,current_ne_previous,9976,0.5402862319889128,0.5401455283422996,0.5566753164902939,"[0.5303336837559972, 0.5500486052294816]"
seed0_init_l0_m_full_previous_transfer,full,all,4644,0.5914235346131126,0.5902802262117985,0.6486238719576759,"[0.5750322862868575, 0.6088323018572056]"
seed0_init_l0_m_full_previous_transfer,full,current_ne_previous,2530,0.5256937773024706,0.5237938645941382,0.5512041057540435,"[0.5061541177069654, 0.5466777874154528]"
seed0_init_l0_m_full_query_iid,full,all,20000,1.0,1.0,,"[1.0, 1.0]"
seed0_init_l0_m_full_state_iid,full,all,20000,0.10090516828384556,0.044324896793640364,,"[0.09792252581126283, 0.10380574227170272]"
seed0_init_l0_u_full_A_iid,full,all,20000,0.5902845579764913,0.5902227262837041,0.6306858882803841,"[0.578517666435172, 0.6021237051577568]"
seed0_init_l0_u_full_B_iid,full,all,20000,0.5812772943329932,0.580931315124237,0.6194675666835467,"[0.5701122261001682, 0.5946323396557235]"
seed0_init_l0_u_full_C_iid,full,all,20000,0.5959660188912899,0.5927616232584278,0.6344171200154934,"[0.5842161883347627, 0.6072012438391965]"
seed0_init_l0_u_full_D_iid,full,all,20000,0.5961945905623232,0.5959632507470157,0.6415676766103728,"[0.5835239203764693, 0.6092951831120688]"
seed0_init_l0_u_full_current_iid,full,all,20000,0.5677345017050943,0.5659873979123711,0.5991479572816877,"[0.5605708590654402, 0.5750963964986366]"
seed0_init_l0_u_full_current_iid,full,current_ne_previous,9976,0.46707439812983736,0.4646869541939622,0.4495242195061562,"[0.4566326037349364, 0.4767891196900607]"
seed0_init_l0_u_full_current_transfer,full,all,4979,0.5,0.34615889691398555,0.6094031425412733,"[0.5, 0.5]"
seed0_init_l0_u_full_current_transfer,full,current_ne_previous,2530,0.5,0.33648046157880934,0.452788016258506,"[0.5, 0.5]"
seed0_init_l0_u_full_previous_iid,full,all,18617,0.597027236714283,0.596935966377447,0.6418231256132177,"[0.5892262985866707, 0.6045370588223302]"
seed0_init_l0_u_full_previous_iid,full,current_ne_previous,9976,0.5373682027338587,0.5372534870678789,0.5564525594152848,"[0.5270589615609379, 0.5470128535885732]"
seed0_init_l0_u_full_previous_transfer,full,all,4644,0.5,0.34202323604420515,0.6473610589944309,"[0.5, 0.5]"
seed0_init_l0_u_full_previous_transfer,full,current_ne_previous,2530,0.5,0.3301562086311888,0.5515128748591319,"[0.5, 0.5]"
seed0_init_l0_u_full_query_iid,full,all,20000,1.0,1.0,,"[1.0, 1.0]"
seed0_init_l0_u_full_state_iid,full,all,20000,0.1023364395489133,0.04736027178675125,,"[0.09944867432829488, 0.10521444158948909]"
seed0_init_l1_h_full_A_iid,full,all,20000,0.6062594944679836,0.6062661854493684,0.6488958065059696,"[0.59425868315985, 0.6168056556622038]"
seed0_init_l1_h_full_B_iid,full,all,20000,0.5999924391985887,0.5998834293977733,0.6388607221129706,"[0.5884539952345571, 0.6125920824418449]"
seed0_init_l1_h_full_C_iid,full,all,20000,0.6094438538265583,0.606764514157243,0.6577969979628492,"[0.5982691281114043, 0.6200937322665665]"
seed0_init_l1_h_full_D_iid,full,all,20000,0.6230511207497642,0.6230368968774816,0.6732162864237264,"[0.6117507748931961, 0.6338595976492508]"
seed0_init_l1_h_full_current_iid,full,all,20000,0.5848778410765025,0.5839627909609264,0.6204127051141298,"[0.5776634916506216, 0.592515580522826]"
seed0_init_l1_h_full_current_iid,full,current_ne_previous,9976,0.48493925830174056,0.48376881308303465,0.47223350343581283,"[0.47579611369833674, 0.49425015001028316]"
seed0_init_l1_h_full_current_transfer,full,all,4979,0.5378447051463146,0.4611651293663215,0.6261195489486328,"[0.5283057761086023, 0.5479863090474465]"
seed0_init_l1_h_full_current_transfer,full,current_ne_previous,2530,0.4900371960515057,0.3986786980101493,0.4551650383367471,"[0.4775970968842955, 0.5030466398718589]"
seed0_init_l1_h_full_previous_iid,full,all,18617,0.6042526614966135,0.604208965850517,0.6479481040924988,"[0.5964428107319918, 0.6116210013104143]"
seed0_init_l1_h_full_previous_iid,full,current_ne_previous,9976,0.5358381646939281,0.535775582008897,0.5485816620523556,"[0.52628982077358, 0.5458935498774041]"
seed0_init_l1_h_full_previous_transfer,full,all,4644,0.5695905053109477,0.5028634755209387,0.6538605147105264,"[0.5560764935738017, 0.5829857466300459]"
seed0_init_l1_h_full_previous_transfer,full,current_ne_previous,2530,0.5246621509705913,0.4480700515111623,0.5532711086498477,"[0.5117292330931289, 0.5392188146405129]"
seed0_init_l1_h_full_query_iid,full,all,20000,1.0,1.0,,"[1.0, 1.0]"
seed0_init_l1_h_full_state_iid,full,all,20000,0.11040090382900383,0.053180208510200735,,"[0.10774922361957825, 0.11306531811932594]"
seed0_init_l1_m_full_A_iid,full,all,20000,0.604506180252796,0.6045258625467931,0.6462619886701597,"[0.5928818745798955, 0.615565242124987]"
seed0_init_l1_m_full_B_iid,full,all,20000,0.597495893792394,0.5973852938961679,0.6381833619621805,"[0.5854040719979656, 0.609350928374573]"
seed0_init_l1_m_full_C_iid,full,all,20000,0.6088161939147365,0.6058961200327128,0.6563585308700902,"[0.5986058703066681, 0.6194023120229855]"
seed0_init_l1_m_full_D_iid,full,all,20000,0.6211227492719741,0.6210961305421216,0.6711177344807432,"[0.6095040969885973, 0.6321245871623399]"
seed0_init_l1_m_full_current_iid,full,all,20000,0.5807513784233194,0.5797794640640596,0.6183366431452905,"[0.5731221358429734, 0.5882041169875515]"
seed0_init_l1_m_full_current_iid,full,current_ne_previous,9976,0.4783282527677828,0.4771786404040639,0.4690466945776217,"[0.46802269330075014, 0.4883638018182623]"
seed0_init_l1_m_full_current_transfer,full,all,4979,0.5003793626707133,0.3208401173268373,0.6244529761916328,"[0.5, 0.5009758096817054]"
seed0_init_l1_m_full_current_transfer,full,current_ne_previous,2530,0.5,0.3301562086311888,0.4602228512889235,"[0.5, 0.5]"
seed0_init_l1_m_full_previous_iid,full,all,18617,0.6018086410579637,0.5945778667965537,0.6478005565422466,"[0.594205664984048, 0.6100282060799673]"
seed0_init_l1_m_full_previous_iid,full,current_ne_previous,9976,0.5327587149384705,0.5233596375030052,0.5495073780744657,"[0.5239517664029925, 0.54191225968535]"
seed0_init_l1_m_full_previous_transfer,full,all,4644,0.5213892428695094,0.37757770892671616,0.6512282611522472,"[0.5151880022630032, 0.5282388702425628]"
seed0_init_l1_m_full_previous_transfer,full,current_ne_previous,2530,0.5093571414731286,0.3645412751036074,0.5495027504826862,"[0.50418446797738, 0.5149410255243673]"
seed0_init_l1_m_full_query_iid,full,all,20000,1.0,1.0,,"[1.0, 1.0]"
seed0_init_l1_m_full_state_iid,full,all,20000,0.10852100779419754,0.050662082398042894,,"[0.10579676622355297, 0.11127437064476997]"
seed0_init_l1_u_full_A_iid,full,all,20000,0.6056718013336133,0.6056800950369107,0.6491936172088979,"[0.5931795362090337, 0.617429386225998]"
seed0_init_l1_u_full_B_iid,full,all,20000,0.5999234954165293,0.5998035067297922,0.6393910188726248,"[0.588684870681344, 0.6117294292101575]"
seed0_init_l1_u_full_C_iid,full,all,20000,0.6089067475088086,0.6060887018232701,0.6584729747923695,"[0.598647400137032, 0.6191302512138561]"
seed0_init_l1_u_full_D_iid,full,all,20000,0.6243709881670153,0.6243773989521946,0.6728884424442958,"[0.6138170272820787, 0.6345746814282831]"
seed0_init_l1_u_full_current_iid,full,all,20000,0.5839490707172157,0.5831251800036918,0.6213997738284043,"[0.576484391876806, 0.5909035066602629]"
seed0_init_l1_u_full_current_iid,full,current_ne_previous,9976,0.48375690136950183,0.482736241498322,0.4744276324886089,"[0.47486999349014863, 0.4925252966517888]"
seed0_init_l1_u_full_current_transfer,full,all,4979,0.5987456906796922,0.5912015457200512,0.6377356889763652,"[0.5831340377693895, 0.6133453368467626]"
seed0_init_l1_u_full_current_transfer,full,current_ne_previous,2530,0.4789774492296711,0.46851938095152657,0.4653969214345138,"[0.459365715719076, 0.4989937515472106]"
seed0_init_l1_u_full_previous_iid,full,all,18617,0.6023376494860027,0.6022998217434931,0.6477408931996145,"[0.5941910916377255, 0.6101194300527245]"
seed0_init_l1_u_full_previous_iid,full,current_ne_previous,9976,0.531507706060343,0.5314743360953823,0.5468482406130121,"[0.520967214079891, 0.5410746155452478]"
seed0_init_l1_u_full_previous_transfer,full,all,4644,0.5778582335479509,0.5431817449903842,0.6564610028941785,"[0.5642413232899433, 0.5910315669743618]"
seed0_init_l1_u_full_previous_transfer,full,current_ne_previous,2530,0.5253478183962633,0.48251805418019067,0.5453331174866445,"[0.5069087691249513, 0.5420746698641827]"
seed0_init_l1_u_full_query_iid,full,all,20000,1.0,1.0,,"[1.0, 1.0]"
seed0_init_l1_u_full_state_iid,full,all,20000,0.1102530728552839,0.05349001430663708,,"[0.10736050716408511, 0.11312068997574028]"
seed0_init_l2_h_full_A_iid,full,all,20000,0.6111907391862856,0.6112239612339501,0.6534901897800957,"[0.5998543259889643, 0.6226182381226454]"
seed0_init_l2_h_full_B_iid,full,all,20000,0.6019365137637005,0.6018535723227185,0.6409413734097701,"[0.5900224561921584, 0.6136090790784324]"
seed0_init_l2_h_full_C_iid,full,all,20000,0.6086016954012905,0.6058352713685862,0.6595782986626739,"[0.5973166058889419, 0.6197616666292671]"
seed0_init_l2_h_full_D_iid,full,all,20000,0.6259590587957836,0.6259393175928789,0.6745512643041712,"[0.6144950604128668, 0.637100019819402]"
seed0_init_l2_h_full_current_iid,full,all,20000,0.5838316933597403,0.5753379328071249,0.6229348771044655,"[0.5765338396730387, 0.5913063960757303]"
seed0_init_l2_h_full_current_iid,full,current_ne_previous,9976,0.48071909295827187,0.4681401447797025,0.474048760567094,"[0.47216031556949517, 0.4898801834555585]"
seed0_init_l2_h_full_current_transfer,full,all,4979,0.5,0.3199945370117454,0.6316043592219617,"[0.5, 0.5]"
seed0_init_l2_h_full_current_transfer,full,current_ne_previous,2530,0.5,0.3301562086311888,0.4599853365927017,"[0.5, 0.5]"
seed0_init_l2_h_full_previous_iid,full,all,18617,0.6046202313348827,0.6045733065579338,0.6485982809521055,"[0.5959564323322819, 0.6129782068473213]"
seed0_init_l2_h_full_previous_iid,full,current_ne_previous,9976,0.5349276019409046,0.5348783182217098,0.5485668705323983,"[0.5243833732486717, 0.5452632087093684]"
seed0_init_l2_h_full_previous_transfer,full,all,4644,0.5,0.32441082339249344,0.6541261549778757,"[0.5, 0.5]"
seed0_init_l2_h_full_previous_transfer,full,current_ne_previous,2530,0.5,0.33648046157880934,0.550045909090625,"[0.5, 0.5]"
seed0_init_l2_h_full_query_iid,full,all,20000,1.0,1.0,,"[1.0, 1.0]"
seed0_init_l2_h_full_state_iid,full,all,20000,0.11112003822943634,0.055678482663801314,,"[0.10839501108959501, 0.11386182243132117]"
seed0_init_l2_m_full_A_iid,full,all,20000,0.6108710907002166,0.6109038815768509,0.6542430852684297,"[0.5992133486985345, 0.6223075603302266]"
seed0_init_l2_m_full_B_iid,full,all,20000,0.5996005503334838,0.5995444747006109,0.639379391488771,"[0.5873801319884979, 0.6117565304824769]"
seed0_init_l2_m_full_C_iid,full,all,20000,0.6116062246510564,0.6088106621978473,0.6609919747714786,"[0.6007971389964643, 0.6232281567684311]"
seed0_init_l2_m_full_D_iid,full,all,20000,0.6228170437533325,0.6228194247996228,0.6746554754310478,"[0.6111124916446086, 0.63314471674182]"
seed0_init_l2_m_full_current_iid,full,all,20000,0.5872184224483155,0.5865557338006658,0.6225041698586475,"[0.5795624870737717, 0.5940579203035918]"
seed0_init_l2_m_full_current_iid,full,current_ne_previous,9976,0.48287334921813957,0.4819802203557113,0.4740059535867828,"[0.47337264838653054, 0.4927246646834258]"
seed0_init_l2_m_full_current_transfer,full,all,4979,0.5,0.3199945370117454,0.6229407067317687,"[0.5, 0.5]"
seed0_init_l2_m_full_current_transfer,full,current_ne_previous,2530,0.5,0.3301562086311888,0.4588102638850779,"[0.5, 0.5]"
seed0_init_l2_m_full_previous_iid,full,all,18617,0.6021106354902319,0.5947233769430293,0.6486874468765887,"[0.5935771445496747, 0.6106822415372805]"
seed0_init_l2_m_full_previous_iid,full,current_ne_previous,9976,0.5332605815639782,0.5238862857137752,0.5486881368794395,"[0.5240039888991294, 0.5420143907435924]"
seed0_init_l2_m_full_previous_transfer,full,all,4644,0.5,0.32441082339249344,0.6440968416672549,"[0.5, 0.5]"
seed0_init_l2_m_full_previous_transfer,full,current_ne_previous,2530,0.5,0.33648046157880934,0.5502046689138891,"[0.5, 0.5]"
seed0_init_l2_m_full_query_iid,full,all,20000,1.0,1.0,,"[1.0, 1.0]"
seed0_init_l2_m_full_state_iid,full,all,20000,0.11107571080186154,0.055166661007299965,,"[0.10840837851627182, 0.11400706301943947]"
seed0_init_l2_u_full_A_iid,full,all,20000,0.6134608075258837,0.6134952898269886,0.6560398197835821,"[0.6017514180409873, 0.6239006252165892]"
seed0_init_l2_u_full_B_iid,full,all,20000,0.6022955617735486,0.6022175554471796,0.6414437524405499,"[0.5905578697444743, 0.6137413799428452]"
seed0_init_l2_u_full_C_iid,full,all,20000,0.6115313366787528,0.6089919280356957,0.6611326703556865,"[0.5999016230847428, 0.6223265337457479]"
seed0_init_l2_u_full_D_iid,full,all,20000,0.6267039074996924,0.6267109915997426,0.6759180252264827,"[0.6150739962805286, 0.6371233556947699]"
seed0_init_l2_u_full_current_iid,full,all,20000,0.5883531236148511,0.5876167269013857,0.624774532988642,"[0.5811859482110311, 0.5951209464526829]"
seed0_init_l2_u_full_current_iid,full,current_ne_previous,9976,0.4846636054651451,0.4836772437003043,0.4766053622475393,"[0.47497163364210826, 0.4945547729296204]"
seed0_init_l2_u_full_current_transfer,full,all,4979,0.5129231844832733,0.3911617758182866,0.6364622415136425,"[0.5078596533480132, 0.5187543014776447]"
seed0_init_l2_u_full_current_transfer,full,current_ne_previous,2530,0.49297800301393646,0.35559997778888336,0.4676889382530544,"[0.485836625400026, 0.49927189083595513]"
seed0_init_l2_u_full_previous_iid,full,all,18617,0.6057574548290068,0.6057155113856156,0.6490818577134934,"[0.5982775439486716, 0.614277712765802]"
seed0_init_l2_u_full_previous_iid,full,current_ne_previous,9976,0.5358317335982945,0.5357795003330362,0.5471216023717881,"[0.5256131899213334, 0.5459514357702442]"
seed0_init_l2_u_full_previous_transfer,full,all,4644,0.5377220325381463,0.41754703101219776,0.6565982813260465,"[0.5288601998482565, 0.5460166497677262]"
seed0_init_l2_u_full_previous_transfer,full,current_ne_previous,2530,0.5160088030446883,0.3903633914836305,0.5493721173997641,"[0.5076980677288787, 0.5243883831915426]"
seed0_init_l2_u_full_query_iid,full,all,20000,1.0,1.0,,"[1.0, 1.0]"
seed0_init_l2_u_full_state_iid,full,all,20000,0.11195786427935422,0.05631330807143734,,"[0.10910079005355282, 0.11491887671461361]"
seed0_init_l3_h_full_A_iid,full,all,20000,0.6147558286084289,0.6147898116532512,0.6583889506082801,"[0.6043223464462372, 0.625895804138212]"
seed0_init_l3_h_full_B_iid,full,all,20000,0.6032608347605063,0.6032316499102417,0.6442429800620586,"[0.5915044627281237, 0.6152302009353722]"
seed0_init_l3_h_full_C_iid,full,all,20000,0.6112093588994547,0.6083780735983647,0.6626115990543665,"[0.5992642334831447, 0.6220399224730739]"
seed0_init_l3_h_full_D_iid,full,all,20000,0.6252903131536853,0.625313341000462,0.6749889270045066,"[0.6141086235085123, 0.6361987876069317]"
seed0_init_l3_h_full_current_iid,full,all,20000,0.5896928748581223,0.5891761189389559,0.6263656627352991,"[0.5828136080684174, 0.5973809372960026]"
seed0_init_l3_h_full_current_iid,full,current_ne_previous,9976,0.48372161073221237,0.4831138025406472,0.4771482673020589,"[0.47451367759320406, 0.4935137847301691]"
seed0_init_l3_h_full_current_transfer,full,all,4979,0.5,0.3199945370117454,0.6300703933908319,"[0.5, 0.5]"
seed0_init_l3_h_full_current_transfer,full,current_ne_previous,2530,0.5,0.3301562086311888,0.4658938271805568,"[0.5, 0.5]"
seed0_init_l3_h_full_previous_iid,full,all,18617,0.6049320869040984,0.6049026509269539,0.6499029532488578,"[0.5963646091110927, 0.6131089694884296]"
seed0_init_l3_h_full_previous_iid,full,current_ne_previous,9976,0.5347232538771468,0.534679574089142,0.5485445224750715,"[0.5248532670715124, 0.5438783831195763]"
seed0_init_l3_h_full_previous_transfer,full,all,4644,0.5008285004142502,0.32625396859796074,0.6537752497575801,"[0.500201692198337, 0.5016775930071421]"
seed0_init_l3_h_full_previous_transfer,full,current_ne_previous,2530,0.5008019246190858,0.33825832641972936,0.5479170273660683,"[0.5, 0.5020098083705009]"
seed0_init_l3_h_full_query_iid,full,all,20000,1.0,1.0,,"[1.0, 1.0]"
seed0_init_l3_h_full_state_iid,full,all,20000,0.11055756444710862,0.05577462266765478,,"[0.1079012605440168, 0.11353911332002826]"
seed0_trained_l0_h_coordinate_128_A_iid,up_to_four,all,20000,0.5199891094379856,0.516417415704845,0.5377075549149672,"[0.5123726525344112, 0.5275866651612989]"
seed0_trained_l0_h_coordinate_128_A_iid,single,all,20000,0.5115252441719922,0.4536994012557449,0.5261666494036563,"[0.5055328022132419, 0.5175262406370708]"
seed0_trained_l0_h_coordinate_128_B_iid,up_to_four,all,20000,0.5196483574929424,0.5186941977605641,0.533936991346985,"[0.5126272676270993, 0.5270960135871045]"
seed0_trained_l0_h_coordinate_128_B_iid,single,all,20000,0.5142533314355948,0.5061330400365818,0.5260868812130456,"[0.5069677260933165, 0.5213115544969131]"
seed0_trained_l0_h_coordinate_128_C_iid,up_to_four,all,20000,0.5255928957820336,0.4404470680659941,0.5420427236757027,"[0.5203531354851761, 0.5303990414113428]"
seed0_trained_l0_h_coordinate_128_C_iid,single,all,20000,0.5119758853228885,0.4536677155611323,0.5256447678408356,"[0.5062790161031763, 0.5179548692634071]"
seed0_trained_l0_h_coordinate_128_D_iid,up_to_four,all,20000,0.5337200650609081,0.5321156041172574,0.5357759291943521,"[0.5253175647638817, 0.542081228496286]"
seed0_trained_l0_h_coordinate_128_D_iid,single,all,20000,0.5134856227697797,0.505787902719414,0.5295966259347058,"[0.506504731596155, 0.5200587515224601]"
seed0_trained_l0_h_coordinate_128_current_iid,up_to_four,all,20000,0.513615613334324,0.4114630595886267,0.5370279224399886,"[0.509213159296154, 0.5178573712781138]"
seed0_trained_l0_h_coordinate_128_current_iid,up_to_four,current_ne_previous,9976,0.4946055969825299,0.3917283648384739,0.5080137480746908,"[0.4885682445877549, 0.500231398738402]"
seed0_trained_l0_h_coordinate_128_current_iid,single,all,20000,0.5124584135064989,0.48618784274950233,0.5245778758733644,"[0.5056635516422506, 0.5187783170213399]"
seed0_trained_l0_h_coordinate_128_current_iid,single,current_ne_previous,9976,0.4965969857454765,0.47218570682698086,0.4981781509956944,"[0.4883439048241269, 0.5047580582197266]"
seed0_trained_l0_h_coordinate_128_current_transfer,up_to_four,all,4979,0.5,0.34615889691398555,0.562100357698682,"[0.5, 0.5]"
seed0_trained_l0_h_coordinate_128_current_transfer,up_to_four,current_ne_previous,2530,0.5,0.33648046157880934,0.5073976452292985,"[0.5, 0.5]"
seed0_trained_l0_h_coordinate_128_current_transfer,single,all,4979,0.5,0.34615889691398555,0.5411701597824404,"[0.5, 0.5]"
seed0_trained_l0_h_coordinate_128_current_transfer,single,current_ne_previous,2530,0.5,0.33648046157880934,0.5015866606746292,"[0.5, 0.5]"
seed0_trained_l0_h_coordinate_128_previous_iid,up_to_four,all,18617,0.5035746852374738,0.4731491591152548,0.5404163316593649,"[0.49654289381234684, 0.5110197730908013]"
seed0_trained_l0_h_coordinate_128_previous_iid,up_to_four,current_ne_previous,9976,0.4931133416294467,0.45714154695558334,0.4953398673264971,"[0.4848997214314116, 0.5014298653173511]"
seed0_trained_l0_h_coordinate_128_previous_iid,single,all,18617,0.5016286118001783,0.4721918660981983,0.5254741457501444,"[0.4941798526855293, 0.5092428610612855]"
seed0_trained_l0_h_coordinate_128_previous_iid,single,current_ne_previous,9976,0.4944120210039583,0.4587363242850365,0.48937462418284894,"[0.4864221051952983, 0.5030127818622727]"
seed0_trained_l0_h_coordinate_128_previous_transfer,up_to_four,all,4644,0.5,0.34202323604420515,0.5623649042766226,"[0.5, 0.5]"
seed0_trained_l0_h_coordinate_128_previous_transfer,up_to_four,current_ne_previous,2530,0.5,0.3301562086311888,0.4918848103726418,"[0.5, 0.5]"
seed0_trained_l0_h_coordinate_128_previous_transfer,single,all,4644,0.5,0.34202323604420515,0.5460331363013216,"[0.5, 0.5]"
seed0_trained_l0_h_coordinate_128_previous_transfer,single,current_ne_previous,2530,0.5,0.3301562086311888,0.4880814500397212,"[0.5, 0.5]"
seed0_trained_l0_h_coordinate_128_query_iid,up_to_four,all,20000,1.0,1.0,,"[1.0, 1.0]"
seed0_trained_l0_h_coordinate_128_query_iid,single,all,20000,0.8193501993940917,0.792126508139082,,"[0.8158534258017405, 0.8231552134926078]"
seed0_trained_l0_h_coordinate_128_state_iid,up_to_four,all,20000,0.07007657030100972,0.021181723752712524,,"[0.0678703975020852, 0.07209257847919728]"
seed0_trained_l0_h_coordinate_128_state_iid,single,all,20000,0.06835774123089618,0.02046779968794019,,"[0.06623343610088335, 0.07036167397790406]"
seed0_trained_l0_h_coordinate_A_iid,up_to_four,all,20000,0.5199891094379856,0.516417415704845,0.5377075549149672,"[0.5125602529897102, 0.5269186028881648]"
seed0_trained_l0_h_coordinate_A_iid,single,all,20000,0.5115252441719922,0.4536994012557449,0.5261666494036563,"[0.5061511576915235, 0.5173310381651725]"
seed0_trained_l0_h_coordinate_B_iid,up_to_four,all,20000,0.5196483574929424,0.5186941977605641,0.533936991346985,"[0.5118735690439271, 0.5274426484915967]"
seed0_trained_l0_h_coordinate_B_iid,single,all,20000,0.5142533314355948,0.5061330400365818,0.5260868812130456,"[0.5074819269278493, 0.5215034880446042]"
seed0_trained_l0_h_coordinate_C_iid,up_to_four,all,20000,0.5255928957820336,0.4404470680659941,0.5420427236757027,"[0.5205559049566285, 0.5301163682906446]"
seed0_trained_l0_h_coordinate_C_iid,single,all,20000,0.5119758853228885,0.4536677155611323,0.5256447678408356,"[0.5060243886093378, 0.5177950331647295]"
seed0_trained_l0_h_coordinate_D_iid,up_to_four,all,20000,0.5337200650609081,0.5321156041172574,0.5357759291943521,"[0.5252718833179091, 0.5421850188510331]"
seed0_trained_l0_h_coordinate_D_iid,single,all,20000,0.5134856227697797,0.505787902719414,0.5295966259347058,"[0.5061562787968582, 0.520154858290146]"
seed0_trained_l0_h_coordinate_current_iid,up_to_four,all,20000,0.513615613334324,0.4114630595886267,0.5370279224399886,"[0.5091130643001124, 0.5178403601905638]"
seed0_trained_l0_h_coordinate_current_iid,up_to_four,current_ne_previous,9976,0.4946055969825299,0.3917283648384739,0.5080137480746908,"[0.48879175935110336, 0.5004009553937637]"
seed0_trained_l0_h_coordinate_current_iid,single,all,20000,0.5124584135064989,0.48618784274950233,0.5245778758733644,"[0.5056965362433782, 0.519098074140228]"
seed0_trained_l0_h_coordinate_current_iid,single,current_ne_previous,9976,0.4965969857454765,0.47218570682698086,0.4981781509956944,"[0.48794573582041745, 0.5046454203254731]"
seed0_trained_l0_h_coordinate_current_transfer,up_to_four,all,4979,0.5,0.34615889691398555,0.562100357698682,"[0.5, 0.5]"
seed0_trained_l0_h_coordinate_current_transfer,up_to_four,current_ne_previous,2530,0.5,0.33648046157880934,0.5073976452292985,"[0.5, 0.5]"
seed0_trained_l0_h_coordinate_current_transfer,single,all,4979,0.5,0.34615889691398555,0.5411701597824404,"[0.5, 0.5]"
seed0_trained_l0_h_coordinate_current_transfer,single,current_ne_previous,2530,0.5,0.33648046157880934,0.5015866606746292,"[0.5, 0.5]"
seed0_trained_l0_h_coordinate_previous_iid,up_to_four,all,18617,0.5035746852374738,0.4731491591152548,0.5404163316593649,"[0.49699980133250704, 0.5108688279907513]"
seed0_trained_l0_h_coordinate_previous_iid,up_to_four,current_ne_previous,9976,0.4931133416294467,0.45714154695558334,0.4953398673264971,"[0.4847240844554426, 0.5011671680550265]"
seed0_trained_l0_h_coordinate_previous_iid,single,all,18617,0.5016286118001783,0.4721918660981983,0.5254741457501444,"[0.4946464592808612, 0.5100503818591914]"
seed0_trained_l0_h_coordinate_previous_iid,single,current_ne_previous,9976,0.4944120210039583,0.4587363242850365,0.48937462418284894,"[0.4858036504399477, 0.5025981926079715]"
seed0_trained_l0_h_coordinate_previous_transfer,up_to_four,all,4644,0.5,0.34202323604420515,0.5623649042766226,"[0.5, 0.5]"
seed0_trained_l0_h_coordinate_previous_transfer,up_to_four,current_ne_previous,2530,0.5,0.3301562086311888,0.4918848103726418,"[0.5, 0.5]"
seed0_trained_l0_h_coordinate_previous_transfer,single,all,4644,0.5,0.34202323604420515,0.5460331363013216,"[0.5, 0.5]"
seed0_trained_l0_h_coordinate_previous_transfer,single,current_ne_previous,2530,0.5,0.3301562086311888,0.4880814500397212,"[0.5, 0.5]"
seed0_trained_l0_h_coordinate_query_iid,up_to_four,all,20000,1.0,1.0,,"[1.0, 1.0]"
seed0_trained_l0_h_coordinate_query_iid,single,all,20000,0.8193501993940917,0.792126508139082,,"[0.8155782381864404, 0.8228813500556457]"
seed0_trained_l0_h_coordinate_state_iid,up_to_four,all,20000,0.07007657030100972,0.021181723752712524,,"[0.06809502879367436, 0.07199178642213083]"
seed0_trained_l0_h_coordinate_state_iid,single,all,20000,0.06835774123089618,0.02046779968794019,,"[0.06618700147020025, 0.07031892155641084]"
seed0_trained_l0_h_full_A_iid,full,all,20000,0.6208431894911642,0.6208332661433464,0.6680191777279317,"[0.6104591034794247, 0.6300954726761716]"
seed0_trained_l0_h_full_B_iid,full,all,20000,0.6144552836833503,0.6144693517604567,0.6542285713119259,"[0.6036883976355961, 0.623602440682882]"
seed0_trained_l0_h_full_C_iid,full,all,20000,0.6160639215770474,0.6144397162119473,0.6635080346338946,"[0.6066744772093491, 0.6259292888189387]"
seed0_trained_l0_h_full_D_iid,full,all,20000,0.6232448230691932,0.6232988059411768,0.6741690867440322,"[0.6125801256777513, 0.6325266394841371]"
seed0_trained_l0_h_full_current_iid,full,all,20000,0.597753800912629,0.5975609564888811,0.6381263174927813,"[0.5900204927540691, 0.6049675961962045]"
seed0_trained_l0_h_full_current_iid,full,current_ne_previous,9976,0.49691034088022407,0.49686335921122293,0.5017430278884463,"[0.4877153396316858, 0.5074129147935647]"
seed0_trained_l0_h_full_current_transfer,full,all,4979,0.5,0.3199945370117454,0.604831846646162,"[0.5, 0.5]"
seed0_trained_l0_h_full_current_transfer,full,current_ne_previous,2530,0.5,0.3301562086311888,0.500154072033207,"[0.5, 0.5]"
seed0_trained_l0_h_full_previous_iid,full,all,18617,0.5994276614590857,0.5994379901284812,0.6339140780893504,"[0.5917085707814518, 0.6067272507078778]"
seed0_trained_l0_h_full_previous_iid,full,current_ne_previous,9976,0.5016314885735509,0.5015987961593917,0.4989206611809421,"[0.49196587752722937, 0.5112027829230683]"
seed0_trained_l0_h_full_previous_transfer,full,all,4644,0.5,0.32441082339249344,0.5917649659497476,"[0.5, 0.5]"
seed0_trained_l0_h_full_previous_transfer,full,current_ne_previous,2530,0.5,0.33648046157880934,0.49899087506039436,"[0.5, 0.5]"
seed0_trained_l0_h_full_query_iid,full,all,20000,1.0,1.0,,"[1.0, 1.0]"
seed0_trained_l0_h_full_state_iid,full,all,20000,0.10975776854851917,0.03582562226748533,,"[0.10801908731783606, 0.11163291066698121]"
seed0_trained_l0_h_random_128_A_iid,up_to_four,all,20000,0.5292651420300285,0.5284656954858566,0.5276243852448821,"[0.5217370294849103, 0.5364352374389475]"
seed0_trained_l0_h_random_128_A_iid,single,all,20000,0.5122697208770939,0.4910643422024491,0.5217147998335183,"[0.5061402953358802, 0.5183966861273015]"
seed0_trained_l0_h_random_128_B_iid,up_to_four,all,20000,0.538354796830179,0.5243723226363836,0.5359440258942039,"[0.5308994967541701, 0.5454198021820625]"
seed0_trained_l0_h_random_128_B_iid,single,all,20000,0.5161571404304589,0.46665008601065877,0.517031305560283,"[0.5106206999778752, 0.5213360522798564]"
seed0_trained_l0_h_random_128_C_iid,up_to_four,all,20000,0.5352198678765561,0.5068455781939517,0.5687460335300708,"[0.5279361508116371, 0.5425745459115511]"
seed0_trained_l0_h_random_128_C_iid,single,all,20000,0.5,0.3347303994943951,0.5194591673343515,"[0.5, 0.5]"
seed0_trained_l0_h_random_128_D_iid,up_to_four,all,20000,0.5136897391924039,0.4987196800708307,0.5277557179034135,"[0.5065330849342915, 0.520384095167266]"
seed0_trained_l0_h_random_128_D_iid,single,all,20000,0.5136897391924039,0.4987196800708307,0.5277557179034135,"[0.5065330849342915, 0.520384095167266]"
seed0_trained_l0_h_random_128_current_iid,up_to_four,all,20000,0.5076308893648749,0.4833788910460146,0.5162289209161647,"[0.500014563822758, 0.5148480149443112]"
seed0_trained_l0_h_random_128_current_iid,up_to_four,current_ne_previous,9976,0.5063309313191142,0.4790066377456128,0.5042535668464158,"[0.4981693651493585, 0.5150702362587563]"
seed0_trained_l0_h_random_128_current_iid,single,all,20000,0.5050502688950324,0.47601133035803445,0.5068279633859508,"[0.4980298026637935, 0.511907830234161]"
seed0_trained_l0_h_random_128_current_iid,single,current_ne_previous,9976,0.5096883651833344,0.4762705591912643,0.5060215152304423,"[0.5016332859309687, 0.5184350464974116]"
seed0_trained_l0_h_random_128_current_transfer,up_to_four,all,4979,0.5,0.34615889691398555,0.5539632469947288,"[0.5, 0.5]"
seed0_trained_l0_h_random_128_current_transfer,up_to_four,current_ne_previous,2530,0.5,0.33648046157880934,0.49901775172338786,"[0.5, 0.5]"
seed0_trained_l0_h_random_128_current_transfer,single,all,4979,0.5,0.34615889691398555,0.5526371777360257,"[0.5, 0.5]"
seed0_trained_l0_h_random_128_current_transfer,single,current_ne_previous,2530,0.5,0.33648046157880934,0.5041505693164765,"[0.5, 0.5]"
seed0_trained_l0_h_random_128_previous_iid,up_to_four,all,18617,0.5153562035500324,0.5149361700841029,0.5160077545024924,"[0.5074195934018307, 0.5241072404623618]"
seed0_trained_l0_h_random_128_previous_iid,up_to_four,current_ne_previous,9976,0.49425671004440674,0.4932110259998352,0.48839838386566725,"[0.48482685488457183, 0.5034665354964435]"
seed0_trained_l0_h_random_128_previous_iid,single,all,18617,0.5016032199498883,0.47249344726008,0.5140266128299397,"[0.49369796390900156, 0.5090882002396186]"
seed0_trained_l0_h_random_128_previous_iid,single,current_ne_previous,9976,0.4954054645019599,0.46021036311071617,0.4916806542996698,"[0.48692099168477027, 0.5031683754110907]"
seed0_trained_l0_h_random_128_previous_transfer,up_to_four,all,4644,0.5841234428464748,0.5756591797191843,0.6126710407525607,"[0.5699313205012034, 0.5980737538405064]"
seed0_trained_l0_h_random_128_previous_transfer,up_to_four,current_ne_previous,2530,0.49834333499385275,0.4882559339525284,0.49315988926814847,"[0.47874567252579237, 0.516875126534823]"
seed0_trained_l0_h_random_128_previous_transfer,single,all,4644,0.5,0.34202323604420515,0.5423293121960462,"[0.5, 0.5]"
seed0_trained_l0_h_random_128_previous_transfer,single,current_ne_previous,2530,0.5,0.3301562086311888,0.49584943068352355,"[0.5, 0.5]"
seed0_trained_l0_h_random_128_query_iid,up_to_four,all,20000,1.0,1.0,,"[1.0, 1.0]"
seed0_trained_l0_h_random_128_query_iid,single,all,20000,0.9990968067081984,0.9990980063572061,,"[0.9986418945261631, 0.9995006501871089]"
seed0_trained_l0_h_random_128_state_iid,up_to_four,all,20000,0.07161265053651228,0.02145014265622945,,"[0.06993958186975409, 0.07329779927843326]"
seed0_trained_l0_h_random_128_state_iid,single,all,20000,0.06318334025268678,0.013457118003499361,,"[0.06262864274469648, 0.06373396096781428]"
seed0_trained_l0_h_random_A_iid,up_to_four,all,20000,0.5224137940872333,0.5179725196992881,0.5381736111467733,"[0.5153815740590155, 0.5299713717700807]"
seed0_trained_l0_h_random_A_iid,single,all,20000,0.5019474167203902,0.4974969147631606,0.5122082016947461,"[0.49537361506105854, 0.5090570395148012]"
seed0_trained_l0_h_random_B_iid,up_to_four,all,20000,0.5745576070627891,0.5745658318826046,0.5989159555884369,"[0.5655643572523043, 0.5832155544907835]"
seed0_trained_l0_h_random_B_iid,single,all,20000,0.5089264486519519,0.48499825844046374,0.5193265631406568,"[0.5022382076897103, 0.5153138782221309]"
seed0_trained_l0_h_random_C_iid,up_to_four,all,20000,0.5315217210971104,0.48523107177974434,0.5477672608825844,"[0.5256955954720247, 0.537658651152109]"
seed0_trained_l0_h_random_C_iid,single,all,20000,0.5112378510303074,0.46536721509222345,0.5305643080973884,"[0.505287304825577, 0.5173314361981876]"
seed0_trained_l0_h_random_D_iid,up_to_four,all,20000,0.5206266534391535,0.5183614578909879,0.5320720632709641,"[0.5136664266831587, 0.5278452234429881]"
seed0_trained_l0_h_random_D_iid,single,all,20000,0.5109585204667568,0.49419596431801915,0.5244845779949038,"[0.5046999256033983, 0.5180795225152113]"
seed0_trained_l0_h_random_current_iid,up_to_four,all,20000,0.527218496109413,0.4732020672430245,0.5409611748368567,"[0.5213336933725757, 0.5331926031098423]"
seed0_trained_l0_h_random_current_iid,up_to_four,current_ne_previous,9976,0.5036721556067899,0.4450753792231877,0.5057065523217863,"[0.49610671051693317, 0.5111117993654151]"
seed0_trained_l0_h_random_current_iid,single,all,20000,0.5090662399020243,0.48477353121093647,0.5226378667521989,"[0.5022939407889159, 0.51622874410452]"
seed0_trained_l0_h_random_current_iid,single,current_ne_previous,9976,0.49922135509616095,0.4756060158630228,0.49863439703655116,"[0.4905018705151693, 0.5082915435650458]"
seed0_trained_l0_h_random_current_transfer,up_to_four,all,4979,0.5,0.3199945370117454,0.5594514574456441,"[0.5, 0.5]"
seed0_trained_l0_h_random_current_transfer,up_to_four,current_ne_previous,2530,0.5,0.3301562086311888,0.49668635746836837,"[0.5, 0.5]"
seed0_trained_l0_h_random_current_transfer,single,all,4979,0.5,0.3199945370117454,0.565111133994846,"[0.5, 0.5]"
seed0_trained_l0_h_random_current_transfer,single,current_ne_previous,2530,0.5,0.3301562086311888,0.49354116285945193,"[0.5, 0.5]"
seed0_trained_l0_h_random_previous_iid,up_to_four,all,18617,0.508528642157238,0.49687473808326477,0.5265952900484847,"[0.5014588756216767, 0.516573056787778]"
seed0_trained_l0_h_random_previous_iid,up_to_four,current_ne_previous,9976,0.4976605281858844,0.48278370108522417,0.5001737199708028,"[0.4883798087376206, 0.5067644045475744]"
seed0_trained_l0_h_random_previous_iid,single,all,18617,0.5045469887216999,0.48021107698362764,0.5279830430013698,"[0.4973789538369887, 0.5124882488287217]"
seed0_trained_l0_h_random_previous_iid,single,current_ne_previous,9976,0.49727401933830456,0.46810401482291786,0.5008053741450662,"[0.48922760215373295, 0.5059925595349754]"
seed0_trained_l0_h_random_previous_transfer,up_to_four,all,4644,0.512776925334651,0.40837867772163056,0.5563995155315963,"[0.5056243586391087, 0.5202099224084674]"
seed0_trained_l0_h_random_previous_transfer,up_to_four,current_ne_previous,2530,0.5001453214917673,0.38585897817129194,0.4989739990161891,"[0.49070891980644743, 0.5097058495030099]"
seed0_trained_l0_h_random_previous_transfer,single,all,4644,0.5,0.32441082339249344,0.5691950171087193,"[0.5, 0.5]"
seed0_trained_l0_h_random_previous_transfer,single,current_ne_previous,2530,0.5,0.33648046157880934,0.5064588371405481,"[0.5, 0.5]"
seed0_trained_l0_h_random_query_iid,up_to_four,all,20000,1.0,1.0,,"[1.0, 1.0]"
seed0_trained_l0_h_random_query_iid,single,all,20000,0.9659431886377275,0.9657245068965086,,"[0.9627808484461788, 0.96889929977789]"
seed0_trained_l0_h_random_state_iid,up_to_four,all,20000,0.07391551307141066,0.022166777538899507,,"[0.0716597425115048, 0.07622970128927226]"
seed0_trained_l0_h_random_state_iid,single,all,20000,0.06682780807542106,0.019870543859454932,,"[0.06497384502728423, 0.06873457807772775]"
seed0_trained_l0_h_shuffled_A_iid,full,all,20000,0.5,0.3260774337028675,0.490662953753021,"[0.5, 0.5]"
seed0_trained_l0_h_shuffled_B_iid,full,all,20000,0.5057792500549549,0.4501292257139726,0.5273551015837097,"[0.49994127448442743, 0.511090055855154]"
seed0_trained_l0_h_shuffled_C_iid,full,all,20000,0.4998359034870094,0.3395066176888998,0.5053939290850454,"[0.4988092036704178, 0.5009893154707565]"
seed0_trained_l0_h_shuffled_D_iid,full,all,20000,0.4957310187748657,0.43460605017928516,0.49354934426397606,"[0.4904460985656624, 0.5007501541624577]"
seed0_trained_l0_h_shuffled_current_iid,full,all,20000,0.49468903487308513,0.3783667384863828,0.4882488431204378,"[0.4909699521712845, 0.4983932472176051]"
seed0_trained_l0_h_shuffled_current_iid,full,current_ne_previous,9976,0.49573345037927385,0.3716504529661653,0.5069116190604812,"[0.4905775469137055, 0.5005463058776204]"
seed0_trained_l0_h_shuffled_current_transfer,full,all,4979,0.5,0.3199945370117454,0.5415660376014305,"[0.5, 0.5]"
seed0_trained_l0_h_shuffled_current_transfer,full,current_ne_previous,2530,0.5,0.3301562086311888,0.5059744321679904,"[0.5, 0.5]"
seed0_trained_l0_h_shuffled_previous_iid,full,all,18617,0.5,0.33839155620313444,0.4877272146248744,"[0.5, 0.5]"
seed0_trained_l0_h_shuffled_previous_iid,full,current_ne_previous,9976,0.5,0.331904634342352,0.491894930367312,"[0.5, 0.5]"
seed0_trained_l0_h_shuffled_previous_transfer,full,all,4644,0.5,0.34202323604420515,0.4747091889241012,"[0.5, 0.5]"
seed0_trained_l0_h_shuffled_previous_transfer,full,current_ne_previous,2530,0.5,0.3301562086311888,0.4958800575785627,"[0.5, 0.5]"
seed0_trained_l0_h_shuffled_query_iid,full,all,20000,0.2954346196230365,0.29560683191692805,,"[0.28831730712437154, 0.3022575763684571]"
seed0_trained_l0_h_shuffled_state_iid,full,all,20000,0.0625,0.011161832339146669,,"[0.0625, 0.0625]"
seed0_trained_l0_m_coordinate_128_A_iid,up_to_four,all,20000,0.5231063416151437,0.5229669602555457,0.5343148753663209,"[0.5149656035946244, 0.5311814003891132]"
seed0_trained_l0_m_coordinate_128_A_iid,single,all,20000,0.5077261105739006,0.49920136073014665,0.5144228722383776,"[0.5010471875602616, 0.514519619152359]"
seed0_trained_l0_m_coordinate_128_B_iid,up_to_four,all,20000,0.5309675856555948,0.5285724094200703,0.5421475453772163,"[0.5226347036109728, 0.539569203348387]"
seed0_trained_l0_m_coordinate_128_B_iid,single,all,20000,0.5094519823868949,0.48579010491374586,0.5131476242673148,"[0.5034432489929223, 0.5158056893047112]"
seed0_trained_l0_m_coordinate_128_C_iid,up_to_four,all,20000,0.5155940989297866,0.4107572800625008,0.5322157936448497,"[0.5117206635682587, 0.5195510093381471]"
seed0_trained_l0_m_coordinate_128_C_iid,single,all,20000,0.5001515810162506,0.33515514476611896,0.5191633255923928,"[0.49994252051518334, 0.5004508143266795]"
seed0_trained_l0_m_coordinate_128_D_iid,up_to_four,all,20000,0.5304252030269472,0.5297912165381451,0.5412158261203652,"[0.5223085540128617, 0.5384348785609482]"
seed0_trained_l0_m_coordinate_128_D_iid,single,all,20000,0.5119920801546286,0.5014684907555347,0.5251342177630635,"[0.5044861292933144, 0.5199239993453625]"
seed0_trained_l0_m_coordinate_128_current_iid,up_to_four,all,20000,0.516240750728284,0.508141076573049,0.5229627662368275,"[0.5089235480825888, 0.5238387660687734]"
seed0_trained_l0_m_coordinate_128_current_iid,up_to_four,current_ne_previous,9976,0.49859721726491935,0.49104584484776637,0.4985702870519536,"[0.48919015405399824, 0.5086831304361706]"
seed0_trained_l0_m_coordinate_128_current_iid,single,all,20000,0.5103154360352651,0.46789542278489715,0.5212187897129394,"[0.5045741928298965, 0.5163868761022752]"
seed0_trained_l0_m_coordinate_128_current_iid,single,current_ne_previous,9976,0.4966339645453698,0.456426867408146,0.4987247539302033,"[0.4890105702702541, 0.5044433769353384]"
seed0_trained_l0_m_coordinate_128_current_transfer,up_to_four,all,4979,0.5063588178262568,0.4601284697220921,0.5301856432196896,"[0.49494756346079954, 0.5176678341094796]"
seed0_trained_l0_m_coordinate_128_current_transfer,up_to_four,current_ne_previous,2530,0.4960413175565238,0.4461167971101746,0.5086158456054468,"[0.4809484422693929, 0.5108578794402989]"
seed0_trained_l0_m_coordinate_128_current_transfer,single,all,4979,0.5,0.34615889691398555,0.5298980853438098,"[0.5, 0.5]"
seed0_trained_l0_m_coordinate_128_current_transfer,single,current_ne_previous,2530,0.5,0.33648046157880934,0.5009344328180306,"[0.5, 0.5]"
seed0_trained_l0_m_coordinate_128_previous_iid,up_to_four,all,18617,0.5301442832137007,0.5261572887711572,0.5540843639895758,"[0.5221152941708573, 0.5382146906832551]"
seed0_trained_l0_m_coordinate_128_previous_iid,up_to_four,current_ne_previous,9976,0.49241018171060713,0.48714905756402593,0.49141906948477276,"[0.4828230915745673, 0.5018866947039593]"
seed0_trained_l0_m_coordinate_128_previous_iid,single,all,18617,0.5006437394077937,0.46900982674396774,0.516733073456579,"[0.4935698114479749, 0.5079705526863956]"
seed0_trained_l0_m_coordinate_128_previous_iid,single,current_ne_previous,9976,0.4948695934582895,0.456553060819108,0.4894622478608568,"[0.48613977854330126, 0.5027261232722897]"
seed0_trained_l0_m_coordinate_128_previous_transfer,up_to_four,all,4644,0.5,0.32441082339249344,0.5326412444596357,"[0.5, 0.5]"
seed0_trained_l0_m_coordinate_128_previous_transfer,up_to_four,current_ne_previous,2530,0.5,0.33648046157880934,0.49451872334600705,"[0.5, 0.5]"
seed0_trained_l0_m_coordinate_128_previous_transfer,single,all,4644,0.5,0.34202323604420515,0.5141079131077683,"[0.5, 0.5]"
seed0_trained_l0_m_coordinate_128_previous_transfer,single,current_ne_previous,2530,0.5,0.3301562086311888,0.4910122563833637,"[0.5, 0.5]"
seed0_trained_l0_m_coordinate_128_query_iid,up_to_four,all,20000,1.0,1.0,,"[1.0, 1.0]"
seed0_trained_l0_m_coordinate_128_query_iid,single,all,20000,0.841321243523316,0.8234221154884764,,"[0.8372991166256807, 0.845335713637349]"
seed0_trained_l0_m_coordinate_128_state_iid,up_to_four,all,20000,0.07791616665005806,0.0235126351566771,,"[0.07568903833698398, 0.08008261332354899]"
seed0_trained_l0_m_coordinate_128_state_iid,single,all,20000,0.06721594647504116,0.020013135906004585,,"[0.06534545722462708, 0.0691065370215678]"
seed0_trained_l0_m_coordinate_A_iid,up_to_four,all,20000,0.5406946463175566,0.5406835282690019,0.5539863984696594,"[0.5319011480883225, 0.5489605041940895]"
seed0_trained_l0_m_coordinate_A_iid,single,all,20000,0.5113987522041872,0.44801881098689156,0.5255673841962581,"[0.5061126354957876, 0.5171946295727153]"
seed0_trained_l0_m_coordinate_B_iid,up_to_four,all,20000,0.5230327667281831,0.5025568805781351,0.5447174573741309,"[0.5156087606834827, 0.5309146593376481]"
seed0_trained_l0_m_coordinate_B_iid,single,all,20000,0.5142457666316418,0.5060863437278497,0.5265640542370027,"[0.5067481578761179, 0.5212220177523942]"
seed0_trained_l0_m_coordinate_C_iid,up_to_four,all,20000,0.5316430009107062,0.51587047462724,0.5498005715846862,"[0.5235279776454642, 0.5392368699531479]"
seed0_trained_l0_m_coordinate_C_iid,single,all,20000,0.5110264526399053,0.43891803106595695,0.5203301419033322,"[0.5053114089708701, 0.5163211371644136]"
seed0_trained_l0_m_coordinate_D_iid,up_to_four,all,20000,0.531946783612239,0.5282918187445305,0.535573214670235,"[0.522757413494038, 0.5410233430911157]"
seed0_trained_l0_m_coordinate_D_iid,single,all,20000,0.5127694529039006,0.5070791794974436,0.5226044318257557,"[0.5037962483055041, 0.5205377883169718]"
seed0_trained_l0_m_coordinate_current_iid,up_to_four,all,20000,0.5154119032490309,0.4889213347188756,0.5193349471785879,"[0.5085431828693695, 0.5220215488681886]"
seed0_trained_l0_m_coordinate_current_iid,up_to_four,current_ne_previous,9976,0.5033794603667654,0.4740918857671003,0.5055735492252138,"[0.49421179335235377, 0.5122265188931958]"
seed0_trained_l0_m_coordinate_current_iid,single,all,20000,0.5154119032490309,0.4889213347188756,0.5193349471785879,"[0.5085431828693695, 0.5220215488681886]"
seed0_trained_l0_m_coordinate_current_iid,single,current_ne_previous,9976,0.5033794603667654,0.4740918857671003,0.5055735492252138,"[0.49421179335235377, 0.5122265188931958]"
seed0_trained_l0_m_coordinate_current_transfer,up_to_four,all,4979,0.5,0.34615889691398555,0.6045030008995899,"[0.5, 0.5]"
seed0_trained_l0_m_coordinate_current_transfer,up_to_four,current_ne_previous,2530,0.5,0.33648046157880934,0.5135105234636393,"[0.5, 0.5]"
seed0_trained_l0_m_coordinate_current_transfer,single,all,4979,0.5129868973347141,0.4807153144229648,0.5192956839764851,"[0.49964668059993256, 0.5271405497472427]"
seed0_trained_l0_m_coordinate_current_transfer,single,current_ne_previous,2530,0.5031108174818317,0.47659524013950044,0.5065125904665351,"[0.4841602855772266, 0.5194166229854876]"
seed0_trained_l0_m_coordinate_previous_iid,up_to_four,all,18617,0.5169995031326431,0.4973799368240449,0.5413326668405645,"[0.5094786022021668, 0.524780943783399]"
seed0_trained_l0_m_coordinate_previous_iid,up_to_four,current_ne_previous,9976,0.4987055812263456,0.47617087173795314,0.49829005205971916,"[0.4890521902592753, 0.5080944914720245]"
seed0_trained_l0_m_coordinate_previous_iid,single,all,18617,0.5033930278528621,0.49742507006082765,0.5166608412057884,"[0.4951019562144074, 0.5110009011756731]"
seed0_trained_l0_m_coordinate_previous_iid,single,current_ne_previous,9976,0.4919592011293004,0.48393401406220404,0.49852760065468554,"[0.48347905374612443, 0.5014234338742674]"
seed0_trained_l0_m_coordinate_previous_transfer,up_to_four,all,4644,0.5,0.32441082339249344,0.5252883961643775,"[0.5, 0.5]"
seed0_trained_l0_m_coordinate_previous_transfer,up_to_four,current_ne_previous,2530,0.5,0.33648046157880934,0.5048343616261256,"[0.5, 0.5]"
seed0_trained_l0_m_coordinate_previous_transfer,single,all,4644,0.5058849536151225,0.5057519876466483,0.5107474708445875,"[0.49073279127477576, 0.5203128537782651]"
seed0_trained_l0_m_coordinate_previous_transfer,single,current_ne_previous,2530,0.48858023090178704,0.48852955880514937,0.49348740953346487,"[0.46806070875250666, 0.5079717097033374]"
seed0_trained_l0_m_coordinate_query_iid,up_to_four,all,20000,1.0,1.0,,"[1.0, 1.0]"
seed0_trained_l0_m_coordinate_query_iid,single,all,20000,0.841321243523316,0.8234221154884764,,"[0.8373098994978392, 0.845273882258811]"
seed0_trained_l0_m_coordinate_state_iid,up_to_four,all,20000,0.07004370472462541,0.02100449172891617,,"[0.06799350694697051, 0.07209506349365244]"
seed0_trained_l0_m_coordinate_state_iid,single,all,20000,0.07007969455950552,0.021028881423100127,,"[0.06824756616880585, 0.07197164474119655]"
seed0_trained_l0_m_full_A_iid,full,all,20000,0.6191220788736681,0.6191037567447155,0.6670950836298002,"[0.6089920531661829, 0.6289931705507799]"
seed0_trained_l0_m_full_B_iid,full,all,20000,0.6132494779484764,0.6132619351978215,0.6531968361188089,"[0.6031246231606111, 0.6227122406272433]"
seed0_trained_l0_m_full_C_iid,full,all,20000,0.615761389569552,0.614115354674792,0.6627118730342407,"[0.606492333942181, 0.625336270915873]"
seed0_trained_l0_m_full_D_iid,full,all,20000,0.6231299475001025,0.623183305974772,0.6732569114397482,"[0.6131442804718132, 0.6322357406469371]"
seed0_trained_l0_m_full_current_iid,full,all,20000,0.5980511675604213,0.597857249965594,0.6373884254556099,"[0.5908188877347946, 0.6055024057678731]"
seed0_trained_l0_m_full_current_iid,full,current_ne_previous,9976,0.4975182401949908,0.497480614600025,0.5021671184511349,"[0.48804614414679454, 0.507270009779709]"
seed0_trained_l0_m_full_current_transfer,full,all,4979,0.5,0.3199945370117454,0.5977387523744574,"[0.5, 0.5]"
seed0_trained_l0_m_full_current_transfer,full,current_ne_previous,2530,0.5,0.3301562086311888,0.5001603224199498,"[0.5, 0.5]"
seed0_trained_l0_m_full_previous_iid,full,all,18617,0.5991732464352394,0.5991786940973307,0.6328969376089099,"[0.5915042818389121, 0.606543019002142]"
seed0_trained_l0_m_full_previous_iid,full,current_ne_previous,9976,0.5012343684181756,0.5012062913176322,0.49855006929505546,"[0.49127462549315604, 0.5110749052476115]"
seed0_trained_l0_m_full_previous_transfer,full,all,4644,0.5,0.32441082339249344,0.5869332852827861,"[0.5, 0.5]"
seed0_trained_l0_m_full_previous_transfer,full,current_ne_previous,2530,0.5,0.33648046157880934,0.49870960765697375,"[0.5, 0.5]"
seed0_trained_l0_m_full_query_iid,full,all,20000,1.0,1.0,,"[1.0, 1.0]"
seed0_trained_l0_m_full_state_iid,full,all,20000,0.10937780386294677,0.035110178068873885,,"[0.10771025596634486, 0.11100707285081644]"
seed0_trained_l0_m_random_128_A_iid,up_to_four,all,20000,0.5302650602346922,0.5200887838849347,0.5490041405297733,"[0.5232742512257863, 0.536921191063905]"
seed0_trained_l0_m_random_128_A_iid,single,all,20000,0.5069029017283442,0.4990791985239492,0.5201262925597647,"[0.4998751083067787, 0.5139517258716557]"
seed0_trained_l0_m_random_128_B_iid,up_to_four,all,20000,0.5713543328555366,0.5705139987965795,0.5994889994942388,"[0.5623516770724588, 0.5799688982363784]"
seed0_trained_l0_m_random_128_B_iid,single,all,20000,0.5112078574377873,0.48433399603224514,0.5252660649618934,"[0.5045383573708274, 0.5180208186284943]"
seed0_trained_l0_m_random_128_C_iid,up_to_four,all,20000,0.5545243890730023,0.5298012969109218,0.5733348956620088,"[0.5470714747376947, 0.5617463121836573]"
seed0_trained_l0_m_random_128_C_iid,single,all,20000,0.5031709908566271,0.40894333896242163,0.5226846153523833,"[0.49816997038630967, 0.5078376056406452]"
seed0_trained_l0_m_random_128_D_iid,up_to_four,all,20000,0.5597699027931586,0.535352601897708,0.5752551335120073,"[0.5530594875717126, 0.5669275465956753]"
seed0_trained_l0_m_random_128_D_iid,single,all,20000,0.5597699027931586,0.535352601897708,0.5752551335120073,"[0.5530594875717126, 0.5669275465956753]"
seed0_trained_l0_m_random_128_current_iid,up_to_four,all,20000,0.5414054633475189,0.5293241961207125,0.5530092079574482,"[0.5342633011053675, 0.5484607667660047]"
seed0_trained_l0_m_random_128_current_iid,up_to_four,current_ne_previous,9976,0.4905306136229899,0.47960417329330557,0.49276923781870097,"[0.48120498757605096, 0.499757971544095]"
seed0_trained_l0_m_random_128_current_iid,single,all,20000,0.5,0.33967247754886426,0.5546931646985276,"[0.5, 0.5]"
seed0_trained_l0_m_random_128_current_iid,single,current_ne_previous,9976,0.5,0.3347559349159776,0.49731626359774783,"[0.5, 0.5]"
seed0_trained_l0_m_random_128_current_transfer,up_to_four,all,4979,0.5,0.34615889691398555,0.5599292633531451,"[0.5, 0.5]"
seed0_trained_l0_m_random_128_current_transfer,up_to_four,current_ne_previous,2530,0.5,0.33648046157880934,0.5073976452292985,"[0.5, 0.5]"
seed0_trained_l0_m_random_128_current_transfer,single,all,4979,0.5,0.34615889691398555,0.5582690052116627,"[0.5, 0.5]"
seed0_trained_l0_m_random_128_current_transfer,single,current_ne_previous,2530,0.5,0.33648046157880934,0.5072095085883439,"[0.5, 0.5]"
seed0_trained_l0_m_random_128_previous_iid,up_to_four,all,18617,0.5080176181797796,0.5065491779243814,0.519186273759249,"[0.49884315809196983, 0.5157790534728885]"
seed0_trained_l0_m_random_128_previous_iid,up_to_four,current_ne_previous,9976,0.4918811437060475,0.4896763579987106,0.4946402847046037,"[0.48265239206470156, 0.5018629643555328]"
seed0_trained_l0_m_random_128_previous_iid,single,all,18617,0.5021899575982658,0.4794409157412187,0.5102924519924866,"[0.49496738199372603, 0.5095829011573222]"
seed0_trained_l0_m_random_128_previous_iid,single,current_ne_previous,9976,0.5010851669994759,0.4759666387011514,0.49465805060629153,"[0.49226505653798275, 0.5107396381571118]"
seed0_trained_l0_m_random_128_previous_transfer,up_to_four,all,4644,0.5,0.34202323604420515,0.5632940879250709,"[0.5, 0.5]"
seed0_trained_l0_m_random_128_previous_transfer,up_to_four,current_ne_previous,2530,0.5,0.3301562086311888,0.4920529457760199,"[0.5, 0.5]"
seed0_trained_l0_m_random_128_previous_transfer,single,all,4644,0.5,0.34202323604420515,0.5477899844331088,"[0.5, 0.5]"
seed0_trained_l0_m_random_128_previous_transfer,single,current_ne_previous,2530,0.5,0.3301562086311888,0.4927904914116561,"[0.5, 0.5]"
seed0_trained_l0_m_random_128_query_iid,up_to_four,all,20000,1.0,1.0,,"[1.0, 1.0]"
seed0_trained_l0_m_random_128_query_iid,single,all,20000,0.9694932908462921,0.9693795642110086,,"[0.9670232025432388, 0.9718350705366504]"
seed0_trained_l0_m_random_128_state_iid,up_to_four,all,20000,0.07925722417828755,0.024061433597014875,,"[0.07719131573316443, 0.08125318517706874]"
seed0_trained_l0_m_random_128_state_iid,single,all,20000,0.0658517207442,0.019141971221961457,,"[0.06409519111731034, 0.06759917544236575]"
seed0_trained_l0_m_random_A_iid,up_to_four,all,20000,0.5541689889644967,0.5531345744330427,0.5737795484651181,"[0.546616032563878, 0.5617605606171605]"
seed0_trained_l0_m_random_A_iid,single,all,20000,0.5106190037003706,0.5086337531224165,0.5251598039718858,"[0.5042789336238082, 0.517011679534808]"
seed0_trained_l0_m_random_B_iid,up_to_four,all,20000,0.5645362430958156,0.5644614563779258,0.5874113997352879,"[0.5561667886317543, 0.5722347493547763]"
seed0_trained_l0_m_random_B_iid,single,all,20000,0.5115094889858856,0.5043644824421118,0.5176173277077876,"[0.5047960365135391, 0.5180073026230014]"
seed0_trained_l0_m_random_C_iid,up_to_four,all,20000,0.5437281555704946,0.5342045069562762,0.5752580519920836,"[0.5352559793520528, 0.5512423571376609]"
seed0_trained_l0_m_random_C_iid,single,all,20000,0.5041364141742786,0.3705709472793284,0.5157293792990644,"[0.501258552839897, 0.5068413224567402]"
seed0_trained_l0_m_random_D_iid,up_to_four,all,20000,0.511474098683401,0.3858546147408964,0.5402934069434191,"[0.5079008130031787, 0.5149825126171524]"
seed0_trained_l0_m_random_D_iid,single,all,20000,0.5149931042615151,0.492326979261163,0.5228626615307514,"[0.5079778783727087, 0.52157785260792]"
seed0_trained_l0_m_random_current_iid,up_to_four,all,20000,0.5059336415996885,0.4928831705819355,0.5192351644147722,"[0.4980673579085574, 0.5136429074633877]"
seed0_trained_l0_m_random_current_iid,up_to_four,current_ne_previous,9976,0.49363225065838345,0.47723469590947676,0.49626333246513543,"[0.4844928548247461, 0.5028865153318887]"
seed0_trained_l0_m_random_current_iid,single,all,20000,0.5020549044199221,0.44592589363471313,0.5142240980358749,"[0.49583072065477074, 0.5080105611772607]"
seed0_trained_l0_m_random_current_iid,single,current_ne_previous,9976,0.4966933717912852,0.43042071581816393,0.5015410110968556,"[0.4893462761453677, 0.5037344740929064]"
seed0_trained_l0_m_random_current_transfer,up_to_four,all,4979,0.5,0.34615889691398555,0.566891207917945,"[0.5, 0.5]"
seed0_trained_l0_m_random_current_transfer,up_to_four,current_ne_previous,2530,0.5,0.33648046157880934,0.5069469923451514,"[0.5, 0.5]"
seed0_trained_l0_m_random_current_transfer,single,all,4979,0.5,0.34615889691398555,0.5582690052116627,"[0.5, 0.5]"
seed0_trained_l0_m_random_current_transfer,single,current_ne_previous,2530,0.5,0.33648046157880934,0.5072095085883439,"[0.5, 0.5]"
seed0_trained_l0_m_random_previous_iid,up_to_four,all,18617,0.5183813209281616,0.5179197524043165,0.5181585793219349,"[0.510353856505048, 0.5267897244826948]"
seed0_trained_l0_m_random_previous_iid,up_to_four,current_ne_previous,9976,0.4910488795423632,0.4899984176068072,0.49001371431143864,"[0.4813753102424548, 0.5008035329338418]"
seed0_trained_l0_m_random_previous_iid,single,all,18617,0.5069607560235785,0.5038117636465093,0.515471338674744,"[0.49822760688558904, 0.5150569757268532]"
seed0_trained_l0_m_random_previous_iid,single,current_ne_previous,9976,0.491873587168678,0.4871698097650412,0.4909878645225394,"[0.4816813335464562, 0.5019263039179118]"
seed0_trained_l0_m_random_previous_transfer,up_to_four,all,4644,0.5,0.34202323604420515,0.5465685964905763,"[0.5, 0.5]"
seed0_trained_l0_m_random_previous_transfer,up_to_four,current_ne_previous,2530,0.5,0.3301562086311888,0.4874057832328375,"[0.5, 0.5]"
seed0_trained_l0_m_random_previous_transfer,single,all,4644,0.5,0.34202323604420515,0.5477899844331088,"[0.5, 0.5]"
seed0_trained_l0_m_random_previous_transfer,single,current_ne_previous,2530,0.5,0.3301562086311888,0.4927904914116561,"[0.5, 0.5]"
seed0_trained_l0_m_random_query_iid,up_to_four,all,20000,1.0,1.0,,"[1.0, 1.0]"
seed0_trained_l0_m_random_query_iid,single,all,20000,0.9694932908462921,0.9693795642110086,,"[0.9670968602798256, 0.9718438541111786]"
seed0_trained_l0_m_random_state_iid,up_to_four,all,20000,0.08843708684724502,0.02666922121374363,,"[0.08632460948264378, 0.09060730299900215]"
seed0_trained_l0_m_random_state_iid,single,all,20000,0.0698467952898192,0.020728720837010172,,"[0.06821363711475213, 0.0717916837175138]"
seed0_trained_l0_m_shuffled_A_iid,full,all,20000,0.5312279998599739,0.5100523591402191,0.5641213721863884,"[0.5240199058442875, 0.5384932127330144]"
seed0_trained_l0_m_shuffled_B_iid,full,all,20000,0.5252372666738285,0.46082520667392834,0.5510423839555071,"[0.5201153868071406, 0.5306250225091582]"
seed0_trained_l0_m_shuffled_C_iid,full,all,20000,0.5014661231904294,0.3389374993561513,0.6290782381152707,"[0.5007528617896265, 0.5022432114468759]"
seed0_trained_l0_m_shuffled_D_iid,full,all,20000,0.5264670427279439,0.4730288315694494,0.576479461546004,"[0.5203892244047671, 0.5320689879960175]"
seed0_trained_l0_m_shuffled_current_iid,full,all,20000,0.4991659482040784,0.3420935894281532,0.4700747387913431,"[0.49831501187486776, 0.49993714006422385]"
seed0_trained_l0_m_shuffled_current_iid,full,current_ne_previous,9976,0.49912673760165155,0.3375568749536829,0.4986410291039233,"[0.4980345173931251, 0.5002411961809493]"
seed0_trained_l0_m_shuffled_current_transfer,full,all,4979,0.5,0.34615889691398555,0.46885631626703245,"[0.5, 0.5]"
seed0_trained_l0_m_shuffled_current_transfer,full,current_ne_previous,2530,0.5,0.33648046157880934,0.4942243301304268,"[0.5, 0.5]"
seed0_trained_l0_m_shuffled_previous_iid,full,all,18617,0.5019943976271379,0.35520582342810575,0.5055872231996756,"[0.4999696041516801, 0.5038845626821432]"
seed0_trained_l0_m_shuffled_previous_iid,full,current_ne_previous,9976,0.5010042959718832,0.34638810898903094,0.4872075459260617,"[0.4986448547592351, 0.5035421064567376]"
seed0_trained_l0_m_shuffled_previous_transfer,full,all,4644,0.5,0.34202323604420515,0.5101461578757696,"[0.5, 0.5]"
seed0_trained_l0_m_shuffled_previous_transfer,full,current_ne_previous,2530,0.5,0.3301562086311888,0.49953903397772736,"[0.5, 0.5]"
seed0_trained_l0_m_shuffled_query_iid,full,all,20000,0.18433713418781966,0.21356624579259714,,"[0.1787573431401173, 0.19002717068898364]"
seed0_trained_l0_m_shuffled_state_iid,full,all,20000,0.0625,0.011161832339146669,,"[0.0625, 0.0625]"
seed0_trained_l0_u_full_A_iid,full,all,20000,0.6264166392155271,0.626426994880911,0.673474158855192,"[0.6159169606458226, 0.6367898719804866]"
seed0_trained_l0_u_full_B_iid,full,all,20000,0.617829026144763,0.6176810250007825,0.6609964691977994,"[0.6082753556801263, 0.6281163314841329]"
seed0_trained_l0_u_full_C_iid,full,all,20000,0.6201301479655728,0.6186519152242755,0.6700171729815957,"[0.6103799717000855, 0.6302648033775708]"
seed0_trained_l0_u_full_D_iid,full,all,20000,0.6303139163180345,0.6303753654470565,0.6807000011695838,"[0.6206238889933998, 0.6409134945277362]"
seed0_trained_l0_u_full_current_iid,full,all,20000,0.6039869709531873,0.6037634939828953,0.6438269458219426,"[0.5966539878380133, 0.6106830745800336]"
seed0_trained_l0_u_full_current_iid,full,current_ne_previous,9976,0.499222319760506,0.4989271117063444,0.5002548321644817,"[0.48937180818205445, 0.5083488374237926]"
seed0_trained_l0_u_full_current_transfer,full,all,4979,0.6035610707515429,0.5827672184358705,0.6525410336669393,"[0.5898075983965485, 0.6171992366187883]"
seed0_trained_l0_u_full_current_transfer,full,current_ne_previous,2530,0.5043924592834181,0.47625371625190527,0.49609694599853366,"[0.4849864384589175, 0.5207244016399587]"
seed0_trained_l0_u_full_previous_iid,full,all,18617,0.6040034253017144,0.6040005466346099,0.6427869189593521,"[0.5955606892560003, 0.611511874668007]"
seed0_trained_l0_u_full_previous_iid,full,current_ne_previous,9976,0.5045052236574283,0.5045024565435539,0.505635890658512,"[0.4947705019099614, 0.5140620388441735]"
seed0_trained_l0_u_full_previous_transfer,full,all,4644,0.6088330032954254,0.6077823296371037,0.649574418284967,"[0.5931829793376713, 0.623698390069025]"
seed0_trained_l0_u_full_previous_transfer,full,current_ne_previous,2530,0.5114278946009785,0.5096411021372556,0.5038943034600266,"[0.49193096315421425, 0.5319209336176878]"
seed0_trained_l0_u_full_query_iid,full,all,20000,1.0,1.0,,"[1.0, 1.0]"
seed0_trained_l0_u_full_state_iid,full,all,20000,0.12172249223498009,0.07218715959637158,,"[0.11870133868126319, 0.12451793623551186]"
seed0_trained_l0_u_shuffled_A_iid,full,all,20000,0.5,0.34043465356330177,0.49211422785277653,"[0.5, 0.5]"
seed0_trained_l0_u_shuffled_B_iid,full,all,20000,0.5001135320974232,0.3291244911947819,0.4798211156012514,"[0.49958943764347885, 0.5006700036694222]"
seed0_trained_l0_u_shuffled_C_iid,full,all,20000,0.5002455397454725,0.3544945609734448,0.49928609666517665,"[0.4979324285267892, 0.5025868688200655]"
seed0_trained_l0_u_shuffled_D_iid,full,all,20000,0.5190422678007465,0.46440146753997896,0.5402775054089249,"[0.5130849191418356, 0.5256215842987536]"
seed0_trained_l0_u_shuffled_current_iid,full,all,20000,0.5048876540157468,0.38749512913360173,0.5400356471671863,"[0.5017100864912101, 0.5078810379854648]"
seed0_trained_l0_u_shuffled_current_iid,full,current_ne_previous,9976,0.4964049371521179,0.36916404562744576,0.5044645067831981,"[0.49216998714055754, 0.5005183710020492]"
seed0_trained_l0_u_shuffled_current_transfer,full,all,4979,0.5194878749667269,0.4156435561713566,0.5366066357218123,"[0.5104119257634814, 0.5286846825774215]"
seed0_trained_l0_u_shuffled_current_transfer,full,current_ne_previous,2530,0.4957194226392758,0.40054176609575753,0.4778051891960815,"[0.4833142358493697, 0.5073400291329125]"
seed0_trained_l0_u_shuffled_previous_iid,full,all,18617,0.5096860613522067,0.4819874460290496,0.5193767645979179,"[0.5032387641986888, 0.5162062624453418]"
seed0_trained_l0_u_shuffled_previous_iid,full,current_ne_previous,9976,0.5062228889124696,0.47214727210628704,0.5137533401502947,"[0.4975154929632617, 0.5147325425000071]"
seed0_trained_l0_u_shuffled_previous_transfer,full,all,4644,0.5,0.32441082339249344,0.46910064979696164,"[0.5, 0.5]"
seed0_trained_l0_u_shuffled_previous_transfer,full,current_ne_previous,2530,0.5,0.33648046157880934,0.49559003963370235,"[0.5, 0.5]"
seed0_trained_l0_u_shuffled_query_iid,full,all,20000,0.45024868866370893,0.31410514306384707,,"[0.44686649459482053, 0.45356446196656436]"
seed0_trained_l0_u_shuffled_state_iid,full,all,20000,0.0625,0.011161832339146669,,"[0.0625, 0.0625]"
seed0_trained_l1_h_full_A_iid,full,all,20000,0.63865492229388,0.6387044548752381,0.6871319579003579,"[0.6289953622691519, 0.6488786549360747]"
seed0_trained_l1_h_full_B_iid,full,all,20000,0.6308396283976176,0.6308676094865984,0.675221292529608,"[0.6217842424985307, 0.639495293355215]"
seed0_trained_l1_h_full_C_iid,full,all,20000,0.6285894487152195,0.6264007453854096,0.684307800176589,"[0.618559201988768, 0.6381073568760588]"
seed0_trained_l1_h_full_D_iid,full,all,20000,0.6452834686846315,0.6453182332320588,0.7010699669920993,"[0.6359289533759246, 0.6548374820148576]"
seed0_trained_l1_h_full_current_iid,full,all,20000,0.7144363420795745,0.7143234159914343,0.7619555163835091,"[0.7080314250791553, 0.7208584886445061]"
seed0_trained_l1_h_full_current_iid,full,current_ne_previous,9976,0.5088524031396608,0.5088199073314876,0.5269170694140307,"[0.4986304643843257, 0.5186074434725613]"
seed0_trained_l1_h_full_current_transfer,full,all,4979,0.7033343436718162,0.6937332000715064,0.7757335154533214,"[0.691206970369032, 0.7147175048188262]"
seed0_trained_l1_h_full_current_transfer,full,current_ne_previous,2530,0.5459862829012545,0.5346599164446451,0.5477501420400387,"[0.5273128406890438, 0.56284487231628]"
seed0_trained_l1_h_full_previous_iid,full,all,18617,0.6902211238716995,0.6900327835981173,0.7361119800227683,"[0.6823229656612951, 0.6977312346450687]"
seed0_trained_l1_h_full_previous_iid,full,current_ne_previous,9976,0.5107039959612719,0.5087934746954317,0.508853488387049,"[0.5014711912013422, 0.5202946287627994]"
seed0_trained_l1_h_full_previous_transfer,full,all,4644,0.5002242152466367,0.3425199313498135,0.7256238831034214,"[0.5, 0.5006840023290763]"
seed0_trained_l1_h_full_previous_transfer,full,current_ne_previous,2530,0.5,0.3301562086311888,0.4853300297955936,"[0.5, 0.5]"
seed0_trained_l1_h_full_query_iid,full,all,20000,1.0,1.0,,"[1.0, 1.0]"
seed0_trained_l1_h_full_state_iid,full,all,20000,0.11839775362782029,0.06768624489785596,,"[0.11563193055000907, 0.1210530291925168]"
seed0_trained_l1_h_shuffled_A_iid,full,all,20000,0.5,0.3260774337028675,0.49994907186718834,"[0.5, 0.5]"
seed0_trained_l1_h_shuffled_B_iid,full,all,20000,0.49757654100660087,0.40115399972906507,0.49717386529141466,"[0.4930058787723355, 0.5021641792849681]"
seed0_trained_l1_h_shuffled_C_iid,full,all,20000,0.5,0.3347303994943951,0.514637935979679,"[0.5, 0.5]"
seed0_trained_l1_h_shuffled_D_iid,full,all,20000,0.5,0.34141201264488935,0.4593447630519154,"[0.5, 0.5]"
seed0_trained_l1_h_shuffled_current_iid,full,all,20000,0.5245913570551959,0.43882509877218145,0.5870132622802657,"[0.5204559569202412, 0.5288263663509024]"
seed0_trained_l1_h_shuffled_current_iid,full,current_ne_previous,9976,0.5066757988224664,0.415651358950328,0.49322628774651195,"[0.5000432089331198, 0.5122445864075215]"
seed0_trained_l1_h_shuffled_current_transfer,full,all,4979,0.5,0.3199945370117454,0.3378173580037266,"[0.5, 0.5]"
seed0_trained_l1_h_shuffled_current_transfer,full,current_ne_previous,2530,0.5,0.3301562086311888,0.4528711464021836,"[0.5, 0.5]"
seed0_trained_l1_h_shuffled_previous_iid,full,all,18617,0.5187549818082808,0.46138063635630444,0.5219339744919869,"[0.5133213402959722, 0.5242460296518571]"
seed0_trained_l1_h_shuffled_previous_iid,full,current_ne_previous,9976,0.5088405860014341,0.4472948808861764,0.48508725389000895,"[0.5017294331097409, 0.5167258559068729]"
seed0_trained_l1_h_shuffled_previous_transfer,full,all,4644,0.5,0.32441082339249344,0.47824907768956126,"[0.5, 0.5]"
seed0_trained_l1_h_shuffled_previous_transfer,full,current_ne_previous,2530,0.5,0.33648046157880934,0.49312176190901813,"[0.5, 0.5]"
seed0_trained_l1_h_shuffled_query_iid,full,all,20000,0.41441193778811564,0.30111908133166315,,"[0.4101405905468589, 0.418414242932481]"
seed0_trained_l1_h_shuffled_state_iid,full,all,20000,0.06249866103207323,0.012757059031717038,,"[0.06200956972341251, 0.06297846631766034]"
seed0_trained_l1_m_full_A_iid,full,all,20000,0.5841990640415239,0.582905508130839,0.6301177755740787,"[0.5761986614781047, 0.592445504871176]"
seed0_trained_l1_m_full_B_iid,full,all,20000,0.576886746159281,0.5474822108425034,0.627186928787257,"[0.5703804999068336, 0.5844302780501778]"
seed0_trained_l1_m_full_C_iid,full,all,20000,0.5781048649820911,0.5678136434609804,0.6279974852201884,"[0.5708471334641412, 0.5863090486339628]"
seed0_trained_l1_m_full_D_iid,full,all,20000,0.5923436154177433,0.5923231648665546,0.6428750170631076,"[0.5836187024902445, 0.6000110759447337]"
seed0_trained_l1_m_full_current_iid,full,all,20000,0.7144978330826721,0.7145990486593223,0.7720527614424508,"[0.708344612314653, 0.7211314999383642]"
seed0_trained_l1_m_full_current_iid,full,current_ne_previous,9976,0.5084056831592114,0.5083004849760075,0.5448607507017933,"[0.49891013833843445, 0.5182838057623569]"
seed0_trained_l1_m_full_current_transfer,full,all,4979,0.71748563991666,0.7179692038331371,0.786118953107989,"[0.7047004526790555, 0.7302441884173776]"
seed0_trained_l1_m_full_current_transfer,full,current_ne_previous,2530,0.523084553356739,0.5224350494279293,0.5565800633914223,"[0.5044268480771187, 0.5415269236337912]"
seed0_trained_l1_m_full_previous_iid,full,all,18617,0.691028005051581,0.6909801590807478,0.7366613284891365,"[0.6837058436490164, 0.6984328652567323]"
seed0_trained_l1_m_full_previous_iid,full,current_ne_previous,9976,0.5135538556026098,0.5121581181329371,0.5336163015412121,"[0.5035351878711314, 0.5239095785302256]"
seed0_trained_l1_m_full_previous_transfer,full,all,4644,0.542217483216365,0.46165890276461197,0.721186018776866,"[0.5327953115749874, 0.5518721958220666]"
seed0_trained_l1_m_full_previous_transfer,full,current_ne_previous,2530,0.4794190390530414,0.3684335992815425,0.48714826729903915,"[0.46866808184509123, 0.4906257034490178]"
seed0_trained_l1_m_full_query_iid,full,all,20000,1.0,1.0,,"[1.0, 1.0]"
seed0_trained_l1_m_full_state_iid,full,all,20000,0.09302327319258775,0.03923908093321035,,"[0.0907577645605781, 0.09520388279216985]"
seed0_trained_l1_m_shuffled_A_iid,full,all,20000,0.49566484217319084,0.44777240502623616,0.4897230631745794,"[0.4900949315490581, 0.5014530958689849]"
seed0_trained_l1_m_shuffled_B_iid,full,all,20000,0.520436497993686,0.46513805726609725,0.508957228198195,"[0.5150359829002333, 0.5256844775965983]"
seed0_trained_l1_m_shuffled_C_iid,full,all,20000,0.498974214286565,0.3367519315418229,0.4786259966658077,"[0.49810027776914306, 0.49988307311624736]"
seed0_trained_l1_m_shuffled_D_iid,full,all,20000,0.5100962327222017,0.4344941108567807,0.5377046311196475,"[0.5051594332665799, 0.5152880726798602]"
seed0_trained_l1_m_shuffled_current_iid,full,all,20000,0.5,0.33967247754886426,0.28349593286655683,"[0.5, 0.5]"
seed0_trained_l1_m_shuffled_current_iid,full,current_ne_previous,9976,0.5,0.3347559349159776,0.49496967738408754,"[0.5, 0.5]"
seed0_trained_l1_m_shuffled_current_transfer,full,all,4979,0.5,0.34615889691398555,0.6125667649156076,"[0.5, 0.5]"
seed0_trained_l1_m_shuffled_current_transfer,full,current_ne_previous,2530,0.5,0.33648046157880934,0.5516503833674709,"[0.5, 0.5]"
seed0_trained_l1_m_shuffled_previous_iid,full,all,18617,0.5784610714298498,0.5444115474195441,0.6053415146129002,"[0.5722300956707067, 0.5853428245642388]"
seed0_trained_l1_m_shuffled_previous_iid,full,current_ne_previous,9976,0.49221909778159356,0.4400050206181487,0.4862337976584381,"[0.48402919255576027, 0.500520839342865]"
seed0_trained_l1_m_shuffled_previous_transfer,full,all,4644,0.35499905261163395,0.34533493447501695,0.3576199746620053,"[0.34014896198587746, 0.36994555491477266]"
seed0_trained_l1_m_shuffled_previous_transfer,full,current_ne_previous,2530,0.5304540718456955,0.5155886790129158,0.5456581375972638,"[0.5114223758470072, 0.5487304634812031]"
seed0_trained_l1_m_shuffled_query_iid,full,all,20000,0.31668531712601955,0.2987731413842448,,"[0.30989830070529106, 0.32347390866806275]"
seed0_trained_l1_m_shuffled_state_iid,full,all,20000,0.0631266167023346,0.014235560292348239,,"[0.06245602071061206, 0.0638240504345471]"
seed0_trained_l1_u_full_A_iid,full,all,20000,0.6207590567162815,0.6207787939501577,0.6661806395994877,"[0.6107545871663413, 0.6306576934663034]"
seed0_trained_l1_u_full_B_iid,full,all,20000,0.6114651848509878,0.6114595454563485,0.652880755394906,"[0.6013476177917153, 0.6223463341318209]"
seed0_trained_l1_u_full_C_iid,full,all,20000,0.6220720750406583,0.6191762867609504,0.6690585249328546,"[0.6116786702989058, 0.6317814266643462]"
seed0_trained_l1_u_full_D_iid,full,all,20000,0.6319346712091383,0.6319256220609684,0.683152121929602,"[0.6219200995637637, 0.6418519157111813]"
seed0_trained_l1_u_full_current_iid,full,all,20000,0.7138906894934934,0.7139197300203036,0.7602678265460504,"[0.7079919025936517, 0.7197734690056267]"
seed0_trained_l1_u_full_current_iid,full,current_ne_previous,9976,0.5068635064262723,0.5068510667116443,0.5231055198093824,"[0.49706381273301614, 0.516853088553571]"
seed0_trained_l1_u_full_current_transfer,full,all,4979,0.7276347652290716,0.7272648478973499,0.7753505906918033,"[0.7147034319160878, 0.739365851603206]"
seed0_trained_l1_u_full_current_transfer,full,current_ne_previous,2530,0.533326437073294,0.5332009246837667,0.5438680268341604,"[0.5135891260429299, 0.551992757024015]"
seed0_trained_l1_u_full_previous_iid,full,all,18617,0.6894699627343708,0.6894443446412108,0.7200323454529478,"[0.6820688637538334, 0.6967573196639001]"
seed0_trained_l1_u_full_previous_iid,full,current_ne_previous,9976,0.5054892616780657,0.5044237156973581,0.4865250860962928,"[0.49543545842459397, 0.515677067339435]"
seed0_trained_l1_u_full_previous_transfer,full,all,4644,0.6727560827905974,0.6705345999877245,0.712677542437426,"[0.6582079612120818, 0.6879293280006212]"
seed0_trained_l1_u_full_previous_transfer,full,current_ne_previous,2530,0.4999359335358875,0.4897586489013558,0.4587852623381072,"[0.4821894534092228, 0.5187630371616883]"
seed0_trained_l1_u_full_query_iid,full,all,20000,1.0,1.0,,"[1.0, 1.0]"
seed0_trained_l1_u_full_state_iid,full,all,20000,0.10994878390169024,0.04929826535802807,,"[0.10765452272112318, 0.1121833539943789]"
seed0_trained_l1_u_shuffled_A_iid,full,all,20000,0.5220463457320388,0.43494996712281486,0.5540998768605299,"[0.5173356005262396, 0.5268210693782567]"
seed0_trained_l1_u_shuffled_B_iid,full,all,20000,0.5055323732783267,0.43545067179872465,0.5048470880948237,"[0.4989488572698748, 0.5120770332496903]"
seed0_trained_l1_u_shuffled_C_iid,full,all,20000,0.49976542568974563,0.33658037491576637,0.50492759057607,"[0.499018840611415, 0.5004258799047159]"
seed0_trained_l1_u_shuffled_D_iid,full,all,20000,0.5,0.3250539956803456,0.4369933438659971,"[0.5, 0.5]"
seed0_trained_l1_u_shuffled_current_iid,full,all,20000,0.5,0.33967247754886426,0.42850653045662196,"[0.5, 0.5]"
seed0_trained_l1_u_shuffled_current_iid,full,current_ne_previous,9976,0.5,0.3347559349159776,0.5014295923650033,"[0.5, 0.5]"
seed0_trained_l1_u_shuffled_current_transfer,full,all,4979,0.5,0.34615889691398555,0.37486099750200286,"[0.5, 0.5]"
seed0_trained_l1_u_shuffled_current_transfer,full,current_ne_previous,2530,0.5,0.33648046157880934,0.4668682624737406,"[0.5, 0.5]"
seed0_trained_l1_u_shuffled_previous_iid,full,all,18617,0.5,0.33839155620313444,0.3146045863062525,"[0.5, 0.5]"
seed0_trained_l1_u_shuffled_previous_iid,full,current_ne_previous,9976,0.5,0.331904634342352,0.5165887700208046,"[0.5, 0.5]"
seed0_trained_l1_u_shuffled_previous_transfer,full,all,4644,0.5,0.32441082339249344,0.5563071916065107,"[0.5, 0.5]"
seed0_trained_l1_u_shuffled_previous_transfer,full,current_ne_previous,2530,0.5,0.33648046157880934,0.49478436478257093,"[0.5, 0.5]"
seed0_trained_l1_u_shuffled_query_iid,full,all,20000,0.22035687528099482,0.1533206014681678,,"[0.21458494844100215, 0.2263159470123461]"
seed0_trained_l1_u_shuffled_state_iid,full,all,20000,0.06251582416640726,0.011318665149898268,,"[0.062377000018561654, 0.06266983015287621]"
seed0_trained_l2_h_full_A_iid,full,all,20000,0.6346544336240556,0.634628793951911,0.7014573634527166,"[0.6260184067555837, 0.6431852393930676]"
seed0_trained_l2_h_full_B_iid,full,all,20000,0.622083147682104,0.6156522892316207,0.687794106769563,"[0.6143086677416972, 0.6296705511238225]"
seed0_trained_l2_h_full_C_iid,full,all,20000,0.6281985231993858,0.6264865436659358,0.6955841577352205,"[0.6205759561514266, 0.6366399275095088]"
seed0_trained_l2_h_full_D_iid,full,all,20000,0.6303457994955088,0.6303998956642503,0.7033522978157941,"[0.6219279113943414, 0.6388318492584835]"
seed0_trained_l2_h_full_current_iid,full,all,20000,0.8530703706882636,0.8532408590517024,0.9496964161954492,"[0.8489521065921691, 0.8576870769859483]"
seed0_trained_l2_h_full_current_iid,full,current_ne_previous,9976,0.8225102817141442,0.8225329785263288,0.9252309567219419,"[0.8153835745003903, 0.8292743495396012]"
seed0_trained_l2_h_full_current_transfer,full,all,4979,0.835776522842393,0.8382245600608428,0.9477135262950305,"[0.8248832955294415, 0.8457514026648096]"
seed0_trained_l2_h_full_current_transfer,full,current_ne_previous,2530,0.7893044632136613,0.7863833113401192,0.9024152119412389,"[0.7731254223292362, 0.8039567001400209]"
seed0_trained_l2_h_full_previous_iid,full,all,18617,0.7511344579879193,0.7503313283207109,0.8361232152525693,"[0.744543113369339, 0.7578865876268281]"
seed0_trained_l2_h_full_previous_iid,full,current_ne_previous,9976,0.6906614060304384,0.6904770671818637,0.7896643450411429,"[0.6808869013879267, 0.7006686464940001]"
seed0_trained_l2_h_full_previous_transfer,full,all,4644,0.5002071251035626,0.32487210282742895,0.7886530738108418,"[0.5, 0.5006356066977186]"
seed0_trained_l2_h_full_previous_transfer,full,current_ne_previous,2530,0.5004009623095429,0.3373700123765706,0.7807708101938807,"[0.5, 0.5012976838434533]"
seed0_trained_l2_h_full_query_iid,full,all,20000,1.0,1.0,,"[1.0, 1.0]"
seed0_trained_l2_h_full_state_iid,full,all,20000,0.11995783394647831,0.06211028079978892,,"[0.11745131856454112, 0.12226055152330398]"
seed0_trained_l2_h_shuffled_A_iid,full,all,20000,0.5777830102367498,0.5410541535546085,0.6000967949852402,"[0.5721953838859791, 0.583314192039407]"
seed0_trained_l2_h_shuffled_B_iid,full,all,20000,0.5274944800946393,0.5060616728729602,0.5704281747080666,"[0.5207547532364264, 0.5341268580904773]"
seed0_trained_l2_h_shuffled_C_iid,full,all,20000,0.5009327970227139,0.3405321834804881,0.5183725842078672,"[0.49993265580878854, 0.5019466311157499]"
seed0_trained_l2_h_shuffled_D_iid,full,all,20000,0.5026054484024445,0.43858892812363676,0.4564178493082472,"[0.49753486422271515, 0.5077515394015598]"
seed0_trained_l2_h_shuffled_current_iid,full,all,20000,0.5534789175533754,0.4553687968309893,0.6220162551626821,"[0.5498232751146149, 0.5572066329313792]"
seed0_trained_l2_h_shuffled_current_iid,full,current_ne_previous,9976,0.540572335355913,0.420643049469405,0.6015332937820952,"[0.5362422197268066, 0.5447958528830458]"
seed0_trained_l2_h_shuffled_current_transfer,full,all,4979,0.5,0.34615889691398555,0.39286380442955704,"[0.5, 0.5]"
seed0_trained_l2_h_shuffled_current_transfer,full,current_ne_previous,2530,0.5,0.33648046157880934,0.26460762259664816,"[0.5, 0.5]"
seed0_trained_l2_h_shuffled_previous_iid,full,all,18617,0.5,0.33839155620313444,0.4998848764222871,"[0.5, 0.5]"
seed0_trained_l2_h_shuffled_previous_iid,full,current_ne_previous,9976,0.5,0.331904634342352,0.3451200846332185,"[0.5, 0.5]"
seed0_trained_l2_h_shuffled_previous_transfer,full,all,4644,0.4760264302777891,0.4365608808432796,0.4254314332314117,"[0.46331631571538856, 0.4901901195477759]"
seed0_trained_l2_h_shuffled_previous_transfer,full,current_ne_previous,2530,0.44570101525031863,0.4072116092190857,0.3581534107422897,"[0.42742140037439386, 0.46343297297608654]"
seed0_trained_l2_h_shuffled_query_iid,full,all,20000,0.22486677094984578,0.2200679078096069,,"[0.21856165707202715, 0.2307786791758479]"
seed0_trained_l2_h_shuffled_state_iid,full,all,20000,0.0625,0.011161832339146669,,"[0.0625, 0.0625]"
seed0_trained_l2_m_full_A_iid,full,all,20000,0.6008706973898799,0.5921475206612823,0.6659263543061841,"[0.594566856248547, 0.6074741389824994]"
seed0_trained_l2_m_full_B_iid,full,all,20000,0.5895435237193027,0.5895319172814815,0.6523167472271592,"[0.5819147879815422, 0.5964561361072024]"
seed0_trained_l2_m_full_C_iid,full,all,20000,0.5912926484052152,0.5894903262005597,0.6481157737150588,"[0.584201757256913, 0.5988427024226994]"
seed0_trained_l2_m_full_D_iid,full,all,20000,0.5888387089331857,0.5883389571532719,0.6241149714589486,"[0.5812745596072271, 0.5964621733347022]"
seed0_trained_l2_m_full_current_iid,full,all,20000,0.8477480361310885,0.8471479636287454,0.9490274613375318,"[0.8428982326867351, 0.8523741570788906]"
seed0_trained_l2_m_full_current_iid,full,current_ne_previous,9976,0.8363390666550907,0.8361688626621588,0.9307193341243581,"[0.829497903499236, 0.8427959097166666]"
seed0_trained_l2_m_full_current_transfer,full,all,4979,0.8488184706713635,0.8510305439239358,0.9459899600851533,"[0.8378299053429924, 0.8588167134801562]"
seed0_trained_l2_m_full_current_transfer,full,current_ne_previous,2530,0.8372889947565505,0.8371418350341235,0.9351341114231443,"[0.8219375674463273, 0.8522867225520061]"
seed0_trained_l2_m_full_previous_iid,full,all,18617,0.7741284123257746,0.7730305217941993,0.8525797323151652,"[0.7676845598027487, 0.7811431258536378]"
seed0_trained_l2_m_full_previous_iid,full,current_ne_previous,9976,0.7226355273016087,0.7222033086317543,0.809902882417063,"[0.7128631787314107, 0.7322446026786612]"
seed0_trained_l2_m_full_previous_transfer,full,all,4644,0.7155408844520565,0.7156996361824184,0.8172812926092562,"[0.7023993946591292, 0.7295812432761345]"
seed0_trained_l2_m_full_previous_transfer,full,current_ne_previous,2530,0.5731454633755464,0.571302214195734,0.6791832744651075,"[0.5538166460691538, 0.5910166338615614]"
seed0_trained_l2_m_full_query_iid,full,all,20000,0.9951082447130652,0.9951012904096893,,"[0.9941545005022252, 0.9960292881545778]"
seed0_trained_l2_m_full_state_iid,full,all,20000,0.1086686612543604,0.0592921134762312,,"[0.10615672159816232, 0.11159234528924049]"
seed0_trained_l2_m_shuffled_A_iid,full,all,20000,0.5595466644395432,0.5115572239474988,0.5475544480801375,"[0.5541120024293414, 0.5647031790382512]"
seed0_trained_l2_m_shuffled_B_iid,full,all,20000,0.5385962301499945,0.5034030388695862,0.5544493575199995,"[0.5322959942138524, 0.5442928319797419]"
seed0_trained_l2_m_shuffled_C_iid,full,all,20000,0.5022636848456515,0.3878260869565217,0.5207058368146632,"[0.49891151263075, 0.5055632021017191]"
seed0_trained_l2_m_shuffled_D_iid,full,all,20000,0.5074175651634469,0.42545428549887826,0.48254655384507916,"[0.5029680988037283, 0.5115815832956823]"
seed0_trained_l2_m_shuffled_current_iid,full,all,20000,0.5007470196079437,0.39831144773059535,0.5363199752402633,"[0.4970415601755343, 0.5045366254649973]"
seed0_trained_l2_m_shuffled_current_iid,full,current_ne_previous,9976,0.5180868133599581,0.4096286921172714,0.5759409898742399,"[0.5129141991947319, 0.5231391895759683]"
seed0_trained_l2_m_shuffled_current_transfer,full,all,4979,0.4911082117850803,0.31809319196876795,0.2595073822712798,"[0.48810662071374444, 0.4944284837876341]"
seed0_trained_l2_m_shuffled_current_transfer,full,current_ne_previous,2530,0.4858988149891775,0.32783567497833055,0.2581209712350952,"[0.4806459450332046, 0.49143621991072417]"
seed0_trained_l2_m_shuffled_previous_iid,full,all,18617,0.500329851566795,0.33912299408581364,0.4215116199180648,"[0.5001073295343499, 0.5006137982309403]"
seed0_trained_l2_m_shuffled_previous_iid,full,current_ne_previous,9976,0.5,0.331904634342352,0.5529059307563933,"[0.5, 0.5]"
seed0_trained_l2_m_shuffled_previous_transfer,full,all,4644,0.500843175645803,0.46768664586193354,0.547343783088932,"[0.4883028819730359, 0.513670034436082]"
seed0_trained_l2_m_shuffled_previous_transfer,full,current_ne_previous,2530,0.46005846611759105,0.4307937468561368,0.4957037966724191,"[0.442927606159124, 0.47772026013143515]"
seed0_trained_l2_m_shuffled_query_iid,full,all,20000,0.37720754927458267,0.3609567317773501,,"[0.3704876646377717, 0.38413417084108564]"
seed0_trained_l2_m_shuffled_state_iid,full,all,20000,0.0625,0.011161832339146669,,"[0.0625, 0.0625]"
seed0_trained_l2_u_full_A_iid,full,all,20000,0.6242691137236568,0.6242967229181522,0.6879475788295171,"[0.6160792635757045, 0.6326947874811593]"
seed0_trained_l2_u_full_B_iid,full,all,20000,0.6228903002562747,0.6156162037148578,0.6804729675533151,"[0.6137909103769059, 0.6311241912091717]"
seed0_trained_l2_u_full_C_iid,full,all,20000,0.6195880864511513,0.6185141549931317,0.6928187379757103,"[0.611493279177841, 0.627384581668737]"
seed0_trained_l2_u_full_D_iid,full,all,20000,0.6285141990689471,0.6285725190007305,0.6988913165765607,"[0.6202429728494646, 0.6365559746938037]"
seed0_trained_l2_u_full_current_iid,full,all,20000,0.8494896406875719,0.8497040854488717,0.9337581463569142,"[0.8447305434022685, 0.8545513782508892]"
seed0_trained_l2_u_full_current_iid,full,current_ne_previous,9976,0.7822041937174626,0.7822186092624175,0.8814408226657534,"[0.7738509728323082, 0.7909723563449866]"
seed0_trained_l2_u_full_current_transfer,full,all,4979,0.7965415498462796,0.7864644113998364,0.9292887735203237,"[0.7859941173837985, 0.8066050617199234]"
seed0_trained_l2_u_full_current_transfer,full,current_ne_previous,2530,0.6762121531269747,0.6584137038745199,0.8252879396912683,"[0.6603391137181575, 0.691541390723982]"
seed0_trained_l2_u_full_previous_iid,full,all,18617,0.7283631297863031,0.7255919391247019,0.7977963823021921,"[0.7212396576292796, 0.7353329952229805]"
seed0_trained_l2_u_full_previous_iid,full,current_ne_previous,9976,0.6268552907016004,0.6233171681325576,0.7106961178691208,"[0.6169437049346044, 0.6363342879316531]"
seed0_trained_l2_u_full_previous_transfer,full,all,4644,0.5,0.34202323604420515,0.7630938360312229,"[0.5, 0.5]"
seed0_trained_l2_u_full_previous_transfer,full,current_ne_previous,2530,0.5,0.3301562086311888,0.7157786638048229,"[0.5, 0.5]"
seed0_trained_l2_u_full_query_iid,full,all,20000,1.0,1.0,,"[1.0, 1.0]"
seed0_trained_l2_u_full_state_iid,full,all,20000,0.11680659574044237,0.06509340028075906,,"[0.11408250919149378, 0.11956320602848676]"
seed0_trained_l2_u_shuffled_A_iid,full,all,20000,0.4974009033884962,0.46501764797661116,0.4880799088881439,"[0.49038911119390005, 0.5039165890005489]"
seed0_trained_l2_u_shuffled_B_iid,full,all,20000,0.5,0.3388866851778395,0.46748003852366404,"[0.5, 0.5]"
seed0_trained_l2_u_shuffled_C_iid,full,all,20000,0.5,0.3347303994943951,0.4419876324891335,"[0.5, 0.5]"
seed0_trained_l2_u_shuffled_D_iid,full,all,20000,0.5,0.34141201264488935,0.46455059299505763,"[0.5, 0.5]"
seed0_trained_l2_u_shuffled_current_iid,full,all,20000,0.5453581018239769,0.4830865644669586,0.6510828241376527,"[0.5399121769089862, 0.5514323142959346]"
seed0_trained_l2_u_shuffled_current_iid,full,current_ne_previous,9976,0.5283525301537997,0.4511851264879051,0.5575659830412009,"[0.5217502508961093, 0.535097622370658]"
seed0_trained_l2_u_shuffled_current_transfer,full,all,4979,0.5,0.34615889691398555,0.5368927363787267,"[0.5, 0.5]"
seed0_trained_l2_u_shuffled_current_transfer,full,current_ne_previous,2530,0.5,0.33648046157880934,0.4811466459487181,"[0.5, 0.5]"
seed0_trained_l2_u_shuffled_previous_iid,full,all,18617,0.574993207477975,0.5542973958399724,0.6348545003099791,"[0.5681980800260463, 0.5813536899728691]"
seed0_trained_l2_u_shuffled_previous_iid,full,current_ne_previous,9976,0.5457332896018829,0.5213662123095213,0.6001633498290936,"[0.5368467235202474, 0.5548200132985094]"
seed0_trained_l2_u_shuffled_previous_transfer,full,all,4644,0.5129688179193865,0.5115095090759733,0.5199167041287557,"[0.4977765092703807, 0.528424210318632]"
seed0_trained_l2_u_shuffled_previous_transfer,full,current_ne_previous,2530,0.6568587681362784,0.6568550242009681,0.692288460348484,"[0.6367426452956297, 0.6749177682181317]"
seed0_trained_l2_u_shuffled_query_iid,full,all,20000,0.1721437388139328,0.16194371505867367,,"[0.1665831466911424, 0.17784882722238568]"
seed0_trained_l2_u_shuffled_state_iid,full,all,20000,0.0625,0.011161832339146669,,"[0.0625, 0.0625]"
seed0_trained_l3_h_full_A_iid,full,all,20000,0.6524025400460046,0.6521570137433064,0.7265160168952667,"[0.6450859167936043, 0.6602107164908739]"
seed0_trained_l3_h_full_B_iid,full,all,20000,0.6509083928658055,0.6466015174452133,0.712069642705904,"[0.6428972967043513, 0.6593156851967752]"
seed0_trained_l3_h_full_C_iid,full,all,20000,0.6549976118552145,0.6537476308350884,0.732134178405541,"[0.6471673833863698, 0.6629985435129645]"
seed0_trained_l3_h_full_D_iid,full,all,20000,0.657121099678028,0.6568801342214481,0.7311651430833692,"[0.6495069417798854, 0.6648380609873036]"
seed0_trained_l3_h_full_current_iid,full,all,20000,0.9299347650915575,0.9294430146820611,0.9887619587190399,"[0.9264345615862131, 0.9334881529708553]"
seed0_trained_l3_h_full_current_iid,full,current_ne_previous,9976,0.9079312290788419,0.9075742037004517,0.9845848647379811,"[0.9019430134663039, 0.9134386759489255]"
seed0_trained_l3_h_full_current_transfer,full,all,4979,0.9260922018060448,0.9287478628243134,0.9902695013137639,"[0.9185056230347498, 0.9327414199076631]"
seed0_trained_l3_h_full_current_transfer,full,current_ne_previous,2530,0.9248778518170812,0.9253220490559592,0.9834364751318988,"[0.9145674423151948, 0.9340047998706338]"
seed0_trained_l3_h_full_previous_iid,full,all,18617,0.8503204003483036,0.8500225635570968,0.929460423758689,"[0.8449794486505793, 0.8557510345188141]"
seed0_trained_l3_h_full_previous_iid,full,current_ne_previous,9976,0.8463916730173736,0.8464106689048985,0.92969019804559,"[0.8390938406773364, 0.8541848596256654]"
seed0_trained_l3_h_full_previous_transfer,full,all,4644,0.5693869096934548,0.4628932340979447,0.9014166242509131,"[0.5628296611942546, 0.575909714440177]"
seed0_trained_l3_h_full_previous_transfer,full,current_ne_previous,2530,0.5946271050521251,0.5178173431779532,0.9357216477769562,"[0.5840778950804041, 0.6056346581513371]"
seed0_trained_l3_h_full_query_iid,full,all,20000,1.0,1.0,,"[1.0, 1.0]"
seed0_trained_l3_h_full_state_iid,full,all,20000,0.13440295762906726,0.07603865944841523,,"[0.1317236247342881, 0.1370144571754695]"
seed0_trained_l3_h_shuffled_A_iid,full,all,20000,0.5,0.3260774337028675,0.4204591808587982,"[0.5, 0.5]"
seed0_trained_l3_h_shuffled_B_iid,full,all,20000,0.4997393544796688,0.3294759896701644,0.4803219036216759,"[0.4990795123735086, 0.5003851814837925]"
seed0_trained_l3_h_shuffled_C_iid,full,all,20000,0.5,0.3347303994943951,0.4171537468322118,"[0.5, 0.5]"
seed0_trained_l3_h_shuffled_D_iid,full,all,20000,0.5432079539395431,0.4980654844471041,0.6010689215763556,"[0.5376611854565796, 0.5486471834163136]"
seed0_trained_l3_h_shuffled_current_iid,full,all,20000,0.5144065093351029,0.47111990946814664,0.5750077444235346,"[0.5087210040848481, 0.5201817437070636]"
seed0_trained_l3_h_shuffled_current_iid,full,current_ne_previous,9976,0.49162615076417493,0.445986916894347,0.5539783963419928,"[0.48390400276469153, 0.4991100999707127]"
seed0_trained_l3_h_shuffled_current_transfer,full,all,4979,0.5659808508474862,0.5312253551307728,0.6080030789417611,"[0.5539160749790345, 0.5791848629439849]"
seed0_trained_l3_h_shuffled_current_transfer,full,current_ne_previous,2530,0.562809198819177,0.5249804674487762,0.6251505561906643,"[0.5469088378420071, 0.5784724589263011]"
seed0_trained_l3_h_shuffled_previous_iid,full,all,18617,0.5276671517560849,0.49413445188235183,0.5370930361320603,"[0.5208073238528047, 0.5342804530819479]"
seed0_trained_l3_h_shuffled_previous_iid,full,current_ne_previous,9976,0.6216821977626218,0.5991976416714224,0.7376728758895009,"[0.612339642842742, 0.6308797443246548]"
seed0_trained_l3_h_shuffled_previous_transfer,full,all,4644,0.5007772299850275,0.32733417572526485,0.5015969995653159,"[0.4994452611273839, 0.5023432949151151]"
seed0_trained_l3_h_shuffled_previous_transfer,full,current_ne_previous,2530,0.5004347143979534,0.3395008804196513,0.4875839192550039,"[0.498408623325689, 0.5024714251842646]"
seed0_trained_l3_h_shuffled_query_iid,full,all,20000,0.29863841431084137,0.2716274559965799,,"[0.2925130555587706, 0.30471961050342644]"
seed0_trained_l3_h_shuffled_state_iid,full,all,20000,0.06336473251046702,0.012955523811634147,,"[0.0629924854913329, 0.06376010610950844]"
seed0_trained_l3_u_full_current_iid,full,all,20000,0.919134286742796,0.9195658361286314,0.9846261483124563,"[0.9151404305712724, 0.9225508075874508]"
seed0_trained_l3_u_full_current_iid,full,current_ne_previous,9976,0.9057532581538255,0.9057661875481824,0.9790242982870777,"[0.900050653880887, 0.9115648724822876]"
seed0_trained_l3_u_full_current_transfer,full,all,4979,0.9144026341337675,0.9172107930828861,0.9875241007825589,"[0.9063772573351426, 0.9222938963957753]"
seed0_trained_l3_u_full_current_transfer,full,current_ne_previous,2530,0.9097537910158191,0.9101325834375379,0.9790399530970979,"[0.8993582351119643, 0.9205317355996657]"
seed0_trained_l3_u_full_previous_iid,full,all,18617,0.8408964500946219,0.8411656036111831,0.9204960498294567,"[0.8347938592885896, 0.846920170324731]"
seed0_trained_l3_u_full_previous_iid,full,current_ne_previous,9976,0.8269116431770899,0.8265261154898209,0.9152703150272196,"[0.8186694213992601, 0.8353266112720669]"
seed0_trained_l3_u_full_previous_transfer,full,all,4644,0.5008285004142502,0.32625396859796074,0.8914146180167261,"[0.5002034939992257, 0.501687888706161]"
seed0_trained_l3_u_full_previous_transfer,full,current_ne_previous,2530,0.5004009623095429,0.3373700123765706,0.8802300892367715,"[0.5, 0.501234593324791]"
