ci_high,ci_low,k,layer,lm_seed,mean,metric,sparse_seed
0.0006213014697071139,0.00017038042321200765,4,0,0,0.00037435924538775645,original_ce,1
0.0006228529880326959,0.00017169986624800959,4,0,0,0.000376968003357403,patched_ce,1
1.0176595398492249e-05,-3.0358662231000363e-06,4,0,0,2.608757969646547e-06,delta_ce,1
1.0,1.0,4,0,0,1.0,original_accuracy,1
1.0,1.0,4,0,0,1.0,patched_accuracy,1
0.0,0.0,4,0,0,0.0,delta_accuracy,1
0.0006487252454921654,0.00018332023588563118,16,0,0,0.00037435924538775645,original_ce,1
0.0006541867080232688,0.00018343865113630843,16,0,0,0.0003766524362567303,patched_ce,1
6.394647122232032e-06,-5.859379473005522e-07,16,0,0,2.293190868973838e-06,delta_ce,1
1.0,1.0,16,0,0,1.0,original_accuracy,1
1.0,1.0,16,0,0,1.0,patched_accuracy,1
0.0,0.0,16,0,0,0.0,delta_accuracy,1
0.0006213014697071139,0.00017038042321200765,4,3,0,0.00037435924538775645,original_ce,1
0.0013222430383605876,0.00021847562355625238,4,3,0,0.0006841836026871828,patched_ce,1
0.0008647857126784452,-6.492634600285815e-07,4,3,0,0.0003098243517176691,delta_ce,1
1.0,1.0,4,3,0,1.0,original_accuracy,1
1.0,1.0,4,3,0,1.0,patched_accuracy,1
0.0,0.0,4,3,0,0.0,delta_accuracy,1
0.0006487252454921654,0.00018332023588563118,16,3,0,0.00037435924538775645,original_ce,1
0.0006517957921767957,0.000170503824286794,16,3,0,0.0003654807512079028,patched_ce,1
3.199075439395681e-05,-5.1563073477012276e-05,16,3,0,-8.878494179853647e-06,delta_ce,1
1.0,1.0,16,3,0,1.0,original_accuracy,1
1.0,1.0,16,3,0,1.0,patched_accuracy,1
0.0,0.0,16,3,0,0.0,delta_accuracy,1
0.0006213014697071139,0.00017038042321200765,4,7,0,0.00037435924538775645,original_ce,1
0.0010124761438088492,0.0002152360715966306,4,7,0,0.0005582823790137859,patched_ce,1
0.0006022527810341571,-0.0001628835676827589,4,7,0,0.00018392313476778277,delta_ce,1
1.0,1.0,4,7,0,1.0,original_accuracy,1
1.0,1.0,4,7,0,1.0,patched_accuracy,1
0.0,0.0,4,7,0,0.0,delta_accuracy,1
0.0006487252454921654,0.00018332023588563118,16,7,0,0.00037435924538775645,original_ce,1
0.0007876155016761752,0.0002027396922973268,16,7,0,0.0004527894241017627,patched_ce,1
0.0001900490495879314,-6.4254734746027595e-06,16,7,0,7.843017860031942e-05,delta_ce,1
1.0,1.0,16,7,0,1.0,original_accuracy,1
1.0,1.0,16,7,0,1.0,patched_accuracy,1
0.0,0.0,16,7,0,0.0,delta_accuracy,1
0.0006213014697071139,0.00017038042321200765,4,11,0,0.00037435924538775645,original_ce,1
0.004885827500355319,0.0003751591972777357,4,11,0,0.002192448690617077,patched_ce,1
0.0043847767971843254,0.00017006117823272214,4,11,0,0.0018180894290644734,delta_ce,1
1.0,1.0,4,11,0,1.0,original_accuracy,1
1.0,0.99755859375,4,11,0,0.9990234375,patched_accuracy,1
0.0,-0.00244140625,4,11,0,-0.0009765625,delta_accuracy,1
0.0006487252454921654,0.00018332023588563118,16,11,0,0.00037435924538775645,original_ce,1
0.0007280788913835323,0.0001861641970381356,16,11,0,0.00040912596801145895,patched_ce,1
0.00011581197417226406,-2.1594394952634264e-05,16,11,0,3.476672307844986e-05,delta_ce,1
1.0,1.0,16,11,0,1.0,original_accuracy,1
1.0,1.0,16,11,0,1.0,patched_accuracy,1
0.0,0.0,16,11,0,0.0,delta_accuracy,1
