balanced_accuracy,binary_auroc,k,layer,lm_seed,macro_f1,size,sparse_seed,status,task
0.513615613334324,0.5370279224399886,4,0,0,0.4114630595886267,up_to_four,1,passed,coordinate_current_iid
0.5124584135064989,0.5245778758733644,4,0,0,0.48618784274950233,single,1,passed,coordinate_current_iid
0.5,0.562100357698682,4,0,0,0.34615889691398555,up_to_four,1,passed,coordinate_current_transfer
0.5,0.5411701597824404,4,0,0,0.34615889691398555,single,1,passed,coordinate_current_transfer
0.5035746852374738,0.5404163316593649,4,0,0,0.4731491591152548,up_to_four,1,passed,coordinate_previous_iid
0.5016286118001783,0.5254741457501444,4,0,0,0.4721918660981983,single,1,passed,coordinate_previous_iid
0.5,0.5623649042766226,4,0,0,0.34202323604420515,up_to_four,1,passed,coordinate_previous_transfer
0.5,0.5460331363013216,4,0,0,0.34202323604420515,single,1,passed,coordinate_previous_transfer
1.0,,4,0,0,1.0,up_to_four,1,passed,coordinate_query_iid
0.8193501993940917,,4,0,0,0.792126508139082,single,1,passed,coordinate_query_iid
0.5199891094379856,0.5377075549149672,4,0,0,0.516417415704845,up_to_four,1,passed,coordinate_A_iid
0.5115252441719922,0.5261666494036563,4,0,0,0.4536994012557449,single,1,passed,coordinate_A_iid
0.5196483574929424,0.533936991346985,4,0,0,0.5186941977605641,up_to_four,1,passed,coordinate_B_iid
0.5142533314355948,0.5260868812130456,4,0,0,0.5061330400365818,single,1,passed,coordinate_B_iid
0.5255928957820336,0.5420427236757027,4,0,0,0.4404470680659941,up_to_four,1,passed,coordinate_C_iid
0.5119758853228885,0.5256447678408356,4,0,0,0.4536677155611323,single,1,passed,coordinate_C_iid
0.5337200650609081,0.5357759291943521,4,0,0,0.5321156041172574,up_to_four,1,passed,coordinate_D_iid
0.5134856227697797,0.5295966259347058,4,0,0,0.505787902719414,single,1,passed,coordinate_D_iid
0.07007657030100972,,4,0,0,0.021181723752712524,up_to_four,1,passed,coordinate_state_iid
0.06835774123089618,,4,0,0,0.02046779968794019,single,1,passed,coordinate_state_iid
0.513615613334324,0.5370279224399886,4,0,0,0.4114630595886267,up_to_four,1,passed,coordinate_128_current_iid
0.5124584135064989,0.5245778758733644,4,0,0,0.48618784274950233,single,1,passed,coordinate_128_current_iid
0.5,0.562100357698682,4,0,0,0.34615889691398555,up_to_four,1,passed,coordinate_128_current_transfer
0.5,0.5411701597824404,4,0,0,0.34615889691398555,single,1,passed,coordinate_128_current_transfer
0.5035746852374738,0.5404163316593649,4,0,0,0.4731491591152548,up_to_four,1,passed,coordinate_128_previous_iid
0.5016286118001783,0.5254741457501444,4,0,0,0.4721918660981983,single,1,passed,coordinate_128_previous_iid
0.5,0.5623649042766226,4,0,0,0.34202323604420515,up_to_four,1,passed,coordinate_128_previous_transfer
0.5,0.5460331363013216,4,0,0,0.34202323604420515,single,1,passed,coordinate_128_previous_transfer
1.0,,4,0,0,1.0,up_to_four,1,passed,coordinate_128_query_iid
0.8193501993940917,,4,0,0,0.792126508139082,single,1,passed,coordinate_128_query_iid
0.5199891094379856,0.5377075549149672,4,0,0,0.516417415704845,up_to_four,1,passed,coordinate_128_A_iid
0.5115252441719922,0.5261666494036563,4,0,0,0.4536994012557449,single,1,passed,coordinate_128_A_iid
0.5196483574929424,0.533936991346985,4,0,0,0.5186941977605641,up_to_four,1,passed,coordinate_128_B_iid
0.5142533314355948,0.5260868812130456,4,0,0,0.5061330400365818,single,1,passed,coordinate_128_B_iid
0.5255928957820336,0.5420427236757027,4,0,0,0.4404470680659941,up_to_four,1,passed,coordinate_128_C_iid
0.5119758853228885,0.5256447678408356,4,0,0,0.4536677155611323,single,1,passed,coordinate_128_C_iid
0.5337200650609081,0.5357759291943521,4,0,0,0.5321156041172574,up_to_four,1,passed,coordinate_128_D_iid
0.5134856227697797,0.5295966259347058,4,0,0,0.505787902719414,single,1,passed,coordinate_128_D_iid
0.07007657030100972,,4,0,0,0.021181723752712524,up_to_four,1,passed,coordinate_128_state_iid
0.06835774123089618,,4,0,0,0.02046779968794019,single,1,passed,coordinate_128_state_iid
0.527218496109413,0.5409611748368567,4,0,0,0.4732020672430245,up_to_four,1,passed,random_current_iid
0.5090662399020243,0.5226378667521989,4,0,0,0.48477353121093647,single,1,passed,random_current_iid
0.5,0.5594514574456441,4,0,0,0.3199945370117454,up_to_four,1,passed,random_current_transfer
0.5,0.565111133994846,4,0,0,0.3199945370117454,single,1,passed,random_current_transfer
0.508528642157238,0.5265952900484847,4,0,0,0.49687473808326477,up_to_four,1,passed,random_previous_iid
0.5045469887216999,0.5279830430013698,4,0,0,0.48021107698362764,single,1,passed,random_previous_iid
0.512776925334651,0.5563995155315963,4,0,0,0.40837867772163056,up_to_four,1,passed,random_previous_transfer
0.5,0.5691950171087193,4,0,0,0.32441082339249344,single,1,passed,random_previous_transfer
1.0,,4,0,0,1.0,up_to_four,1,passed,random_query_iid
0.9659431886377275,,4,0,0,0.9657245068965086,single,1,passed,random_query_iid
0.5224137940872333,0.5381736111467733,4,0,0,0.5179725196992881,up_to_four,1,passed,random_A_iid
0.5019474167203902,0.5122082016947461,4,0,0,0.4974969147631606,single,1,passed,random_A_iid
0.5745576070627891,0.5989159555884369,4,0,0,0.5745658318826046,up_to_four,1,passed,random_B_iid
0.5089264486519519,0.5193265631406568,4,0,0,0.48499825844046374,single,1,passed,random_B_iid
0.5315217210971104,0.5477672608825844,4,0,0,0.48523107177974434,up_to_four,1,passed,random_C_iid
0.5112378510303074,0.5305643080973884,4,0,0,0.46536721509222345,single,1,passed,random_C_iid
0.5206266534391535,0.5320720632709641,4,0,0,0.5183614578909879,up_to_four,1,passed,random_D_iid
0.5109585204667568,0.5244845779949038,4,0,0,0.49419596431801915,single,1,passed,random_D_iid
0.07391551307141066,,4,0,0,0.022166777538899507,up_to_four,1,passed,random_state_iid
0.06682780807542106,,4,0,0,0.019870543859454932,single,1,passed,random_state_iid
0.5076308893648749,0.5162289209161647,4,0,0,0.4833788910460146,up_to_four,1,passed,random_128_current_iid
0.5050502688950324,0.5068279633859508,4,0,0,0.47601133035803445,single,1,passed,random_128_current_iid
0.5,0.5539632469947288,4,0,0,0.34615889691398555,up_to_four,1,passed,random_128_current_transfer
0.5,0.5526371777360257,4,0,0,0.34615889691398555,single,1,passed,random_128_current_transfer
0.5153562035500324,0.5160077545024924,4,0,0,0.5149361700841029,up_to_four,1,passed,random_128_previous_iid
0.5016032199498883,0.5140266128299397,4,0,0,0.47249344726008,single,1,passed,random_128_previous_iid
0.5841234428464748,0.6126710407525607,4,0,0,0.5756591797191843,up_to_four,1,passed,random_128_previous_transfer
0.5,0.5423293121960462,4,0,0,0.34202323604420515,single,1,passed,random_128_previous_transfer
1.0,,4,0,0,1.0,up_to_four,1,passed,random_128_query_iid
0.9990968067081984,,4,0,0,0.9990980063572061,single,1,passed,random_128_query_iid
0.5292651420300285,0.5276243852448821,4,0,0,0.5284656954858566,up_to_four,1,passed,random_128_A_iid
0.5122697208770939,0.5217147998335183,4,0,0,0.4910643422024491,single,1,passed,random_128_A_iid
0.538354796830179,0.5359440258942039,4,0,0,0.5243723226363836,up_to_four,1,passed,random_128_B_iid
0.5161571404304589,0.517031305560283,4,0,0,0.46665008601065877,single,1,passed,random_128_B_iid
0.5352198678765561,0.5687460335300708,4,0,0,0.5068455781939517,up_to_four,1,passed,random_128_C_iid
0.5,0.5194591673343515,4,0,0,0.3347303994943951,single,1,passed,random_128_C_iid
0.5136897391924039,0.5277557179034135,4,0,0,0.4987196800708307,up_to_four,1,passed,random_128_D_iid
0.5136897391924039,0.5277557179034135,4,0,0,0.4987196800708307,single,1,passed,random_128_D_iid
0.07161265053651228,,4,0,0,0.02145014265622945,up_to_four,1,passed,random_128_state_iid
0.06318334025268678,,4,0,0,0.013457118003499361,single,1,passed,random_128_state_iid
0.5019564227352735,0.5042083956116561,4,0,0,0.3383437200762306,up_to_four,1,passed,sae_current_iid
0.500985617510588,0.5009353758381352,4,0,0,0.3316940894728421,single,1,passed,sae_current_iid
0.5003793626707133,0.500877731556951,4,0,0,0.3208401173268373,up_to_four,1,passed,sae_current_transfer
0.5,0.5,4,0,0,0.34615889691398555,single,1,passed,sae_current_transfer
0.5015324022064467,0.5028626857464655,4,0,0,0.3373402155554082,up_to_four,1,passed,sae_previous_iid
0.5006670989863005,0.5006671394007962,4,0,0,0.3401474759849089,single,1,passed,sae_previous_iid
0.5,0.5002071251035626,4,0,0,0.32441082339249344,up_to_four,1,passed,sae_previous_transfer
0.5,0.5,4,0,0,0.34202323604420515,single,1,passed,sae_previous_transfer
1.0,,4,0,0,1.0,up_to_four,1,passed,sae_query_iid
0.5,,4,0,0,0.37533093561116937,single,1,passed,sae_query_iid
0.5030866152348084,0.5037570046453764,4,0,0,0.3399367552040168,up_to_four,1,passed,sae_A_iid
0.5017758827607255,0.5018220259014027,4,0,0,0.3318374092177119,single,1,passed,sae_A_iid
0.5021754414923653,0.5001842369978631,4,0,0,0.3400348803499829,up_to_four,1,passed,sae_B_iid
0.5009022929921417,0.5009497831502918,4,0,0,0.33231340159632694,single,1,passed,sae_B_iid
0.5003748148764025,0.5004254218849946,4,0,0,0.3359519939322589,up_to_four,1,passed,sae_C_iid
0.5003748148764025,0.5004254218849946,4,0,0,0.3359519939322589,single,1,passed,sae_C_iid
0.502556101574997,0.503177062505127,4,0,0,0.3445553310971938,up_to_four,1,passed,sae_D_iid
0.5014547701078709,0.5015042971794123,4,0,0,0.33048169665473004,single,1,passed,sae_D_iid
0.0625476956605429,,4,0,0,0.011324150251300388,up_to_four,1,passed,sae_state_iid
0.0625,,4,0,0,0.011161832339146669,single,1,passed,sae_state_iid
0.5014201379191957,0.5025072496131191,4,0,0,0.33273995090476594,up_to_four,1,passed,sae_128_current_iid
0.5008175581154032,0.5008176481901148,4,0,0,0.3289631527826409,single,1,passed,sae_128_current_iid
0.5000711608594871,0.4981608277521847,4,0,0,0.34731472627611953,up_to_four,1,passed,sae_128_current_transfer
0.4996915553189464,0.49809152889470915,4,0,0,0.32721188202871926,single,1,passed,sae_128_current_transfer
0.4999228371807356,0.5019592023748943,4,0,0,0.329004540261658,up_to_four,1,passed,sae_128_previous_iid
0.4999228371807356,0.5019592023748943,4,0,0,0.329004540261658,single,1,passed,sae_128_previous_iid
0.5,0.49944884288585645,4,0,0,0.34202323604420515,up_to_four,1,passed,sae_128_previous_transfer
0.5,0.49944884288585645,4,0,0,0.34202323604420515,single,1,passed,sae_128_previous_transfer
0.7203755774251858,,4,0,0,0.644779542450771,up_to_four,1,passed,sae_128_query_iid
0.5,,4,0,0,0.37533093561116937,single,1,passed,sae_128_query_iid
0.5005646440875301,0.4994837564082231,4,0,0,0.43310098374698547,up_to_four,1,passed,sae_128_A_iid
0.5003131817393769,0.5003130916453827,4,0,0,0.3275104008704242,single,1,passed,sae_128_A_iid
0.5000176512092239,0.5006653625318223,4,0,0,0.33952915692170665,up_to_four,1,passed,sae_128_B_iid
0.5003212239900826,0.5003210738947661,4,0,0,0.329130165200469,single,1,passed,sae_128_B_iid
0.5005566370929262,0.500655901032712,4,0,0,0.33640469788035515,up_to_four,1,passed,sae_128_C_iid
0.5000993739441518,0.5000993739441518,4,0,0,0.3321512722838546,single,1,passed,sae_128_C_iid
0.5001813656125672,0.5006420845365628,4,0,0,0.33750829794211035,up_to_four,1,passed,sae_128_D_iid
0.4994727259443829,0.4999195710799393,4,0,0,0.3356332570766023,single,1,passed,sae_128_D_iid
0.06243625701172871,,4,0,0,0.011155528221948886,up_to_four,1,passed,sae_128_state_iid
0.0625,,4,0,0,0.011162848945762558,single,1,passed,sae_128_state_iid
0.597753800912629,0.6381263174927813,4,0,0,0.5975609564888811,full,1,passed,full_current_iid
0.5,0.604831846646162,4,0,0,0.3199945370117454,full,1,passed,full_current_transfer
0.5994276614590857,0.6339140780893504,4,0,0,0.5994379901284812,full,1,passed,full_previous_iid
0.5,0.5917649659497476,4,0,0,0.32441082339249344,full,1,passed,full_previous_transfer
1.0,,4,0,0,1.0,full,1,passed,full_query_iid
0.6208431894911642,0.6680191777279317,4,0,0,0.6208332661433464,full,1,passed,full_A_iid
0.6144552836833503,0.6542285713119259,4,0,0,0.6144693517604567,full,1,passed,full_B_iid
0.6160639215770474,0.6635080346338946,4,0,0,0.6144397162119473,full,1,passed,full_C_iid
0.6232448230691932,0.6741690867440322,4,0,0,0.6232988059411768,full,1,passed,full_D_iid
0.10975776854851917,,4,0,0,0.03582562226748533,full,1,passed,full_state_iid
0.513615613334324,0.5370279224399886,16,0,0,0.4114630595886267,up_to_four,1,passed,coordinate_current_iid
0.5124584135064989,0.5245778758733644,16,0,0,0.48618784274950233,single,1,passed,coordinate_current_iid
0.5,0.562100357698682,16,0,0,0.34615889691398555,up_to_four,1,passed,coordinate_current_transfer
0.5,0.5411701597824404,16,0,0,0.34615889691398555,single,1,passed,coordinate_current_transfer
0.5035746852374738,0.5404163316593649,16,0,0,0.4731491591152548,up_to_four,1,passed,coordinate_previous_iid
0.5016286118001783,0.5254741457501444,16,0,0,0.4721918660981983,single,1,passed,coordinate_previous_iid
0.5,0.5623649042766226,16,0,0,0.34202323604420515,up_to_four,1,passed,coordinate_previous_transfer
0.5,0.5460331363013216,16,0,0,0.34202323604420515,single,1,passed,coordinate_previous_transfer
1.0,,16,0,0,1.0,up_to_four,1,passed,coordinate_query_iid
0.8193501993940917,,16,0,0,0.792126508139082,single,1,passed,coordinate_query_iid
0.5199891094379856,0.5377075549149672,16,0,0,0.516417415704845,up_to_four,1,passed,coordinate_A_iid
0.5115252441719922,0.5261666494036563,16,0,0,0.4536994012557449,single,1,passed,coordinate_A_iid
0.5196483574929424,0.533936991346985,16,0,0,0.5186941977605641,up_to_four,1,passed,coordinate_B_iid
0.5142533314355948,0.5260868812130456,16,0,0,0.5061330400365818,single,1,passed,coordinate_B_iid
0.5255928957820336,0.5420427236757027,16,0,0,0.4404470680659941,up_to_four,1,passed,coordinate_C_iid
0.5119758853228885,0.5256447678408356,16,0,0,0.4536677155611323,single,1,passed,coordinate_C_iid
0.5337200650609081,0.5357759291943521,16,0,0,0.5321156041172574,up_to_four,1,passed,coordinate_D_iid
0.5134856227697797,0.5295966259347058,16,0,0,0.505787902719414,single,1,passed,coordinate_D_iid
0.07007657030100972,,16,0,0,0.021181723752712524,up_to_four,1,passed,coordinate_state_iid
0.06835774123089618,,16,0,0,0.02046779968794019,single,1,passed,coordinate_state_iid
0.513615613334324,0.5370279224399886,16,0,0,0.4114630595886267,up_to_four,1,passed,coordinate_128_current_iid
0.5124584135064989,0.5245778758733644,16,0,0,0.48618784274950233,single,1,passed,coordinate_128_current_iid
0.5,0.562100357698682,16,0,0,0.34615889691398555,up_to_four,1,passed,coordinate_128_current_transfer
0.5,0.5411701597824404,16,0,0,0.34615889691398555,single,1,passed,coordinate_128_current_transfer
0.5035746852374738,0.5404163316593649,16,0,0,0.4731491591152548,up_to_four,1,passed,coordinate_128_previous_iid
0.5016286118001783,0.5254741457501444,16,0,0,0.4721918660981983,single,1,passed,coordinate_128_previous_iid
0.5,0.5623649042766226,16,0,0,0.34202323604420515,up_to_four,1,passed,coordinate_128_previous_transfer
0.5,0.5460331363013216,16,0,0,0.34202323604420515,single,1,passed,coordinate_128_previous_transfer
1.0,,16,0,0,1.0,up_to_four,1,passed,coordinate_128_query_iid
0.8193501993940917,,16,0,0,0.792126508139082,single,1,passed,coordinate_128_query_iid
0.5199891094379856,0.5377075549149672,16,0,0,0.516417415704845,up_to_four,1,passed,coordinate_128_A_iid
0.5115252441719922,0.5261666494036563,16,0,0,0.4536994012557449,single,1,passed,coordinate_128_A_iid
0.5196483574929424,0.533936991346985,16,0,0,0.5186941977605641,up_to_four,1,passed,coordinate_128_B_iid
0.5142533314355948,0.5260868812130456,16,0,0,0.5061330400365818,single,1,passed,coordinate_128_B_iid
0.5255928957820336,0.5420427236757027,16,0,0,0.4404470680659941,up_to_four,1,passed,coordinate_128_C_iid
0.5119758853228885,0.5256447678408356,16,0,0,0.4536677155611323,single,1,passed,coordinate_128_C_iid
0.5337200650609081,0.5357759291943521,16,0,0,0.5321156041172574,up_to_four,1,passed,coordinate_128_D_iid
0.5134856227697797,0.5295966259347058,16,0,0,0.505787902719414,single,1,passed,coordinate_128_D_iid
0.07007657030100972,,16,0,0,0.021181723752712524,up_to_four,1,passed,coordinate_128_state_iid
0.06835774123089618,,16,0,0,0.02046779968794019,single,1,passed,coordinate_128_state_iid
0.527218496109413,0.5409611748368567,16,0,0,0.4732020672430245,up_to_four,1,passed,random_current_iid
0.5090662399020243,0.5226378667521989,16,0,0,0.48477353121093647,single,1,passed,random_current_iid
0.5,0.5594514574456441,16,0,0,0.3199945370117454,up_to_four,1,passed,random_current_transfer
0.5,0.565111133994846,16,0,0,0.3199945370117454,single,1,passed,random_current_transfer
0.508528642157238,0.5265952900484847,16,0,0,0.49687473808326477,up_to_four,1,passed,random_previous_iid
0.5045469887216999,0.5279830430013698,16,0,0,0.48021107698362764,single,1,passed,random_previous_iid
0.512776925334651,0.5563995155315963,16,0,0,0.40837867772163056,up_to_four,1,passed,random_previous_transfer
0.5,0.5691950171087193,16,0,0,0.32441082339249344,single,1,passed,random_previous_transfer
1.0,,16,0,0,1.0,up_to_four,1,passed,random_query_iid
0.9659431886377275,,16,0,0,0.9657245068965086,single,1,passed,random_query_iid
0.5224137940872333,0.5381736111467733,16,0,0,0.5179725196992881,up_to_four,1,passed,random_A_iid
0.5019474167203902,0.5122082016947461,16,0,0,0.4974969147631606,single,1,passed,random_A_iid
0.5745576070627891,0.5989159555884369,16,0,0,0.5745658318826046,up_to_four,1,passed,random_B_iid
0.5089264486519519,0.5193265631406568,16,0,0,0.48499825844046374,single,1,passed,random_B_iid
0.5315217210971104,0.5477672608825844,16,0,0,0.48523107177974434,up_to_four,1,passed,random_C_iid
0.5112378510303074,0.5305643080973884,16,0,0,0.46536721509222345,single,1,passed,random_C_iid
0.5206266534391535,0.5320720632709641,16,0,0,0.5183614578909879,up_to_four,1,passed,random_D_iid
0.5109585204667568,0.5244845779949038,16,0,0,0.49419596431801915,single,1,passed,random_D_iid
0.07391551307141066,,16,0,0,0.022166777538899507,up_to_four,1,passed,random_state_iid
0.06682780807542106,,16,0,0,0.019870543859454932,single,1,passed,random_state_iid
0.5076308893648749,0.5162289209161647,16,0,0,0.4833788910460146,up_to_four,1,passed,random_128_current_iid
0.5050502688950324,0.5068279633859508,16,0,0,0.47601133035803445,single,1,passed,random_128_current_iid
0.5,0.5539632469947288,16,0,0,0.34615889691398555,up_to_four,1,passed,random_128_current_transfer
0.5,0.5526371777360257,16,0,0,0.34615889691398555,single,1,passed,random_128_current_transfer
0.5153562035500324,0.5160077545024924,16,0,0,0.5149361700841029,up_to_four,1,passed,random_128_previous_iid
0.5016032199498883,0.5140266128299397,16,0,0,0.47249344726008,single,1,passed,random_128_previous_iid
0.5841234428464748,0.6126710407525607,16,0,0,0.5756591797191843,up_to_four,1,passed,random_128_previous_transfer
0.5,0.5423293121960462,16,0,0,0.34202323604420515,single,1,passed,random_128_previous_transfer
1.0,,16,0,0,1.0,up_to_four,1,passed,random_128_query_iid
0.9990968067081984,,16,0,0,0.9990980063572061,single,1,passed,random_128_query_iid
0.5292651420300285,0.5276243852448821,16,0,0,0.5284656954858566,up_to_four,1,passed,random_128_A_iid
0.5122697208770939,0.5217147998335183,16,0,0,0.4910643422024491,single,1,passed,random_128_A_iid
0.538354796830179,0.5359440258942039,16,0,0,0.5243723226363836,up_to_four,1,passed,random_128_B_iid
0.5161571404304589,0.517031305560283,16,0,0,0.46665008601065877,single,1,passed,random_128_B_iid
0.5352198678765561,0.5687460335300708,16,0,0,0.5068455781939517,up_to_four,1,passed,random_128_C_iid
0.5,0.5194591673343515,16,0,0,0.3347303994943951,single,1,passed,random_128_C_iid
0.5136897391924039,0.5277557179034135,16,0,0,0.4987196800708307,up_to_four,1,passed,random_128_D_iid
0.5136897391924039,0.5277557179034135,16,0,0,0.4987196800708307,single,1,passed,random_128_D_iid
0.07161265053651228,,16,0,0,0.02145014265622945,up_to_four,1,passed,random_128_state_iid
0.06318334025268678,,16,0,0,0.013457118003499361,single,1,passed,random_128_state_iid
0.5666309463721589,0.5943881392982595,16,0,0,0.5622211558744051,up_to_four,1,passed,sae_current_iid
0.549952232379625,0.5570752905289763,16,0,0,0.5337651025309704,single,1,passed,sae_current_iid
0.5284037882511883,0.6265184221621632,16,0,0,0.40921254724651296,up_to_four,1,passed,sae_current_transfer
0.5984108541440393,0.6220101105090098,16,0,0,0.5983937200927044,single,1,passed,sae_current_transfer
0.5574709139761294,0.5810688975930166,16,0,0,0.5488050827124988,up_to_four,1,passed,sae_previous_iid
0.5459179685041752,0.5562598762923834,16,0,0,0.5320360440959007,single,1,passed,sae_previous_iid
0.5289393708598199,0.6217496219734657,16,0,0,0.4059140141108189,up_to_four,1,passed,sae_previous_transfer
0.5905998640219051,0.6160346409769617,16,0,0,0.5904690745429324,single,1,passed,sae_previous_transfer
1.0,,16,0,0,1.0,up_to_four,1,passed,sae_query_iid
0.5,,16,0,0,0.37485014985014986,single,1,passed,sae_query_iid
0.5861133962451687,0.6148207613521111,16,0,0,0.5841222152087396,up_to_four,1,passed,sae_A_iid
0.5611904093421626,0.5716003349134118,16,0,0,0.5504795803144555,single,1,passed,sae_A_iid
0.5768513636899977,0.5976133483807557,16,0,0,0.5747646387929635,up_to_four,1,passed,sae_B_iid
0.5572624039169835,0.5710868930205437,16,0,0,0.5552949821623036,single,1,passed,sae_B_iid
0.5834984040516568,0.6173757836448529,16,0,0,0.5761790186176634,up_to_four,1,passed,sae_C_iid
0.5581841343282915,0.5710909966016551,16,0,0,0.5554578832155523,single,1,passed,sae_C_iid
0.5788346009700176,0.6070059016722806,16,0,0,0.5772748970121939,up_to_four,1,passed,sae_D_iid
0.5572013042943276,0.5737842315577447,16,0,0,0.5555022203144224,single,1,passed,sae_D_iid
0.09362088088833462,,16,0,0,0.028159450094497072,up_to_four,1,passed,sae_state_iid
0.08653550894252046,,16,0,0,0.026208599517942112,single,1,passed,sae_state_iid
0.5199301308477303,0.5223618578193496,16,0,0,0.4454046503552909,up_to_four,1,passed,sae_128_current_iid
0.5167392441987082,0.5182267730146093,16,0,0,0.4226698491662055,single,1,passed,sae_128_current_iid
0.5008536064874093,0.5006642489784895,16,0,0,0.34804512585975816,up_to_four,1,passed,sae_128_current_transfer
0.5008536064874093,0.5008536064874093,16,0,0,0.34804512585975816,single,1,passed,sae_128_current_transfer
0.5224760310286332,0.5241416220923647,16,0,0,0.4463047028784205,up_to_four,1,passed,sae_128_previous_iid
0.5155439635234927,0.5165014233408031,16,0,0,0.41802228273865205,single,1,passed,sae_128_previous_iid
0.5000170901430742,0.5000169972618619,16,0,0,0.3424264867237218,up_to_four,1,passed,sae_128_previous_transfer
0.5000170901430742,0.5000169972618619,16,0,0,0.3424264867237218,single,1,passed,sae_128_previous_transfer
1.0,,16,0,0,1.0,up_to_four,1,passed,sae_128_query_iid
0.5,,16,0,0,0.37533093561116937,single,1,passed,sae_128_query_iid
0.5254255261972263,0.5338538944295194,16,0,0,0.45627402961536623,up_to_four,1,passed,sae_128_A_iid
0.5183583881227446,0.5184558147669882,16,0,0,0.42733283409569345,single,1,passed,sae_128_A_iid
0.5217512128902339,0.5268913470810503,16,0,0,0.4480669563538107,up_to_four,1,passed,sae_128_B_iid
0.516843416243051,0.5174928736744983,16,0,0,0.42357209737827717,single,1,passed,sae_128_B_iid
0.5248884028207079,0.5289662596708463,16,0,0,0.44448805049374457,up_to_four,1,passed,sae_128_C_iid
0.5180758224293922,0.5207186373227153,16,0,0,0.4181613958377308,single,1,passed,sae_128_C_iid
0.5212990840716132,0.5266546768295497,16,0,0,0.4501985205196345,up_to_four,1,passed,sae_128_D_iid
0.5177735095976375,0.5192109862860681,16,0,0,0.42688100360093206,single,1,passed,sae_128_D_iid
0.07311006300128119,,16,0,0,0.022544535886908346,up_to_four,1,passed,sae_128_state_iid
0.07086769747180133,,16,0,0,0.021552416175690592,single,1,passed,sae_128_state_iid
0.597753800912629,0.6381263174927813,16,0,0,0.5975609564888811,full,1,passed,full_current_iid
0.5,0.604831846646162,16,0,0,0.3199945370117454,full,1,passed,full_current_transfer
0.5994276614590857,0.6339140780893504,16,0,0,0.5994379901284812,full,1,passed,full_previous_iid
0.5,0.5917649659497476,16,0,0,0.32441082339249344,full,1,passed,full_previous_transfer
1.0,,16,0,0,1.0,full,1,passed,full_query_iid
0.6208431894911642,0.6680191777279317,16,0,0,0.6208332661433464,full,1,passed,full_A_iid
0.6144552836833503,0.6542285713119259,16,0,0,0.6144693517604567,full,1,passed,full_B_iid
0.6160639215770474,0.6635080346338946,16,0,0,0.6144397162119473,full,1,passed,full_C_iid
0.6232448230691932,0.6741690867440322,16,0,0,0.6232988059411768,full,1,passed,full_D_iid
0.10975776854851917,,16,0,0,0.03582562226748533,full,1,passed,full_state_iid
0.9219328479814297,0.9852406379947783,4,3,0,0.9221798074908716,up_to_four,1,passed,coordinate_current_iid
0.9106722279727697,0.975676925469061,4,3,0,0.9099498809087174,single,1,passed,coordinate_current_iid
0.928015326057601,0.9882365189435227,4,3,0,0.9252811354823718,up_to_four,1,passed,coordinate_current_transfer
0.9163251107324502,0.9739264667880368,4,3,0,0.9154939480932615,single,1,passed,coordinate_current_transfer
0.700087341498678,0.7805575791670896,4,3,0,0.7001165094757853,up_to_four,1,passed,coordinate_previous_iid
0.6774991717915134,0.7373028624201655,4,3,0,0.6774960631253688,single,1,passed,coordinate_previous_iid
0.5570853504036618,0.8416260156560571,4,3,0,0.4623519060467336,up_to_four,1,passed,coordinate_previous_transfer
0.5760520654924005,0.7791184458372499,4,3,0,0.5025160014754286,single,1,passed,coordinate_previous_transfer
0.9976902992568789,,4,3,0,0.9976959667994605,up_to_four,1,passed,coordinate_query_iid
0.9196344616157235,,4,3,0,0.9189854902240815,single,1,passed,coordinate_query_iid
0.629104853802924,0.6429308733508582,4,3,0,0.6283465426937134,up_to_four,1,passed,coordinate_A_iid
0.6259368836913863,0.6427823083544831,4,3,0,0.6252999063249767,single,1,passed,coordinate_A_iid
0.6268461924060256,0.6314865191991522,4,3,0,0.6268210196292243,up_to_four,1,passed,coordinate_B_iid
0.6175385817009234,0.6283892723234963,4,3,0,0.6140008997257997,single,1,passed,coordinate_B_iid
0.6323014460443935,0.6610213959392048,4,3,0,0.632036273713948,up_to_four,1,passed,coordinate_C_iid
0.6261921435661781,0.6496223135096232,4,3,0,0.6245237976907331,single,1,passed,coordinate_C_iid
0.6290467602846479,0.6450127821100448,4,3,0,0.6252031464754915,up_to_four,1,passed,coordinate_D_iid
0.6250060882449449,0.6468389051188682,4,3,0,0.6217305962500785,single,1,passed,coordinate_D_iid
0.12056810575822488,,4,3,0,0.04993033085117984,up_to_four,1,passed,coordinate_state_iid
0.11564912487232096,,4,3,0,0.034818850168096556,single,1,passed,coordinate_state_iid
0.9157514809083247,0.9817515940421623,4,3,0,0.9156059359602984,up_to_four,1,passed,coordinate_128_current_iid
0.9015742817722732,0.9745218574094097,4,3,0,0.9014037857359596,single,1,passed,coordinate_128_current_iid
0.9144978391061873,0.9851269755841343,4,3,0,0.9166922949095779,up_to_four,1,passed,coordinate_128_current_transfer
0.8885621749996924,0.9854802702266849,4,3,0,0.8817145577995069,single,1,passed,coordinate_128_current_transfer
0.7221033285494117,0.8003597351996055,4,3,0,0.7220140493838169,up_to_four,1,passed,coordinate_128_previous_iid
0.6579573543932116,0.7223148060583408,4,3,0,0.6501908132943417,single,1,passed,coordinate_128_previous_iid
0.5843862966774532,0.8363683817492132,4,3,0,0.5117740474079558,up_to_four,1,passed,coordinate_128_previous_transfer
0.5760520654924005,0.7791184458372499,4,3,0,0.5025160014754286,single,1,passed,coordinate_128_previous_transfer
0.9684243550549888,,4,3,0,0.9685774842072855,up_to_four,1,passed,coordinate_128_query_iid
0.7362322345815643,,4,3,0,0.7299373324696163,single,1,passed,coordinate_128_query_iid
0.6242329610058879,0.6406437071732568,4,3,0,0.6242475968597136,up_to_four,1,passed,coordinate_128_A_iid
0.6261234433271887,0.6388089479873457,4,3,0,0.6259294735411987,single,1,passed,coordinate_128_A_iid
0.6255074822715416,0.6396109385304043,4,3,0,0.6254359443086318,up_to_four,1,passed,coordinate_128_B_iid
0.6210030217589377,0.637914756386896,4,3,0,0.6210045236825004,single,1,passed,coordinate_128_B_iid
0.6279943450955568,0.6534857968512771,4,3,0,0.6277012835313673,up_to_four,1,passed,coordinate_128_C_iid
0.6261921435661781,0.6496223135096232,4,3,0,0.6245237976907331,single,1,passed,coordinate_128_C_iid
0.6233592179873673,0.6415526863099084,4,3,0,0.6233094321516321,up_to_four,1,passed,coordinate_128_D_iid
0.619054508377425,0.6373415634388715,4,3,0,0.6190981385573715,single,1,passed,coordinate_128_D_iid
0.11792391866430094,,4,3,0,0.044772568598897,up_to_four,1,passed,coordinate_128_state_iid
0.11431592858967562,,4,3,0,0.03424125262796472,single,1,passed,coordinate_128_state_iid
0.9218715171111527,0.9822985877406156,4,3,0,0.9222432415974929,up_to_four,1,passed,random_current_iid
0.9018896633623793,0.9547195425773954,4,3,0,0.9012970142346806,single,1,passed,random_current_iid
0.9204731654746616,0.9876960526205006,4,3,0,0.92232462270076,up_to_four,1,passed,random_current_transfer
0.7253764806154257,0.9609398932797595,4,3,0,0.7160942653666315,single,1,passed,random_current_transfer
0.751110053406024,0.8368635048905582,4,3,0,0.7501157960578907,up_to_four,1,passed,random_previous_iid
0.7317060147970171,0.7984288345186905,4,3,0,0.7298737060911751,single,1,passed,random_previous_iid
0.6872513105539064,0.8382297212449055,4,3,0,0.6526980891542503,up_to_four,1,passed,random_previous_transfer
0.6056741132630656,0.800243906063657,4,3,0,0.5315968905217578,single,1,passed,random_previous_transfer
0.9883247572624748,,4,3,0,0.9883236333175329,up_to_four,1,passed,random_query_iid
0.7149944267188686,,4,3,0,0.7003435965117434,single,1,passed,random_query_iid
0.6263651655135286,0.6486857473533563,4,3,0,0.6263346628878477,up_to_four,1,passed,random_A_iid
0.6204616714572146,0.6426604111803804,4,3,0,0.6182456168454503,single,1,passed,random_A_iid
0.6238207911552152,0.6462123606975374,4,3,0,0.6238298195295789,up_to_four,1,passed,random_B_iid
0.6101703225616395,0.6314737210718294,4,3,0,0.6100903837553591,single,1,passed,random_B_iid
0.6294015159461679,0.6725060517651945,4,3,0,0.6250415474796418,up_to_four,1,passed,random_C_iid
0.6233619812370352,0.6428422744098713,4,3,0,0.6197922253496334,single,1,passed,random_C_iid
0.6289740217792543,0.6450068741091937,4,3,0,0.6255799301862912,up_to_four,1,passed,random_D_iid
0.6301762899388867,0.6315121690398005,4,3,0,0.6210942821407635,single,1,passed,random_D_iid
0.11849394282135037,,4,3,0,0.04920641438386955,up_to_four,1,passed,random_state_iid
0.11246723302310974,,4,3,0,0.034382740305471844,single,1,passed,random_state_iid
0.9134751127975589,0.9791369353396481,4,3,0,0.9133513303087211,up_to_four,1,passed,random_128_current_iid
0.9018896633623793,0.9547195425773954,4,3,0,0.9012970142346806,single,1,passed,random_128_current_iid
0.9273972223463557,0.9884062039964068,4,3,0,0.9282783671516062,up_to_four,1,passed,random_128_current_transfer
0.9122453833684037,0.9780549300308218,4,3,0,0.9143057220930706,single,1,passed,random_128_current_transfer
0.7127006016794648,0.7891641924335058,4,3,0,0.7111260979465386,up_to_four,1,passed,random_128_previous_iid
0.6818049783499547,0.7475800896947771,4,3,0,0.6814036855354265,single,1,passed,random_128_previous_iid
0.7267393864638636,0.8051346591816794,4,3,0,0.7268316018539736,up_to_four,1,passed,random_128_previous_transfer
0.6678218612651907,0.7855692317980688,4,3,0,0.6569652414217442,single,1,passed,random_128_previous_transfer
0.9627801847363151,,4,3,0,0.9624543638146736,up_to_four,1,passed,random_128_query_iid
0.7149944267188686,,4,3,0,0.7003435965117434,single,1,passed,random_128_query_iid
0.6289904043990054,0.6434096428462851,4,3,0,0.6260604631269975,up_to_four,1,passed,random_128_A_iid
0.6189209590473645,0.6355607742001153,4,3,0,0.6189255107689753,single,1,passed,random_128_A_iid
0.6254361970025445,0.6401645200768296,4,3,0,0.6254605434109917,up_to_four,1,passed,random_128_B_iid
0.6101703225616395,0.6314737210718294,4,3,0,0.6100903837553591,single,1,passed,random_128_B_iid
0.6318950449143326,0.6660164541930669,4,3,0,0.6314217621963019,up_to_four,1,passed,random_128_C_iid
0.6225358434476265,0.651707856284816,4,3,0,0.6215998697902864,single,1,passed,random_128_C_iid
0.6289871595709774,0.6465487421685944,4,3,0,0.6284228367804257,up_to_four,1,passed,random_128_D_iid
0.62501650234814,0.6275744564318783,4,3,0,0.6234430870198744,single,1,passed,random_128_D_iid
0.1198867257692277,,4,3,0,0.046415978280646385,up_to_four,1,passed,random_128_state_iid
0.11164117785681385,,4,3,0,0.033517729369778926,single,1,passed,random_128_state_iid
0.7186201322825204,0.8184241337134673,4,3,0,0.7024635316077806,up_to_four,1,passed,sae_current_iid
0.6299583526560271,0.6309078051699202,4,3,0,0.5794484110383284,single,1,passed,sae_current_iid
0.5242792109256449,0.5502497673307052,4,3,0,0.37199776948711477,up_to_four,1,passed,sae_current_transfer
0.5091047040971168,0.5183990895295902,4,3,0,0.3399898870156739,single,1,passed,sae_current_transfer
0.5899131019060746,0.6441525594095974,4,3,0,0.5075535466695325,up_to_four,1,passed,sae_previous_iid
0.5709589747835486,0.5711460708045799,4,3,0,0.4701636732517587,single,1,passed,sae_previous_iid
0.5062780269058296,0.5807505545008378,4,3,0,0.3557858450497488,up_to_four,1,passed,sae_previous_transfer
0.5753593574106204,0.5754243742592723,4,3,0,0.4740131489530319,single,1,passed,sae_previous_transfer
0.6233909199909422,,4,3,0,0.5706990525610678,up_to_four,1,passed,sae_query_iid
0.35037758706591693,,4,3,0,0.2516855344242591,single,1,passed,sae_query_iid
0.5743712808135599,0.6319210268881421,4,3,0,0.4911946851565889,up_to_four,1,passed,sae_A_iid
0.5713839892020947,0.5706517052175364,4,3,0,0.4837384389731116,single,1,passed,sae_A_iid
0.5890524718817438,0.6633011627704057,4,3,0,0.5023253176043557,up_to_four,1,passed,sae_B_iid
0.5877245085719235,0.5875716014697974,4,3,0,0.5124725312644418,single,1,passed,sae_B_iid
0.587091381656938,0.6581170956675271,4,3,0,0.5360736817987657,up_to_four,1,passed,sae_C_iid
0.5840570412239662,0.5843897594295517,4,3,0,0.5007367622231451,single,1,passed,sae_C_iid
0.5894946372175055,0.6576793406703093,4,3,0,0.5053813427817947,up_to_four,1,passed,sae_D_iid
0.5886289849165334,0.5881290979496073,4,3,0,0.5012931683447629,single,1,passed,sae_D_iid
0.09256235681355629,,4,3,0,0.028454835293220952,up_to_four,1,passed,sae_state_iid
0.0625,,4,3,0,0.011161832339146669,single,1,passed,sae_state_iid
0.6783138206153713,0.7249934235452253,4,3,0,0.6399459537632866,up_to_four,1,passed,sae_128_current_iid
0.5906660020087061,0.590813219116464,4,3,0,0.5068698863071445,single,1,passed,sae_128_current_iid
0.5136570561456753,0.5278831562974203,4,3,0,0.349760301533133,up_to_four,1,passed,sae_128_current_transfer
0.5091047040971168,0.5183990895295902,4,3,0,0.3399898870156739,single,1,passed,sae_128_current_transfer
0.6186593033764926,0.6223044714944438,4,3,0,0.5719398901678138,up_to_four,1,passed,sae_128_previous_iid
0.5382965567196085,0.5384173845147125,4,3,0,0.4206814229261663,single,1,passed,sae_128_previous_iid
0.577333083173268,0.5777272710385234,4,3,0,0.49873697932679895,up_to_four,1,passed,sae_128_previous_transfer
0.5008968609865471,0.5008968609865471,4,3,0,0.34400769203629045,single,1,passed,sae_128_previous_transfer
0.5040370910660731,,4,3,0,0.5061349255766167,up_to_four,1,passed,sae_128_query_iid
0.34121516411692066,,4,3,0,0.24001526032219736,single,1,passed,sae_128_query_iid
0.5718554110317753,0.6056889792551671,4,3,0,0.4838478247872616,up_to_four,1,passed,sae_128_A_iid
0.5713839892020947,0.5706517052175364,4,3,0,0.4837384389731116,single,1,passed,sae_128_A_iid
0.5871016330210337,0.5862200331698642,4,3,0,0.4990316822213068,up_to_four,1,passed,sae_128_B_iid
0.5871016330210337,0.5862200331698642,4,3,0,0.4990316822213068,single,1,passed,sae_128_B_iid
0.5896163118714182,0.599904420206438,4,3,0,0.5104464433210862,up_to_four,1,passed,sae_128_C_iid
0.5840570412239662,0.5843897594295517,4,3,0,0.5007367622231451,single,1,passed,sae_128_C_iid
0.5270561605348427,0.538691102038024,4,3,0,0.4300987731171871,up_to_four,1,passed,sae_128_D_iid
0.5143206736290554,0.5136807870690804,4,3,0,0.37314491534540284,single,1,passed,sae_128_D_iid
0.08543537748626373,,4,3,0,0.03251288984271118,up_to_four,1,passed,sae_128_state_iid
0.0625,,4,3,0,0.011161832339146669,single,1,passed,sae_128_state_iid
0.9299347650915575,0.9887619587190399,4,3,0,0.9294430146820611,full,1,passed,full_current_iid
0.9260922018060448,0.9902695013137639,4,3,0,0.9287478628243134,full,1,passed,full_current_transfer
0.8503204003483036,0.929460423758689,4,3,0,0.8500225635570968,full,1,passed,full_previous_iid
0.5693869096934548,0.9014166242509131,4,3,0,0.4628932340979447,full,1,passed,full_previous_transfer
1.0,,4,3,0,1.0,full,1,passed,full_query_iid
0.6524025400460046,0.7265160168952667,4,3,0,0.6521570137433064,full,1,passed,full_A_iid
0.6509083928658055,0.712069642705904,4,3,0,0.6466015174452133,full,1,passed,full_B_iid
0.6549976118552145,0.732134178405541,4,3,0,0.6537476308350884,full,1,passed,full_C_iid
0.657121099678028,0.7311651430833692,4,3,0,0.6568801342214481,full,1,passed,full_D_iid
0.13440295762906726,,4,3,0,0.07603865944841523,full,1,passed,full_state_iid
0.9219328479814297,0.9852406379947783,16,3,0,0.9221798074908716,up_to_four,1,passed,coordinate_current_iid
0.9106722279727697,0.975676925469061,16,3,0,0.9099498809087174,single,1,passed,coordinate_current_iid
0.928015326057601,0.9882365189435227,16,3,0,0.9252811354823718,up_to_four,1,passed,coordinate_current_transfer
0.9163251107324502,0.9739264667880368,16,3,0,0.9154939480932615,single,1,passed,coordinate_current_transfer
0.700087341498678,0.7805575791670896,16,3,0,0.7001165094757853,up_to_four,1,passed,coordinate_previous_iid
0.6774991717915134,0.7373028624201655,16,3,0,0.6774960631253688,single,1,passed,coordinate_previous_iid
0.5570853504036618,0.8416260156560571,16,3,0,0.4623519060467336,up_to_four,1,passed,coordinate_previous_transfer
0.5760520654924005,0.7791184458372499,16,3,0,0.5025160014754286,single,1,passed,coordinate_previous_transfer
0.9976902992568789,,16,3,0,0.9976959667994605,up_to_four,1,passed,coordinate_query_iid
0.9196344616157235,,16,3,0,0.9189854902240815,single,1,passed,coordinate_query_iid
0.629104853802924,0.6429308733508582,16,3,0,0.6283465426937134,up_to_four,1,passed,coordinate_A_iid
0.6259368836913863,0.6427823083544831,16,3,0,0.6252999063249767,single,1,passed,coordinate_A_iid
0.6268461924060256,0.6314865191991522,16,3,0,0.6268210196292243,up_to_four,1,passed,coordinate_B_iid
0.6175385817009234,0.6283892723234963,16,3,0,0.6140008997257997,single,1,passed,coordinate_B_iid
0.6323014460443935,0.6610213959392048,16,3,0,0.632036273713948,up_to_four,1,passed,coordinate_C_iid
0.6261921435661781,0.6496223135096232,16,3,0,0.6245237976907331,single,1,passed,coordinate_C_iid
0.6290467602846479,0.6450127821100448,16,3,0,0.6252031464754915,up_to_four,1,passed,coordinate_D_iid
0.6250060882449449,0.6468389051188682,16,3,0,0.6217305962500785,single,1,passed,coordinate_D_iid
0.12056810575822488,,16,3,0,0.04993033085117984,up_to_four,1,passed,coordinate_state_iid
0.11564912487232096,,16,3,0,0.034818850168096556,single,1,passed,coordinate_state_iid
0.9157514809083247,0.9817515940421623,16,3,0,0.9156059359602984,up_to_four,1,passed,coordinate_128_current_iid
0.9015742817722732,0.9745218574094097,16,3,0,0.9014037857359596,single,1,passed,coordinate_128_current_iid
0.9144978391061873,0.9851269755841343,16,3,0,0.9166922949095779,up_to_four,1,passed,coordinate_128_current_transfer
0.8885621749996924,0.9854802702266849,16,3,0,0.8817145577995069,single,1,passed,coordinate_128_current_transfer
0.7221033285494117,0.8003597351996055,16,3,0,0.7220140493838169,up_to_four,1,passed,coordinate_128_previous_iid
0.6579573543932116,0.7223148060583408,16,3,0,0.6501908132943417,single,1,passed,coordinate_128_previous_iid
0.5843862966774532,0.8363683817492132,16,3,0,0.5117740474079558,up_to_four,1,passed,coordinate_128_previous_transfer
0.5760520654924005,0.7791184458372499,16,3,0,0.5025160014754286,single,1,passed,coordinate_128_previous_transfer
0.9684243550549888,,16,3,0,0.9685774842072855,up_to_four,1,passed,coordinate_128_query_iid
0.7362322345815643,,16,3,0,0.7299373324696163,single,1,passed,coordinate_128_query_iid
0.6242329610058879,0.6406437071732568,16,3,0,0.6242475968597136,up_to_four,1,passed,coordinate_128_A_iid
0.6261234433271887,0.6388089479873457,16,3,0,0.6259294735411987,single,1,passed,coordinate_128_A_iid
0.6255074822715416,0.6396109385304043,16,3,0,0.6254359443086318,up_to_four,1,passed,coordinate_128_B_iid
0.6210030217589377,0.637914756386896,16,3,0,0.6210045236825004,single,1,passed,coordinate_128_B_iid
0.6279943450955568,0.6534857968512771,16,3,0,0.6277012835313673,up_to_four,1,passed,coordinate_128_C_iid
0.6261921435661781,0.6496223135096232,16,3,0,0.6245237976907331,single,1,passed,coordinate_128_C_iid
0.6233592179873673,0.6415526863099084,16,3,0,0.6233094321516321,up_to_four,1,passed,coordinate_128_D_iid
0.619054508377425,0.6373415634388715,16,3,0,0.6190981385573715,single,1,passed,coordinate_128_D_iid
0.11792391866430094,,16,3,0,0.044772568598897,up_to_four,1,passed,coordinate_128_state_iid
0.11431592858967562,,16,3,0,0.03424125262796472,single,1,passed,coordinate_128_state_iid
0.9218715171111527,0.9822985877406156,16,3,0,0.9222432415974929,up_to_four,1,passed,random_current_iid
0.9018896633623793,0.9547195425773954,16,3,0,0.9012970142346806,single,1,passed,random_current_iid
0.9204731654746616,0.9876960526205006,16,3,0,0.92232462270076,up_to_four,1,passed,random_current_transfer
0.7253764806154257,0.9609398932797595,16,3,0,0.7160942653666315,single,1,passed,random_current_transfer
0.751110053406024,0.8368635048905582,16,3,0,0.7501157960578907,up_to_four,1,passed,random_previous_iid
0.7317060147970171,0.7984288345186905,16,3,0,0.7298737060911751,single,1,passed,random_previous_iid
0.6872513105539064,0.8382297212449055,16,3,0,0.6526980891542503,up_to_four,1,passed,random_previous_transfer
0.6056741132630656,0.800243906063657,16,3,0,0.5315968905217578,single,1,passed,random_previous_transfer
0.9883247572624748,,16,3,0,0.9883236333175329,up_to_four,1,passed,random_query_iid
0.7149944267188686,,16,3,0,0.7003435965117434,single,1,passed,random_query_iid
0.6263651655135286,0.6486857473533563,16,3,0,0.6263346628878477,up_to_four,1,passed,random_A_iid
0.6204616714572146,0.6426604111803804,16,3,0,0.6182456168454503,single,1,passed,random_A_iid
0.6238207911552152,0.6462123606975374,16,3,0,0.6238298195295789,up_to_four,1,passed,random_B_iid
0.6101703225616395,0.6314737210718294,16,3,0,0.6100903837553591,single,1,passed,random_B_iid
0.6294015159461679,0.6725060517651945,16,3,0,0.6250415474796418,up_to_four,1,passed,random_C_iid
0.6233619812370352,0.6428422744098713,16,3,0,0.6197922253496334,single,1,passed,random_C_iid
0.6289740217792543,0.6450068741091937,16,3,0,0.6255799301862912,up_to_four,1,passed,random_D_iid
0.6301762899388867,0.6315121690398005,16,3,0,0.6210942821407635,single,1,passed,random_D_iid
0.11849394282135037,,16,3,0,0.04920641438386955,up_to_four,1,passed,random_state_iid
0.11246723302310974,,16,3,0,0.034382740305471844,single,1,passed,random_state_iid
0.9134751127975589,0.9791369353396481,16,3,0,0.9133513303087211,up_to_four,1,passed,random_128_current_iid
0.9018896633623793,0.9547195425773954,16,3,0,0.9012970142346806,single,1,passed,random_128_current_iid
0.9273972223463557,0.9884062039964068,16,3,0,0.9282783671516062,up_to_four,1,passed,random_128_current_transfer
0.9122453833684037,0.9780549300308218,16,3,0,0.9143057220930706,single,1,passed,random_128_current_transfer
0.7127006016794648,0.7891641924335058,16,3,0,0.7111260979465386,up_to_four,1,passed,random_128_previous_iid
0.6818049783499547,0.7475800896947771,16,3,0,0.6814036855354265,single,1,passed,random_128_previous_iid
0.7267393864638636,0.8051346591816794,16,3,0,0.7268316018539736,up_to_four,1,passed,random_128_previous_transfer
0.6678218612651907,0.7855692317980688,16,3,0,0.6569652414217442,single,1,passed,random_128_previous_transfer
0.9627801847363151,,16,3,0,0.9624543638146736,up_to_four,1,passed,random_128_query_iid
0.7149944267188686,,16,3,0,0.7003435965117434,single,1,passed,random_128_query_iid
0.6289904043990054,0.6434096428462851,16,3,0,0.6260604631269975,up_to_four,1,passed,random_128_A_iid
0.6189209590473645,0.6355607742001153,16,3,0,0.6189255107689753,single,1,passed,random_128_A_iid
0.6254361970025445,0.6401645200768296,16,3,0,0.6254605434109917,up_to_four,1,passed,random_128_B_iid
0.6101703225616395,0.6314737210718294,16,3,0,0.6100903837553591,single,1,passed,random_128_B_iid
0.6318950449143326,0.6660164541930669,16,3,0,0.6314217621963019,up_to_four,1,passed,random_128_C_iid
0.6225358434476265,0.651707856284816,16,3,0,0.6215998697902864,single,1,passed,random_128_C_iid
0.6289871595709774,0.6465487421685944,16,3,0,0.6284228367804257,up_to_four,1,passed,random_128_D_iid
0.62501650234814,0.6275744564318783,16,3,0,0.6234430870198744,single,1,passed,random_128_D_iid
0.1198867257692277,,16,3,0,0.046415978280646385,up_to_four,1,passed,random_128_state_iid
0.11164117785681385,,16,3,0,0.033517729369778926,single,1,passed,random_128_state_iid
0.8445007827292269,0.9468193798664364,16,3,0,0.8441016991430048,up_to_four,1,passed,sae_current_iid
0.7705007641538197,0.77429053754346,16,3,0,0.762889144610529,single,1,passed,sae_current_iid
0.8467777974232482,0.9106270607504872,16,3,0,0.8496017270075507,up_to_four,1,passed,sae_current_transfer
0.5001896813353566,0.5064491654021245,16,3,0,0.3204174649504905,single,1,passed,sae_current_transfer
0.732226178224,0.8212128009104578,16,3,0,0.7313412741215909,up_to_four,1,passed,sae_previous_iid
0.6660276095668732,0.6895815644774597,16,3,0,0.662736679960917,single,1,passed,sae_previous_iid
0.7305488165075922,0.8457094452762473,16,3,0,0.7281723558037465,up_to_four,1,passed,sae_previous_transfer
0.6618653891165511,0.7008469837755098,16,3,0,0.661916575790495,single,1,passed,sae_previous_transfer
0.9999501793543244,,16,3,0,0.9999501096745864,up_to_four,1,passed,sae_query_iid
0.5,,16,3,0,0.37533093561116937,single,1,passed,sae_query_iid
0.6002175159321969,0.6741088159866306,16,3,0,0.55301454336315,up_to_four,1,passed,sae_A_iid
0.5750449336288056,0.5632607493071446,16,3,0,0.487957965050228,single,1,passed,sae_A_iid
0.6304846029422524,0.6732552340038018,16,3,0,0.6268808389731204,up_to_four,1,passed,sae_B_iid
0.5951128604709135,0.5713186852178608,16,3,0,0.5369371194695707,single,1,passed,sae_B_iid
0.5898939528909902,0.6483129765420389,16,3,0,0.5739935590063354,up_to_four,1,passed,sae_C_iid
0.5842702796874009,0.5838183317495872,16,3,0,0.499965040587167,single,1,passed,sae_C_iid
0.5909309823735696,0.6004486165344556,16,3,0,0.5451369556972626,up_to_four,1,passed,sae_D_iid
0.5882375748533695,0.5883717665811748,16,3,0,0.49665967252741966,single,1,passed,sae_D_iid
0.1200378096751617,,16,3,0,0.06436259369494146,up_to_four,1,passed,sae_state_iid
0.09751151593566593,,16,3,0,0.03061064897502149,single,1,passed,sae_state_iid
0.7910339552038042,0.9052070949728542,16,3,0,0.7782191472064575,up_to_four,1,passed,sae_128_current_iid
0.7628203136809796,0.7668250453656281,16,3,0,0.7548209876580088,single,1,passed,sae_128_current_iid
0.5001896813353566,0.5064491654021245,16,3,0,0.3204174649504905,up_to_four,1,passed,sae_128_current_transfer
0.5001896813353566,0.5064491654021245,16,3,0,0.3204174649504905,single,1,passed,sae_128_current_transfer
0.6225856409144346,0.6612523424530375,16,3,0,0.5694674743219179,up_to_four,1,passed,sae_128_previous_iid
0.6184028387603651,0.6202234713765489,16,3,0,0.5638539928064946,single,1,passed,sae_128_previous_iid
0.6413761651948091,0.653031457009002,16,3,0,0.5922897159993447,up_to_four,1,passed,sae_128_previous_transfer
0.6364796534416204,0.6201046957025721,16,3,0,0.589774484902487,single,1,passed,sae_128_previous_transfer
0.8956210367478393,,16,3,0,0.8986006349861835,up_to_four,1,passed,sae_128_query_iid
0.47449182941410917,,16,3,0,0.35852874583556493,single,1,passed,sae_128_query_iid
0.5782985581026829,0.5850011208193396,16,3,0,0.5348520692938766,up_to_four,1,passed,sae_128_A_iid
0.572918850507546,0.5756936103867805,16,3,0,0.5283204353015619,single,1,passed,sae_128_A_iid
0.5934269698629417,0.6278929671498589,16,3,0,0.5328753606676749,up_to_four,1,passed,sae_128_B_iid
0.5904963488013428,0.5604869216147021,16,3,0,0.5365725684554965,single,1,passed,sae_128_B_iid
0.5942571510663258,0.631091493021358,16,3,0,0.5635529725049526,up_to_four,1,passed,sae_128_C_iid
0.5520388254209809,0.5530130990899029,16,3,0,0.4603896809822522,single,1,passed,sae_128_C_iid
0.588330340480292,0.631639025834346,16,3,0,0.49687002583728024,up_to_four,1,passed,sae_128_D_iid
0.5882375748533695,0.5883717665811748,16,3,0,0.49665967252741966,single,1,passed,sae_128_D_iid
0.09681813342352838,,16,3,0,0.029448677069279536,up_to_four,1,passed,sae_128_state_iid
0.0625,,16,3,0,0.011161832339146669,single,1,passed,sae_128_state_iid
0.9299347650915575,0.9887619587190399,16,3,0,0.9294430146820611,full,1,passed,full_current_iid
0.9260922018060448,0.9902695013137639,16,3,0,0.9287478628243134,full,1,passed,full_current_transfer
0.8503204003483036,0.929460423758689,16,3,0,0.8500225635570968,full,1,passed,full_previous_iid
0.5693869096934548,0.9014166242509131,16,3,0,0.4628932340979447,full,1,passed,full_previous_transfer
1.0,,16,3,0,1.0,full,1,passed,full_query_iid
0.6524025400460046,0.7265160168952667,16,3,0,0.6521570137433064,full,1,passed,full_A_iid
0.6509083928658055,0.712069642705904,16,3,0,0.6466015174452133,full,1,passed,full_B_iid
0.6549976118552145,0.732134178405541,16,3,0,0.6537476308350884,full,1,passed,full_C_iid
0.657121099678028,0.7311651430833692,16,3,0,0.6568801342214481,full,1,passed,full_D_iid
0.13440295762906726,,16,3,0,0.07603865944841523,full,1,passed,full_state_iid
0.9984674488407665,0.9999902318979454,4,7,0,0.9984487707710563,up_to_four,1,passed,coordinate_current_iid
0.9984044365758735,0.9999866289094826,4,7,0,0.9983986901926301,single,1,passed,coordinate_current_iid
0.9986010697930165,0.999994333037356,4,7,0,0.9985892430562227,up_to_four,1,passed,coordinate_current_transfer
0.9979135053110774,0.9999873707689647,4,7,0,0.9977836111869098,single,1,passed,coordinate_current_transfer
0.7244756248052165,0.8103191717476348,4,7,0,0.7235595725400794,up_to_four,1,passed,coordinate_previous_iid
0.6728526537139363,0.7534101809195314,4,7,0,0.6728580339886517,single,1,passed,coordinate_previous_iid
0.7457674031527599,0.8570240488035042,4,7,0,0.7437105212868704,up_to_four,1,passed,coordinate_previous_transfer
0.6723862298029804,0.7888865771787146,4,7,0,0.668460829695543,single,1,passed,coordinate_previous_transfer
0.970530528381794,,4,7,0,0.9704857710745853,up_to_four,1,passed,coordinate_query_iid
0.6126026020227522,,4,7,0,0.5854187133753349,single,1,passed,coordinate_query_iid
0.6490036990692019,0.6750924772305699,4,7,0,0.6490193009283229,up_to_four,1,passed,coordinate_A_iid
0.6485786506204058,0.6618901884146712,4,7,0,0.648547250694061,single,1,passed,coordinate_A_iid
0.6430800415495856,0.6594968568839956,4,7,0,0.6430619998629828,up_to_four,1,passed,coordinate_B_iid
0.6436888481661394,0.657480701544709,4,7,0,0.6436843720345804,single,1,passed,coordinate_B_iid
0.6482287081974283,0.6612474749122793,4,7,0,0.6482165710419883,up_to_four,1,passed,coordinate_C_iid
0.647977753237026,0.6643236670063435,4,7,0,0.6479648770271773,single,1,passed,coordinate_C_iid
0.6477560972170953,0.6663120263986301,4,7,0,0.6477460115371292,up_to_four,1,passed,coordinate_D_iid
0.6479087839916329,0.6576079039278152,4,7,0,0.6479267831122,single,1,passed,coordinate_D_iid
0.12479294686877887,,4,7,0,0.03735381911411042,up_to_four,1,passed,coordinate_state_iid
0.12480899419650726,,4,7,0,0.03735671321510263,single,1,passed,coordinate_state_iid
0.9984674488407665,0.9999902318979454,4,7,0,0.9984487707710563,up_to_four,1,passed,coordinate_128_current_iid
0.9984044365758735,0.9999866289094826,4,7,0,0.9983986901926301,single,1,passed,coordinate_128_current_iid
0.9984588290306514,0.9999946568637927,4,7,0,0.9983878952594926,up_to_four,1,passed,coordinate_128_current_transfer
0.9979135053110774,0.9999873707689647,4,7,0,0.9977836111869098,single,1,passed,coordinate_128_current_transfer
0.7227524084441355,0.8019810146555663,4,7,0,0.7216473870598122,up_to_four,1,passed,coordinate_128_previous_iid
0.6728526537139363,0.7534101809195314,4,7,0,0.6728580339886517,single,1,passed,coordinate_128_previous_iid
0.5967714490583703,0.8928130375500165,4,7,0,0.5302598900433213,up_to_four,1,passed,coordinate_128_previous_transfer
0.6723862298029804,0.7888865771787146,4,7,0,0.668460829695543,single,1,passed,coordinate_128_previous_transfer
0.893439827891201,,4,7,0,0.8937344716997409,up_to_four,1,passed,coordinate_128_query_iid
0.5169510771643652,,4,7,0,0.5109576002024606,single,1,passed,coordinate_128_query_iid
0.6583337480159676,0.67271459641129,4,7,0,0.6513007019182058,up_to_four,1,passed,coordinate_128_A_iid
0.6481907759546457,0.6643033510431098,4,7,0,0.6482353463263846,single,1,passed,coordinate_128_A_iid
0.6478921774483668,0.6568768830958411,4,7,0,0.6468866025775176,up_to_four,1,passed,coordinate_128_B_iid
0.6438957395504441,0.6559032598061073,4,7,0,0.6439148149361342,single,1,passed,coordinate_128_B_iid
0.6481809113003695,0.6584343732602747,4,7,0,0.6481703096955718,up_to_four,1,passed,coordinate_128_C_iid
0.647977753237026,0.6643236670063435,4,7,0,0.6479648770271773,single,1,passed,coordinate_128_C_iid
0.6470735729153849,0.6510351378250482,4,7,0,0.6463439091579755,up_to_four,1,passed,coordinate_128_D_iid
0.6479087839916329,0.6576079039278152,4,7,0,0.6479267831122,single,1,passed,coordinate_128_D_iid
0.1247371159637112,,4,7,0,0.03733556517829897,up_to_four,1,passed,coordinate_128_state_iid
0.12480899419650726,,4,7,0,0.03735671321510263,single,1,passed,coordinate_128_state_iid
0.9983842598404822,0.9999855279963413,4,7,0,0.9983986252357786,up_to_four,1,passed,random_current_iid
0.9987018032236659,0.9999563838229981,4,7,0,0.9986989283202681,single,1,passed,random_current_iid
0.9983402275981729,0.9999946568637927,4,7,0,0.9983875141323262,up_to_four,1,passed,random_current_transfer
0.9959453691848058,0.9999933615580455,4,7,0,0.9961689293165616,single,1,passed,random_current_transfer
0.7863957821584782,0.8677445097196285,4,7,0,0.7851981621065622,up_to_four,1,passed,random_previous_iid
0.6841203536753346,0.7424316293542722,4,7,0,0.6840935543774993,single,1,passed,random_previous_iid
0.6478161769349944,0.8591902244381615,4,7,0,0.602817757357538,up_to_four,1,passed,random_previous_transfer
0.6114264325069383,0.7748602137753984,4,7,0,0.5454992022758611,single,1,passed,random_previous_transfer
0.9551429653541411,,4,7,0,0.9554117355839684,up_to_four,1,passed,random_query_iid
0.6408088174121365,,4,7,0,0.6337981088565476,single,1,passed,random_query_iid
0.6522104045930078,0.6841104255658886,4,7,0,0.6522557099873203,up_to_four,1,passed,random_A_iid
0.6478221713931929,0.6756425210858237,4,7,0,0.647881985960937,single,1,passed,random_A_iid
0.6463074710964452,0.6824701258287063,4,7,0,0.6463397880779069,up_to_four,1,passed,random_B_iid
0.6410549155135478,0.6794458653023016,4,7,0,0.6404278422647101,single,1,passed,random_B_iid
0.6491621002437586,0.6804613375104858,4,7,0,0.6481231270638836,up_to_four,1,passed,random_C_iid
0.6455703676878936,0.6809378264223307,4,7,0,0.6390051927134197,single,1,passed,random_C_iid
0.6562868499036134,0.6855859379005425,4,7,0,0.6507599319225715,up_to_four,1,passed,random_D_iid
0.654101169968418,0.6789112487695337,4,7,0,0.6541477525789893,single,1,passed,random_D_iid
0.1263886451865265,,4,7,0,0.04600819539980219,up_to_four,1,passed,random_state_iid
0.12421208712863704,,4,7,0,0.04020114925907317,single,1,passed,random_state_iid
0.9984674488407665,0.9999659117258218,4,7,0,0.9984487707710563,up_to_four,1,passed,random_128_current_iid
0.9981041875373109,0.9998697920002767,4,7,0,0.9980984446037481,single,1,passed,random_128_current_iid
0.9986485103660081,0.9999904471201143,4,7,0,0.99858937552436,up_to_four,1,passed,random_128_current_transfer
0.9968226959587108,0.9999669697034462,4,7,0,0.9969759246185893,single,1,passed,random_128_current_transfer
0.7712810263526761,0.8528411101792683,4,7,0,0.7713533229784919,up_to_four,1,passed,random_128_previous_iid
0.6653279191765512,0.7186448580810343,4,7,0,0.6616701557891626,single,1,passed,random_128_previous_iid
0.7655128343259239,0.8535839144601187,4,7,0,0.7658122123299334,up_to_four,1,passed,random_128_previous_transfer
0.5540759991232014,0.8181515895690683,4,7,0,0.45971809978372735,single,1,passed,random_128_previous_transfer
0.96137915435323,,4,7,0,0.9616241906042933,up_to_four,1,passed,random_128_query_iid
0.6548328478528351,,4,7,0,0.6417025688174987,single,1,passed,random_128_query_iid
0.6508613921818494,0.6797251804835467,4,7,0,0.6508937801369931,up_to_four,1,passed,random_128_A_iid
0.6478221713931929,0.6756425210858237,4,7,0,0.647881985960937,single,1,passed,random_128_A_iid
0.6460959767891001,0.6801419473422402,4,7,0,0.6455959030886398,up_to_four,1,passed,random_128_B_iid
0.6410549155135478,0.6794458653023016,4,7,0,0.6404278422647101,single,1,passed,random_128_B_iid
0.6499834678438388,0.676225829403169,4,7,0,0.6491130327723519,up_to_four,1,passed,random_128_C_iid
0.6520441146309097,0.6720989056055635,4,7,0,0.6504558163772107,single,1,passed,random_128_C_iid
0.654101169968418,0.6789112487695337,4,7,0,0.6541477525789893,up_to_four,1,passed,random_128_D_iid
0.654101169968418,0.6789112487695337,4,7,0,0.6541477525789893,single,1,passed,random_128_D_iid
0.12570471174651038,,4,7,0,0.0438484354164803,up_to_four,1,passed,random_128_state_iid
0.12421208712863704,,4,7,0,0.04020114925907317,single,1,passed,random_128_state_iid
0.8710082090489135,0.926971507246971,4,7,0,0.8717214236147725,up_to_four,1,passed,sae_current_iid
0.7205757543536911,0.7214706466131268,4,7,0,0.7024472285227972,single,1,passed,sae_current_iid
0.7421872014725036,0.7568533817518621,4,7,0,0.7334361131942373,up_to_four,1,passed,sae_current_transfer
0.7371367234075349,0.7381040739308709,4,7,0,0.7274950645684286,single,1,passed,sae_current_transfer
0.6724444846280002,0.7572355341797514,4,7,0,0.634428315880084,up_to_four,1,passed,sae_previous_iid
0.613090029986401,0.6134157939156323,4,7,0,0.5515074415644908,single,1,passed,sae_previous_iid
0.6722548957687036,0.7542076118011153,4,7,0,0.6346755320880029,up_to_four,1,passed,sae_previous_transfer
0.6151933229554059,0.6154249686990314,4,7,0,0.5577161256505297,single,1,passed,sae_previous_transfer
0.655035402843024,,4,7,0,0.6738604227109584,up_to_four,1,passed,sae_query_iid
0.37693997548014985,,4,7,0,0.2790921146733452,single,1,passed,sae_query_iid
0.6422359983947653,0.7329664165327044,4,7,0,0.6052358250188326,up_to_four,1,passed,sae_A_iid
0.6282067217907771,0.6251539068194457,4,7,0,0.5750307234597593,single,1,passed,sae_A_iid
0.6429498588783822,0.7331272101035041,4,7,0,0.6002401013385318,up_to_four,1,passed,sae_B_iid
0.6241910662947399,0.6243142395146614,4,7,0,0.568230631399421,single,1,passed,sae_B_iid
0.6334317359055981,0.7285236251026803,4,7,0,0.5925891923803249,up_to_four,1,passed,sae_C_iid
0.6227810331792069,0.6177193772820844,4,7,0,0.5619058514287171,single,1,passed,sae_C_iid
0.6262565817132193,0.7254082218303315,4,7,0,0.6120589595296153,up_to_four,1,passed,sae_D_iid
0.6212771984332062,0.6168050921279634,4,7,0,0.5652166451086587,single,1,passed,sae_D_iid
0.10970318521103682,,4,7,0,0.03399132770486644,up_to_four,1,passed,sae_state_iid
0.077020782567514,,4,7,0,0.023898006712473715,single,1,passed,sae_state_iid
0.717419936792373,0.8189037615359684,4,7,0,0.7016872621038246,up_to_four,1,passed,sae_128_current_iid
0.6285181981342605,0.6262872727154811,4,7,0,0.5650137762288944,single,1,passed,sae_128_current_iid
0.7766879938757945,0.7844667906274266,4,7,0,0.7756862632213466,up_to_four,1,passed,sae_128_current_transfer
0.507587253414264,0.5091047040971168,4,7,0,0.33669994897014527,single,1,passed,sae_128_current_transfer
0.5898374055556537,0.629099175902245,4,7,0,0.5297118434574839,up_to_four,1,passed,sae_128_previous_iid
0.5402347204627482,0.5404609608096016,4,7,0,0.4163964996597235,single,1,passed,sae_128_previous_iid
0.5757386842818982,0.616934381281092,4,7,0,0.496906699690192,up_to_four,1,passed,sae_128_previous_transfer
0.545620836599656,0.545763316379416,4,7,0,0.42143432340178233,single,1,passed,sae_128_previous_transfer
0.5576997903768808,,4,7,0,0.5613773573473839,up_to_four,1,passed,sae_128_query_iid
0.37693997548014985,,4,7,0,0.2790921146733452,single,1,passed,sae_128_query_iid
0.5734754161669328,0.6005451927941903,4,7,0,0.5371369976158503,up_to_four,1,passed,sae_128_A_iid
0.5440098400260007,0.54498682930915,4,7,0,0.48224621816047253,single,1,passed,sae_128_A_iid
0.5809656164050419,0.5957368767462089,4,7,0,0.5584933222221888,up_to_four,1,passed,sae_128_B_iid
0.5405924378217143,0.5421108070469071,4,7,0,0.4768443645876212,single,1,passed,sae_128_B_iid
0.6367009506607317,0.6612627155171789,4,7,0,0.5948561436533422,up_to_four,1,passed,sae_128_C_iid
0.6266671274182872,0.6226273520796041,4,7,0,0.5670305503168778,single,1,passed,sae_128_C_iid
0.6370580895471885,0.6805783564334164,4,7,0,0.6104650657248745,up_to_four,1,passed,sae_128_D_iid
0.6212771984332062,0.6168050921279634,4,7,0,0.5652166451086587,single,1,passed,sae_128_D_iid
0.0875958195223309,,4,7,0,0.030004023034527632,up_to_four,1,passed,sae_128_state_iid
0.07779271786468861,,4,7,0,0.02471294238535232,single,1,passed,sae_128_state_iid
0.9987475211439376,0.9999865588513737,4,7,0,0.9987489587302028,full,1,passed,full_current_iid
0.9986010697930165,0.9999956283431032,4,7,0,0.9985892430562227,full,1,passed,full_current_transfer
0.891867881780441,0.9549538529967753,4,7,0,0.8915957246667867,full,1,passed,full_previous_iid
0.7910510809515494,0.9488874688383533,4,7,0,0.777511427159064,full,1,passed,full_previous_transfer
1.0,,4,7,0,1.0,full,1,passed,full_query_iid
0.6845093317407118,0.7625977405967872,4,7,0,0.6833339124522743,full,1,passed,full_A_iid
0.6718184515894974,0.747208397220571,4,7,0,0.671788972285055,full,1,passed,full_B_iid
0.6754292927886307,0.7579912746736918,4,7,0,0.6740295813866467,full,1,passed,full_C_iid
0.6664622298100981,0.7470699520118125,4,7,0,0.6587739626350078,full,1,passed,full_D_iid
0.15063614388939756,,4,7,0,0.10181038523911143,full,1,passed,full_state_iid
0.9984674488407665,0.9999902318979454,16,7,0,0.9984487707710563,up_to_four,1,passed,coordinate_current_iid
0.9984044365758735,0.9999866289094826,16,7,0,0.9983986901926301,single,1,passed,coordinate_current_iid
0.9986010697930165,0.999994333037356,16,7,0,0.9985892430562227,up_to_four,1,passed,coordinate_current_transfer
0.9979135053110774,0.9999873707689647,16,7,0,0.9977836111869098,single,1,passed,coordinate_current_transfer
0.7244756248052165,0.8103191717476348,16,7,0,0.7235595725400794,up_to_four,1,passed,coordinate_previous_iid
0.6728526537139363,0.7534101809195314,16,7,0,0.6728580339886517,single,1,passed,coordinate_previous_iid
0.7457674031527599,0.8570240488035042,16,7,0,0.7437105212868704,up_to_four,1,passed,coordinate_previous_transfer
0.6723862298029804,0.7888865771787146,16,7,0,0.668460829695543,single,1,passed,coordinate_previous_transfer
0.970530528381794,,16,7,0,0.9704857710745853,up_to_four,1,passed,coordinate_query_iid
0.6126026020227522,,16,7,0,0.5854187133753349,single,1,passed,coordinate_query_iid
0.6490036990692019,0.6750924772305699,16,7,0,0.6490193009283229,up_to_four,1,passed,coordinate_A_iid
0.6485786506204058,0.6618901884146712,16,7,0,0.648547250694061,single,1,passed,coordinate_A_iid
0.6430800415495856,0.6594968568839956,16,7,0,0.6430619998629828,up_to_four,1,passed,coordinate_B_iid
0.6436888481661394,0.657480701544709,16,7,0,0.6436843720345804,single,1,passed,coordinate_B_iid
0.6482287081974283,0.6612474749122793,16,7,0,0.6482165710419883,up_to_four,1,passed,coordinate_C_iid
0.647977753237026,0.6643236670063435,16,7,0,0.6479648770271773,single,1,passed,coordinate_C_iid
0.6477560972170953,0.6663120263986301,16,7,0,0.6477460115371292,up_to_four,1,passed,coordinate_D_iid
0.6479087839916329,0.6576079039278152,16,7,0,0.6479267831122,single,1,passed,coordinate_D_iid
0.12479294686877887,,16,7,0,0.03735381911411042,up_to_four,1,passed,coordinate_state_iid
0.12480899419650726,,16,7,0,0.03735671321510263,single,1,passed,coordinate_state_iid
0.9984674488407665,0.9999902318979454,16,7,0,0.9984487707710563,up_to_four,1,passed,coordinate_128_current_iid
0.9984044365758735,0.9999866289094826,16,7,0,0.9983986901926301,single,1,passed,coordinate_128_current_iid
0.9984588290306514,0.9999946568637927,16,7,0,0.9983878952594926,up_to_four,1,passed,coordinate_128_current_transfer
0.9979135053110774,0.9999873707689647,16,7,0,0.9977836111869098,single,1,passed,coordinate_128_current_transfer
0.7227524084441355,0.8019810146555663,16,7,0,0.7216473870598122,up_to_four,1,passed,coordinate_128_previous_iid
0.6728526537139363,0.7534101809195314,16,7,0,0.6728580339886517,single,1,passed,coordinate_128_previous_iid
0.5967714490583703,0.8928130375500165,16,7,0,0.5302598900433213,up_to_four,1,passed,coordinate_128_previous_transfer
0.6723862298029804,0.7888865771787146,16,7,0,0.668460829695543,single,1,passed,coordinate_128_previous_transfer
0.893439827891201,,16,7,0,0.8937344716997409,up_to_four,1,passed,coordinate_128_query_iid
0.5169510771643652,,16,7,0,0.5109576002024606,single,1,passed,coordinate_128_query_iid
0.6583337480159676,0.67271459641129,16,7,0,0.6513007019182058,up_to_four,1,passed,coordinate_128_A_iid
0.6481907759546457,0.6643033510431098,16,7,0,0.6482353463263846,single,1,passed,coordinate_128_A_iid
0.6478921774483668,0.6568768830958411,16,7,0,0.6468866025775176,up_to_four,1,passed,coordinate_128_B_iid
0.6438957395504441,0.6559032598061073,16,7,0,0.6439148149361342,single,1,passed,coordinate_128_B_iid
0.6481809113003695,0.6584343732602747,16,7,0,0.6481703096955718,up_to_four,1,passed,coordinate_128_C_iid
0.647977753237026,0.6643236670063435,16,7,0,0.6479648770271773,single,1,passed,coordinate_128_C_iid
0.6470735729153849,0.6510351378250482,16,7,0,0.6463439091579755,up_to_four,1,passed,coordinate_128_D_iid
0.6479087839916329,0.6576079039278152,16,7,0,0.6479267831122,single,1,passed,coordinate_128_D_iid
0.1247371159637112,,16,7,0,0.03733556517829897,up_to_four,1,passed,coordinate_128_state_iid
0.12480899419650726,,16,7,0,0.03735671321510263,single,1,passed,coordinate_128_state_iid
0.9983842598404822,0.9999855279963413,16,7,0,0.9983986252357786,up_to_four,1,passed,random_current_iid
0.9987018032236659,0.9999563838229981,16,7,0,0.9986989283202681,single,1,passed,random_current_iid
0.9983402275981729,0.9999946568637927,16,7,0,0.9983875141323262,up_to_four,1,passed,random_current_transfer
0.9959453691848058,0.9999933615580455,16,7,0,0.9961689293165616,single,1,passed,random_current_transfer
0.7863957821584782,0.8677445097196285,16,7,0,0.7851981621065622,up_to_four,1,passed,random_previous_iid
0.6841203536753346,0.7424316293542722,16,7,0,0.6840935543774993,single,1,passed,random_previous_iid
0.6478161769349944,0.8591902244381615,16,7,0,0.602817757357538,up_to_four,1,passed,random_previous_transfer
0.6114264325069383,0.7748602137753984,16,7,0,0.5454992022758611,single,1,passed,random_previous_transfer
0.9551429653541411,,16,7,0,0.9554117355839684,up_to_four,1,passed,random_query_iid
0.6408088174121365,,16,7,0,0.6337981088565476,single,1,passed,random_query_iid
0.6522104045930078,0.6841104255658886,16,7,0,0.6522557099873203,up_to_four,1,passed,random_A_iid
0.6478221713931929,0.6756425210858237,16,7,0,0.647881985960937,single,1,passed,random_A_iid
0.6463074710964452,0.6824701258287063,16,7,0,0.6463397880779069,up_to_four,1,passed,random_B_iid
0.6410549155135478,0.6794458653023016,16,7,0,0.6404278422647101,single,1,passed,random_B_iid
0.6491621002437586,0.6804613375104858,16,7,0,0.6481231270638836,up_to_four,1,passed,random_C_iid
0.6455703676878936,0.6809378264223307,16,7,0,0.6390051927134197,single,1,passed,random_C_iid
0.6562868499036134,0.6855859379005425,16,7,0,0.6507599319225715,up_to_four,1,passed,random_D_iid
0.654101169968418,0.6789112487695337,16,7,0,0.6541477525789893,single,1,passed,random_D_iid
0.1263886451865265,,16,7,0,0.04600819539980219,up_to_four,1,passed,random_state_iid
0.12421208712863704,,16,7,0,0.04020114925907317,single,1,passed,random_state_iid
0.9984674488407665,0.9999659117258218,16,7,0,0.9984487707710563,up_to_four,1,passed,random_128_current_iid
0.9981041875373109,0.9998697920002767,16,7,0,0.9980984446037481,single,1,passed,random_128_current_iid
0.9986485103660081,0.9999904471201143,16,7,0,0.99858937552436,up_to_four,1,passed,random_128_current_transfer
0.9968226959587108,0.9999669697034462,16,7,0,0.9969759246185893,single,1,passed,random_128_current_transfer
0.7712810263526761,0.8528411101792683,16,7,0,0.7713533229784919,up_to_four,1,passed,random_128_previous_iid
0.6653279191765512,0.7186448580810343,16,7,0,0.6616701557891626,single,1,passed,random_128_previous_iid
0.7655128343259239,0.8535839144601187,16,7,0,0.7658122123299334,up_to_four,1,passed,random_128_previous_transfer
0.5540759991232014,0.8181515895690683,16,7,0,0.45971809978372735,single,1,passed,random_128_previous_transfer
0.96137915435323,,16,7,0,0.9616241906042933,up_to_four,1,passed,random_128_query_iid
0.6548328478528351,,16,7,0,0.6417025688174987,single,1,passed,random_128_query_iid
0.6508613921818494,0.6797251804835467,16,7,0,0.6508937801369931,up_to_four,1,passed,random_128_A_iid
0.6478221713931929,0.6756425210858237,16,7,0,0.647881985960937,single,1,passed,random_128_A_iid
0.6460959767891001,0.6801419473422402,16,7,0,0.6455959030886398,up_to_four,1,passed,random_128_B_iid
0.6410549155135478,0.6794458653023016,16,7,0,0.6404278422647101,single,1,passed,random_128_B_iid
0.6499834678438388,0.676225829403169,16,7,0,0.6491130327723519,up_to_four,1,passed,random_128_C_iid
0.6520441146309097,0.6720989056055635,16,7,0,0.6504558163772107,single,1,passed,random_128_C_iid
0.654101169968418,0.6789112487695337,16,7,0,0.6541477525789893,up_to_four,1,passed,random_128_D_iid
0.654101169968418,0.6789112487695337,16,7,0,0.6541477525789893,single,1,passed,random_128_D_iid
0.12570471174651038,,16,7,0,0.0438484354164803,up_to_four,1,passed,random_128_state_iid
0.12421208712863704,,16,7,0,0.04020114925907317,single,1,passed,random_128_state_iid
0.9983072359537895,0.9999767707327165,16,7,0,0.9982986180525132,up_to_four,1,passed,sae_current_iid
0.998041175272418,0.9988344832738066,16,7,0,0.9980483530002178,single,1,passed,sae_current_iid
0.9986010697930165,0.9999920662522983,16,7,0,0.9985892430562227,up_to_four,1,passed,sae_current_transfer
0.9983639478846685,0.9989280535375772,16,7,0,0.998387591416507,single,1,passed,sae_current_transfer
0.6405941843078827,0.7314329629171599,16,7,0,0.601292460725752,up_to_four,1,passed,sae_previous_iid
0.6194543431091379,0.6206026574955784,16,7,0,0.5646763604030808,single,1,passed,sae_previous_iid
0.6312359517166306,0.7264112371405962,16,7,0,0.5701128312778798,up_to_four,1,passed,sae_previous_transfer
0.6126972332544462,0.6136086765913338,16,7,0,0.5406093257610853,single,1,passed,sae_previous_transfer
0.9220776493918916,,16,7,0,0.9207475444552012,up_to_four,1,passed,sae_query_iid
0.5,,16,7,0,0.3750062515628907,single,1,passed,sae_query_iid
0.6500461716704421,0.6931830109034455,16,7,0,0.6463995004872793,up_to_four,1,passed,sae_A_iid
0.5904302850120502,0.5904067654743518,16,7,0,0.5145840800460957,single,1,passed,sae_A_iid
0.653821923074029,0.7467253404602059,16,7,0,0.6488457973236632,up_to_four,1,passed,sae_B_iid
0.6240430923253503,0.6221927472822341,16,7,0,0.5673571245598317,single,1,passed,sae_B_iid
0.662617579291722,0.7545480830134148,16,7,0,0.6563792591089774,up_to_four,1,passed,sae_C_iid
0.6228778870233359,0.6211570737242561,16,7,0,0.5618280229710504,single,1,passed,sae_C_iid
0.6476021287067799,0.7383232869280895,16,7,0,0.6476693760734431,up_to_four,1,passed,sae_D_iid
0.6266286055227431,0.6254396453853667,16,7,0,0.5588603988603988,single,1,passed,sae_D_iid
0.12592844821149637,,16,7,0,0.04282458657646021,up_to_four,1,passed,sae_state_iid
0.1226715688264269,,16,7,0,0.04228886601004356,single,1,passed,sae_state_iid
0.9119634589714092,0.9365990126850815,16,7,0,0.9093176478008989,up_to_four,1,passed,sae_128_current_iid
0.7679327141103918,0.769017543911622,16,7,0,0.7507255222979898,single,1,passed,sae_128_current_iid
0.7762233838955932,0.7801496984852047,16,7,0,0.7556770599542632,up_to_four,1,passed,sae_128_current_transfer
0.7747059332127404,0.7760784715651244,16,7,0,0.7538753226077883,single,1,passed,sae_128_current_transfer
0.6296996082911608,0.7059680547660295,16,7,0,0.6061665722217235,up_to_four,1,passed,sae_128_previous_iid
0.6194543431091379,0.6206026574955784,16,7,0,0.5646763604030808,single,1,passed,sae_128_previous_iid
0.6392932111264262,0.7027718540204562,16,7,0,0.606016156462585,up_to_four,1,passed,sae_128_previous_transfer
0.6195026396840553,0.6205557268697917,16,7,0,0.5668123316043686,single,1,passed,sae_128_previous_transfer
0.9536288760061713,,16,7,0,0.9536028653418579,up_to_four,1,passed,sae_128_query_iid
0.5,,16,7,0,0.3750062515628907,single,1,passed,sae_128_query_iid
0.6086796393809698,0.6454766393230393,16,7,0,0.59549216468323,up_to_four,1,passed,sae_128_A_iid
0.5809114090639623,0.5874565975937035,16,7,0,0.5550939163554647,single,1,passed,sae_128_A_iid
0.6432615968444602,0.7356767141405478,16,7,0,0.6229194142231446,up_to_four,1,passed,sae_128_B_iid
0.6240430923253503,0.6221927472822341,16,7,0,0.5673571245598317,single,1,passed,sae_128_B_iid
0.6117794815276218,0.6497725244714962,16,7,0,0.6068476643374741,up_to_four,1,passed,sae_128_C_iid
0.5789938602663139,0.5836548652616023,16,7,0,0.5566053707182187,single,1,passed,sae_128_C_iid
0.6212324978979533,0.6382253002305842,16,7,0,0.6173853508252557,up_to_four,1,passed,sae_128_D_iid
0.580586092910463,0.5817154172867064,16,7,0,0.5537659172646746,single,1,passed,sae_128_D_iid
0.10469583282215088,,16,7,0,0.0459484078177025,up_to_four,1,passed,sae_128_state_iid
0.07830945804745693,,16,7,0,0.025057034987115364,single,1,passed,sae_128_state_iid
0.9987475211439376,0.9999865588513737,16,7,0,0.9987489587302028,full,1,passed,full_current_iid
0.9986010697930165,0.9999956283431032,16,7,0,0.9985892430562227,full,1,passed,full_current_transfer
0.891867881780441,0.9549538529967753,16,7,0,0.8915957246667867,full,1,passed,full_previous_iid
0.7910510809515494,0.9488874688383533,16,7,0,0.777511427159064,full,1,passed,full_previous_transfer
1.0,,16,7,0,1.0,full,1,passed,full_query_iid
0.6845093317407118,0.7625977405967872,16,7,0,0.6833339124522743,full,1,passed,full_A_iid
0.6718184515894974,0.747208397220571,16,7,0,0.671788972285055,full,1,passed,full_B_iid
0.6754292927886307,0.7579912746736918,16,7,0,0.6740295813866467,full,1,passed,full_C_iid
0.6664622298100981,0.7470699520118125,16,7,0,0.6587739626350078,full,1,passed,full_D_iid
0.15063614388939756,,16,7,0,0.10181038523911143,full,1,passed,full_state_iid
0.9993480192210628,0.9999976980907044,4,11,0,0.9993494585397054,up_to_four,1,passed,coordinate_current_iid
0.999093488102772,0.9999970275345182,4,11,0,0.9990992424629113,single,1,passed,coordinate_current_iid
0.999596917042791,0.999999190433908,4,11,0,0.999596917042791,up_to_four,1,passed,coordinate_current_transfer
0.999596917042791,0.9999995142603448,4,11,0,0.999596917042791,single,1,passed,coordinate_current_transfer
0.7561719516702676,0.8293058440861872,4,11,0,0.7563065044209356,up_to_four,1,passed,coordinate_previous_iid
0.68503101350664,0.748667066423764,4,11,0,0.6845291602733103,single,1,passed,coordinate_previous_iid
0.7255064812509985,0.8573940875535461,4,11,0,0.7109695885509839,up_to_four,1,passed,coordinate_previous_transfer
0.5055923777961889,0.7669956828812495,4,11,0,0.3367511238052866,single,1,passed,coordinate_previous_transfer
0.8827779290022174,,4,11,0,0.8820588777686206,up_to_four,1,passed,coordinate_query_iid
0.5838221939421929,,4,11,0,0.5539379738137811,single,1,passed,coordinate_query_iid
0.6488188311984009,0.6773974820190156,4,11,0,0.6481499780093736,up_to_four,1,passed,coordinate_A_iid
0.6496670611482254,0.6627494198422272,4,11,0,0.6495792314115816,single,1,passed,coordinate_A_iid
0.6462881588323849,0.6810375460832647,4,11,0,0.6463096427239258,up_to_four,1,passed,coordinate_B_iid
0.6462881588323849,0.6810375460832647,4,11,0,0.6463096427239258,single,1,passed,coordinate_B_iid
0.6496509846475806,0.6587131043231106,4,11,0,0.6495943935102961,up_to_four,1,passed,coordinate_C_iid
0.6488243218373337,0.6572707770771422,4,11,0,0.6488089677725363,single,1,passed,coordinate_C_iid
0.6473143790246503,0.6669727611921168,4,11,0,0.6465467120007884,up_to_four,1,passed,coordinate_D_iid
0.6489402608588655,0.6652956900352733,4,11,0,0.6488950078569418,single,1,passed,coordinate_D_iid
0.12505031679149936,,4,11,0,0.03856467712992391,up_to_four,1,passed,coordinate_state_iid
0.1249232818051804,,4,11,0,0.03820276346543725,single,1,passed,coordinate_state_iid
0.9989876403083774,0.9999964170281398,4,11,0,0.9989991466323846,up_to_four,1,passed,coordinate_128_current_iid
0.99904488779173,0.9999940350524339,4,11,0,0.9990492031347702,single,1,passed,coordinate_128_current_iid
0.9993835154209387,0.9999990285206896,4,11,0,0.9993953611975063,up_to_four,1,passed,coordinate_128_current_transfer
0.9991938340855822,0.9999978951281608,4,11,0,0.9991938340855822,single,1,passed,coordinate_128_current_transfer
0.7554074768433601,0.8197735887575649,4,11,0,0.7555137895002367,up_to_four,1,passed,coordinate_128_previous_iid
0.6656395380322921,0.7294451297588213,4,11,0,0.6643671585928314,single,1,passed,coordinate_128_previous_iid
0.6840582402353982,0.854887595156802,4,11,0,0.658455001089562,up_to_four,1,passed,coordinate_128_previous_transfer
0.5055923777961889,0.7669956828812495,4,11,0,0.3367511238052866,single,1,passed,coordinate_128_previous_transfer
0.9656537849753221,,4,11,0,0.9655098274091556,up_to_four,1,passed,coordinate_128_query_iid
0.5838221939421929,,4,11,0,0.5539379738137811,single,1,passed,coordinate_128_query_iid
0.6496906057120333,0.6742230401555639,4,11,0,0.6490974419203517,up_to_four,1,passed,coordinate_128_A_iid
0.6495669567102662,0.6692711288760451,4,11,0,0.6494791683708654,single,1,passed,coordinate_128_A_iid
0.6502925417757293,0.6771509779570418,4,11,0,0.6501588880948715,up_to_four,1,passed,coordinate_128_B_iid
0.6437023167192093,0.6625660209259288,4,11,0,0.6437082195070281,single,1,passed,coordinate_128_B_iid
0.6496509846475806,0.6587131043231106,4,11,0,0.6495943935102961,up_to_four,1,passed,coordinate_128_C_iid
0.6488243218373337,0.6572707770771422,4,11,0,0.6488089677725363,single,1,passed,coordinate_128_C_iid
0.6498283435359501,0.6609936340189339,4,11,0,0.6494562917795592,up_to_four,1,passed,coordinate_128_D_iid
0.640554023881301,0.6654208945922927,4,11,0,0.6397801483253847,single,1,passed,coordinate_128_D_iid
0.12488019827775854,,4,11,0,0.03778663107855538,up_to_four,1,passed,coordinate_128_state_iid
0.12488019827775854,,4,11,0,0.03778663107855538,single,1,passed,coordinate_128_state_iid
0.9991849239433155,0.9999962468870179,4,11,0,0.9991993126178893,up_to_four,1,passed,random_current_iid
0.9985671315215692,0.9999955863391331,4,11,0,0.9985987472660434,single,1,passed,random_current_iid
0.9995731967562953,0.9999993523471264,4,11,0,0.9995968978541268,up_to_four,1,passed,random_current_transfer
0.9987195902688861,0.9999988666074712,4,11,0,0.9987905772388531,single,1,passed,random_current_transfer
0.7250734706664085,0.8124198248574321,4,11,0,0.7250071950468986,up_to_four,1,passed,random_previous_iid
0.6951782677631235,0.7657771551636042,4,11,0,0.6951914306749225,single,1,passed,random_previous_iid
0.71086840218308,0.8394531525741099,4,11,0,0.7028309568077078,up_to_four,1,passed,random_previous_transfer
0.700396417014352,0.8052604203432147,4,11,0,0.6891434389716177,single,1,passed,random_previous_transfer
0.9232113807606959,,4,11,0,0.9229324802731537,up_to_four,1,passed,random_query_iid
0.6400781170225125,,4,11,0,0.6266242795024666,single,1,passed,random_query_iid
0.6518375255720541,0.6944764102940957,4,11,0,0.6512052793665719,up_to_four,1,passed,random_A_iid
0.648399904135986,0.6844193578718741,4,11,0,0.6484256996660263,single,1,passed,random_A_iid
0.6436939514069014,0.6825248005493408,4,11,0,0.643721824155971,up_to_four,1,passed,random_B_iid
0.6420545503216362,0.6771001957082826,4,11,0,0.6418757500484518,single,1,passed,random_B_iid
0.6572343256303843,0.6662765945180364,4,11,0,0.6553528126745328,up_to_four,1,passed,random_C_iid
0.6479580674556973,0.6705994960939999,4,11,0,0.6448642419032498,single,1,passed,random_C_iid
0.6520314871211189,0.6702628868118361,4,11,0,0.6475843584026323,up_to_four,1,passed,random_D_iid
0.6500322997416021,0.6595331661949879,4,11,0,0.6496574876803406,single,1,passed,random_D_iid
0.12548955223181593,,4,11,0,0.04663069496981989,up_to_four,1,passed,random_state_iid
0.1253867195727264,,4,11,0,0.04422074016998233,single,1,passed,random_state_iid
0.9989303928250248,0.9999876997977202,4,11,0,0.998949088541865,up_to_four,1,passed,random_128_current_iid
0.9989303928250248,0.9999876997977202,4,11,0,0.998949088541865,single,1,passed,random_128_current_iid
0.9995731967562953,0.999999190433908,4,11,0,0.9995968978541268,up_to_four,1,passed,random_128_current_transfer
0.9995731967562953,0.999999190433908,4,11,0,0.9995968978541268,single,1,passed,random_128_current_transfer
0.6886128347893521,0.764320593645063,4,11,0,0.6811561766002441,up_to_four,1,passed,random_128_previous_iid
0.654950238786161,0.7159223298056098,4,11,0,0.64442122726255,single,1,passed,random_128_previous_iid
0.6489467270518389,0.811401354579601,4,11,0,0.6295147748295387,up_to_four,1,passed,random_128_previous_transfer
0.6530459464781302,0.7222688279505575,4,11,0,0.6488367888138862,single,1,passed,random_128_previous_transfer
0.914334339422648,,4,11,0,0.9144281361861076,up_to_four,1,passed,random_128_query_iid
0.6151171057368992,,4,11,0,0.6118290107184112,single,1,passed,random_128_query_iid
0.6486058189648678,0.6750536867608607,4,11,0,0.647847886206937,up_to_four,1,passed,random_128_A_iid
0.6494698253741145,0.6726516707615888,4,11,0,0.6494587691442357,single,1,passed,random_128_A_iid
0.6442184244682743,0.6807624113617111,4,11,0,0.6431514280512158,up_to_four,1,passed,random_128_B_iid
0.64198714751816,0.6722163742863267,4,11,0,0.6419775298232906,single,1,passed,random_128_B_iid
0.6507127667897139,0.6763346937239939,4,11,0,0.6505334475897591,up_to_four,1,passed,random_128_C_iid
0.6502632339477554,0.6766866876946346,4,11,0,0.649739998006986,single,1,passed,random_128_C_iid
0.6483897553422747,0.6638251385556376,4,11,0,0.6483518208546697,up_to_four,1,passed,random_128_D_iid
0.6481925282494565,0.6556948882454575,4,11,0,0.6481151032263304,single,1,passed,random_128_D_iid
0.1248408656906429,,4,11,0,0.03737074653235262,up_to_four,1,passed,random_128_state_iid
0.1248408656906429,,4,11,0,0.03737074653235262,single,1,passed,random_128_state_iid
0.9026647062139221,0.9073112202184981,4,11,0,0.9039742444119119,up_to_four,1,passed,sae_current_iid
0.8040568369028007,0.8040568369028006,4,11,0,0.8001040320382291,single,1,passed,sae_current_iid
0.8081519419547589,0.8204790429244895,4,11,0,0.8084637561047854,up_to_four,1,passed,sae_current_transfer
0.8034571062740077,0.8034571062740077,4,11,0,0.8033310967336853,single,1,passed,sae_current_transfer
0.7038194296498523,0.7865902855792188,4,11,0,0.6830445708339801,up_to_four,1,passed,sae_previous_iid
0.6366605375197208,0.6387425018120128,4,11,0,0.5845038763864161,single,1,passed,sae_previous_iid
0.6930602873373186,0.7800121488625766,4,11,0,0.6713680926916221,up_to_four,1,passed,sae_previous_transfer
0.6407486597241057,0.641912461314975,4,11,0,0.5861931363697597,single,1,passed,sae_previous_transfer
0.6469419178518094,,4,11,0,0.6607647753572312,up_to_four,1,passed,sae_query_iid
0.37694149033074853,,4,11,0,0.2794110692268683,single,1,passed,sae_query_iid
0.6546248485582523,0.7472920523252704,4,11,0,0.6505490229116808,up_to_four,1,passed,sae_A_iid
0.6284036972933492,0.6254190784703774,4,11,0,0.5752276498072324,single,1,passed,sae_A_iid
0.647648002387436,0.7407374429057428,4,11,0,0.6436756655091636,up_to_four,1,passed,sae_B_iid
0.6243870107272923,0.6184974706337513,4,11,0,0.5676704837915174,single,1,passed,sae_B_iid
0.6527033807971838,0.7450377455481209,4,11,0,0.649354193800086,up_to_four,1,passed,sae_C_iid
0.623077894961651,0.6152447090625027,4,11,0,0.5620618705905456,single,1,passed,sae_C_iid
0.6532606717320865,0.745211505228841,4,11,0,0.650108094893415,up_to_four,1,passed,sae_D_iid
0.6269253273553177,0.6262982531463409,4,11,0,0.5592374347258616,single,1,passed,sae_D_iid
0.10971788090612072,,4,11,0,0.03367897524510006,up_to_four,1,passed,sae_state_iid
0.07697286374564997,,4,11,0,0.02383814492745205,single,1,passed,sae_state_iid
0.7973067581174529,0.8557247123053746,4,11,0,0.7933633830337359,up_to_four,1,passed,sae_128_current_iid
0.6335155431320955,0.6355727194364094,4,11,0,0.5876343243006583,single,1,passed,sae_128_current_iid
0.7185707013497733,0.7417622602308105,4,11,0,0.7042392724772693,up_to_four,1,passed,sae_128_current_transfer
0.5,0.5181391378574477,4,11,0,0.34615889691398555,single,1,passed,sae_128_current_transfer
0.6762382626200902,0.6813010557767383,4,11,0,0.6455256546549704,up_to_four,1,passed,sae_128_previous_iid
0.6366605375197208,0.6387425018120128,4,11,0,0.5845038763864161,single,1,passed,sae_128_previous_iid
0.6787250010216934,0.6813981223134109,4,11,0,0.6416296780507946,up_to_four,1,passed,sae_128_previous_transfer
0.6407486597241057,0.641912461314975,4,11,0,0.5861931363697597,single,1,passed,sae_128_previous_transfer
0.5060382154758761,,4,11,0,0.463972540022616,up_to_four,1,passed,sae_128_query_iid
0.37694149033074853,,4,11,0,0.2794110692268683,single,1,passed,sae_128_query_iid
0.646786846248823,0.6546150633494419,4,11,0,0.6153704640099914,up_to_four,1,passed,sae_128_A_iid
0.6284036972933492,0.6254190784703774,4,11,0,0.5752276498072324,single,1,passed,sae_128_A_iid
0.5673273755765862,0.583138136041912,4,11,0,0.5263172524895828,up_to_four,1,passed,sae_128_B_iid
0.5499112556437841,0.550730275754315,4,11,0,0.47467932262768053,single,1,passed,sae_128_B_iid
0.6357325822261886,0.6736684929024833,4,11,0,0.5874383768447538,up_to_four,1,passed,sae_128_C_iid
0.6288865755081819,0.6298079570778164,4,11,0,0.5741727036610789,single,1,passed,sae_128_C_iid
0.5645152090767401,0.5837887100226611,4,11,0,0.5261014295211521,up_to_four,1,passed,sae_128_D_iid
0.548031446105574,0.5487099599761982,4,11,0,0.47493910247263377,single,1,passed,sae_128_D_iid
0.10394830160200796,,4,11,0,0.04820817774916818,up_to_four,1,passed,sae_128_state_iid
0.0791611836606312,,4,11,0,0.02536357239414702,single,1,passed,sae_128_state_iid
0.9993393720487521,0.9999971676507362,4,11,0,0.9993494472106574,full,1,passed,full_current_iid
0.999596917042791,0.9999998380867816,4,11,0,0.999596917042791,full,1,passed,full_current_transfer
0.893577784451943,0.9545363250683381,4,11,0,0.893313879848084,full,1,passed,full_previous_iid
0.8051909451963695,0.9460687098056554,4,11,0,0.7945227159405541,full,1,passed,full_previous_transfer
1.0,,4,11,0,1.0,full,1,passed,full_query_iid
0.6828304501803687,0.7654882662532994,4,11,0,0.6819034508983375,full,1,passed,full_A_iid
0.6717536304254654,0.7458543873701555,4,11,0,0.6716280734132004,full,1,passed,full_B_iid
0.676236749836601,0.7596862819485305,4,11,0,0.6762337930483404,full,1,passed,full_C_iid
0.6693950014868135,0.7471375635740946,4,11,0,0.6686096757713945,full,1,passed,full_D_iid
0.1542865016941328,,4,11,0,0.10734503866300743,full,1,passed,full_state_iid
0.9993480192210628,0.9999976980907044,16,11,0,0.9993494585397054,up_to_four,1,passed,coordinate_current_iid
0.999093488102772,0.9999970275345182,16,11,0,0.9990992424629113,single,1,passed,coordinate_current_iid
0.999596917042791,0.999999190433908,16,11,0,0.999596917042791,up_to_four,1,passed,coordinate_current_transfer
0.999596917042791,0.9999995142603448,16,11,0,0.999596917042791,single,1,passed,coordinate_current_transfer
0.7561719516702676,0.8293058440861872,16,11,0,0.7563065044209356,up_to_four,1,passed,coordinate_previous_iid
0.68503101350664,0.748667066423764,16,11,0,0.6845291602733103,single,1,passed,coordinate_previous_iid
0.7255064812509985,0.8573940875535461,16,11,0,0.7109695885509839,up_to_four,1,passed,coordinate_previous_transfer
0.5055923777961889,0.7669956828812495,16,11,0,0.3367511238052866,single,1,passed,coordinate_previous_transfer
0.8827779290022174,,16,11,0,0.8820588777686206,up_to_four,1,passed,coordinate_query_iid
0.5838221939421929,,16,11,0,0.5539379738137811,single,1,passed,coordinate_query_iid
0.6488188311984009,0.6773974820190156,16,11,0,0.6481499780093736,up_to_four,1,passed,coordinate_A_iid
0.6496670611482254,0.6627494198422272,16,11,0,0.6495792314115816,single,1,passed,coordinate_A_iid
0.6462881588323849,0.6810375460832647,16,11,0,0.6463096427239258,up_to_four,1,passed,coordinate_B_iid
0.6462881588323849,0.6810375460832647,16,11,0,0.6463096427239258,single,1,passed,coordinate_B_iid
0.6496509846475806,0.6587131043231106,16,11,0,0.6495943935102961,up_to_four,1,passed,coordinate_C_iid
0.6488243218373337,0.6572707770771422,16,11,0,0.6488089677725363,single,1,passed,coordinate_C_iid
0.6473143790246503,0.6669727611921168,16,11,0,0.6465467120007884,up_to_four,1,passed,coordinate_D_iid
0.6489402608588655,0.6652956900352733,16,11,0,0.6488950078569418,single,1,passed,coordinate_D_iid
0.12505031679149936,,16,11,0,0.03856467712992391,up_to_four,1,passed,coordinate_state_iid
0.1249232818051804,,16,11,0,0.03820276346543725,single,1,passed,coordinate_state_iid
0.9989876403083774,0.9999964170281398,16,11,0,0.9989991466323846,up_to_four,1,passed,coordinate_128_current_iid
0.99904488779173,0.9999940350524339,16,11,0,0.9990492031347702,single,1,passed,coordinate_128_current_iid
0.9993835154209387,0.9999990285206896,16,11,0,0.9993953611975063,up_to_four,1,passed,coordinate_128_current_transfer
0.9991938340855822,0.9999978951281608,16,11,0,0.9991938340855822,single,1,passed,coordinate_128_current_transfer
0.7554074768433601,0.8197735887575649,16,11,0,0.7555137895002367,up_to_four,1,passed,coordinate_128_previous_iid
0.6656395380322921,0.7294451297588213,16,11,0,0.6643671585928314,single,1,passed,coordinate_128_previous_iid
0.6840582402353982,0.854887595156802,16,11,0,0.658455001089562,up_to_four,1,passed,coordinate_128_previous_transfer
0.5055923777961889,0.7669956828812495,16,11,0,0.3367511238052866,single,1,passed,coordinate_128_previous_transfer
0.9656537849753221,,16,11,0,0.9655098274091556,up_to_four,1,passed,coordinate_128_query_iid
0.5838221939421929,,16,11,0,0.5539379738137811,single,1,passed,coordinate_128_query_iid
0.6496906057120333,0.6742230401555639,16,11,0,0.6490974419203517,up_to_four,1,passed,coordinate_128_A_iid
0.6495669567102662,0.6692711288760451,16,11,0,0.6494791683708654,single,1,passed,coordinate_128_A_iid
0.6502925417757293,0.6771509779570418,16,11,0,0.6501588880948715,up_to_four,1,passed,coordinate_128_B_iid
0.6437023167192093,0.6625660209259288,16,11,0,0.6437082195070281,single,1,passed,coordinate_128_B_iid
0.6496509846475806,0.6587131043231106,16,11,0,0.6495943935102961,up_to_four,1,passed,coordinate_128_C_iid
0.6488243218373337,0.6572707770771422,16,11,0,0.6488089677725363,single,1,passed,coordinate_128_C_iid
0.6498283435359501,0.6609936340189339,16,11,0,0.6494562917795592,up_to_four,1,passed,coordinate_128_D_iid
0.640554023881301,0.6654208945922927,16,11,0,0.6397801483253847,single,1,passed,coordinate_128_D_iid
0.12488019827775854,,16,11,0,0.03778663107855538,up_to_four,1,passed,coordinate_128_state_iid
0.12488019827775854,,16,11,0,0.03778663107855538,single,1,passed,coordinate_128_state_iid
0.9991849239433155,0.9999962468870179,16,11,0,0.9991993126178893,up_to_four,1,passed,random_current_iid
0.9985671315215692,0.9999955863391331,16,11,0,0.9985987472660434,single,1,passed,random_current_iid
0.9995731967562953,0.9999993523471264,16,11,0,0.9995968978541268,up_to_four,1,passed,random_current_transfer
0.9987195902688861,0.9999988666074712,16,11,0,0.9987905772388531,single,1,passed,random_current_transfer
0.7250734706664085,0.8124198248574321,16,11,0,0.7250071950468986,up_to_four,1,passed,random_previous_iid
0.6951782677631235,0.7657771551636042,16,11,0,0.6951914306749225,single,1,passed,random_previous_iid
0.71086840218308,0.8394531525741099,16,11,0,0.7028309568077078,up_to_four,1,passed,random_previous_transfer
0.700396417014352,0.8052604203432147,16,11,0,0.6891434389716177,single,1,passed,random_previous_transfer
0.9232113807606959,,16,11,0,0.9229324802731537,up_to_four,1,passed,random_query_iid
0.6400781170225125,,16,11,0,0.6266242795024666,single,1,passed,random_query_iid
0.6518375255720541,0.6944764102940957,16,11,0,0.6512052793665719,up_to_four,1,passed,random_A_iid
0.648399904135986,0.6844193578718741,16,11,0,0.6484256996660263,single,1,passed,random_A_iid
0.6436939514069014,0.6825248005493408,16,11,0,0.643721824155971,up_to_four,1,passed,random_B_iid
0.6420545503216362,0.6771001957082826,16,11,0,0.6418757500484518,single,1,passed,random_B_iid
0.6572343256303843,0.6662765945180364,16,11,0,0.6553528126745328,up_to_four,1,passed,random_C_iid
0.6479580674556973,0.6705994960939999,16,11,0,0.6448642419032498,single,1,passed,random_C_iid
0.6520314871211189,0.6702628868118361,16,11,0,0.6475843584026323,up_to_four,1,passed,random_D_iid
0.6500322997416021,0.6595331661949879,16,11,0,0.6496574876803406,single,1,passed,random_D_iid
0.12548955223181593,,16,11,0,0.04663069496981989,up_to_four,1,passed,random_state_iid
0.1253867195727264,,16,11,0,0.04422074016998233,single,1,passed,random_state_iid
0.9989303928250248,0.9999876997977202,16,11,0,0.998949088541865,up_to_four,1,passed,random_128_current_iid
0.9989303928250248,0.9999876997977202,16,11,0,0.998949088541865,single,1,passed,random_128_current_iid
0.9995731967562953,0.999999190433908,16,11,0,0.9995968978541268,up_to_four,1,passed,random_128_current_transfer
0.9995731967562953,0.999999190433908,16,11,0,0.9995968978541268,single,1,passed,random_128_current_transfer
0.6886128347893521,0.764320593645063,16,11,0,0.6811561766002441,up_to_four,1,passed,random_128_previous_iid
0.654950238786161,0.7159223298056098,16,11,0,0.64442122726255,single,1,passed,random_128_previous_iid
0.6489467270518389,0.811401354579601,16,11,0,0.6295147748295387,up_to_four,1,passed,random_128_previous_transfer
0.6530459464781302,0.7222688279505575,16,11,0,0.6488367888138862,single,1,passed,random_128_previous_transfer
0.914334339422648,,16,11,0,0.9144281361861076,up_to_four,1,passed,random_128_query_iid
0.6151171057368992,,16,11,0,0.6118290107184112,single,1,passed,random_128_query_iid
0.6486058189648678,0.6750536867608607,16,11,0,0.647847886206937,up_to_four,1,passed,random_128_A_iid
0.6494698253741145,0.6726516707615888,16,11,0,0.6494587691442357,single,1,passed,random_128_A_iid
0.6442184244682743,0.6807624113617111,16,11,0,0.6431514280512158,up_to_four,1,passed,random_128_B_iid
0.64198714751816,0.6722163742863267,16,11,0,0.6419775298232906,single,1,passed,random_128_B_iid
0.6507127667897139,0.6763346937239939,16,11,0,0.6505334475897591,up_to_four,1,passed,random_128_C_iid
0.6502632339477554,0.6766866876946346,16,11,0,0.649739998006986,single,1,passed,random_128_C_iid
0.6483897553422747,0.6638251385556376,16,11,0,0.6483518208546697,up_to_four,1,passed,random_128_D_iid
0.6481925282494565,0.6556948882454575,16,11,0,0.6481151032263304,single,1,passed,random_128_D_iid
0.1248408656906429,,16,11,0,0.03737074653235262,up_to_four,1,passed,random_128_state_iid
0.1248408656906429,,16,11,0,0.03737074653235262,single,1,passed,random_128_state_iid
0.9991392060230437,0.9999934946041644,16,11,0,0.9991492771216289,up_to_four,1,passed,sae_current_iid
0.9985700139123395,0.9987596512050956,16,11,0,0.9985987556389576,single,1,passed,sae_current_iid
0.9993835154209387,0.9999995142603448,16,11,0,0.9993953611975063,up_to_four,1,passed,sae_current_transfer
0.998956712177234,0.9991460696861539,16,11,0,0.9989922205253853,single,1,passed,sae_current_transfer
0.6697468690024166,0.7463946401603001,16,11,0,0.655240028779789,up_to_four,1,passed,sae_previous_iid
0.6134620454191959,0.6230466606137299,16,11,0,0.5638699388302602,single,1,passed,sae_previous_iid
0.6786313767596346,0.7575987977455872,16,11,0,0.6709728019748575,up_to_four,1,passed,sae_previous_transfer
0.6227360204487277,0.652896221963806,16,11,0,0.5796442935263038,single,1,passed,sae_previous_transfer
0.7497904818362165,,16,11,0,0.7605009469917094,up_to_four,1,passed,sae_query_iid
0.41331494988266243,,16,11,0,0.31477330704128115,single,1,passed,sae_query_iid
0.6485174117304843,0.7378073069853047,16,11,0,0.6484512581722324,up_to_four,1,passed,sae_A_iid
0.6207786871965654,0.6214539366775964,16,11,0,0.5520544531466085,single,1,passed,sae_A_iid
0.643482697252063,0.7362733580332854,16,11,0,0.6433072316453423,up_to_four,1,passed,sae_B_iid
0.6241894052399035,0.6177529478319912,16,11,0,0.5674742922808438,single,1,passed,sae_B_iid
0.6521386383825574,0.7404490184215412,16,11,0,0.6491604473915067,up_to_four,1,passed,sae_C_iid
0.6228797770983531,0.6192443478081645,16,11,0,0.5619448946490768,single,1,passed,sae_C_iid
0.6469045440096797,0.7361459382754502,16,11,0,0.646753801529514,up_to_four,1,passed,sae_D_iid
0.6265619552622944,0.6246551429808304,16,11,0,0.558961638488442,single,1,passed,sae_D_iid
0.12521646175644618,,16,11,0,0.03971907521078049,up_to_four,1,passed,sae_state_iid
0.12577355179181515,,16,11,0,0.04237372211851668,single,1,passed,sae_state_iid
0.9990362406194193,0.999277580796616,16,11,0,0.9990491865196417,up_to_four,1,passed,sae_128_current_iid
0.9985700139123395,0.9987596512050956,16,11,0,0.9985987556389576,single,1,passed,sae_128_current_iid
0.9993835154209387,0.9999990285206896,16,11,0,0.9993953611975063,up_to_four,1,passed,sae_128_current_transfer
0.998956712177234,0.9991460696861539,16,11,0,0.9989922205253853,single,1,passed,sae_128_current_transfer
0.7030981117308385,0.7153757641659447,16,11,0,0.6922455278358028,up_to_four,1,passed,sae_128_previous_iid
0.6134620454191959,0.6230466606137299,16,11,0,0.5638699388302602,single,1,passed,sae_128_previous_iid
0.6838492575075884,0.7430147755432622,16,11,0,0.6819722273952706,up_to_four,1,passed,sae_128_previous_transfer
0.6227360204487277,0.652896221963806,16,11,0,0.5796442935263038,single,1,passed,sae_128_previous_transfer
0.516575651782564,,16,11,0,0.509216474764805,up_to_four,1,passed,sae_128_query_iid
0.37838742519328894,,16,11,0,0.2810572820317584,single,1,passed,sae_128_query_iid
0.6496991346101475,0.6490149107662533,16,11,0,0.6496783732176674,up_to_four,1,passed,sae_128_A_iid
0.6496086652243419,0.6553616122164092,16,11,0,0.6496012121705976,single,1,passed,sae_128_A_iid
0.6449098435470462,0.6653537512461913,16,11,0,0.6449357459436442,up_to_four,1,passed,sae_128_B_iid
0.6443010369304923,0.6488412601538481,16,11,0,0.6443191508446985,single,1,passed,sae_128_B_iid
0.6502864448689969,0.6905869693968154,16,11,0,0.647767400299883,up_to_four,1,passed,sae_128_C_iid
0.6228797770983531,0.6192443478081645,16,11,0,0.5619448946490768,single,1,passed,sae_128_C_iid
0.6481375738279809,0.6302777223026511,16,11,0,0.6481003510877268,up_to_four,1,passed,sae_128_D_iid
0.64833416005291,0.6466356348421286,16,11,0,0.6482982017976617,single,1,passed,sae_128_D_iid
0.12758452773908444,,16,11,0,0.047911109603323204,up_to_four,1,passed,sae_128_state_iid
0.12577355179181515,,16,11,0,0.04237372211851668,single,1,passed,sae_128_state_iid
0.9993393720487521,0.9999971676507362,16,11,0,0.9993494472106574,full,1,passed,full_current_iid
0.999596917042791,0.9999998380867816,16,11,0,0.999596917042791,full,1,passed,full_current_transfer
0.893577784451943,0.9545363250683381,16,11,0,0.893313879848084,full,1,passed,full_previous_iid
0.8051909451963695,0.9460687098056554,16,11,0,0.7945227159405541,full,1,passed,full_previous_transfer
1.0,,16,11,0,1.0,full,1,passed,full_query_iid
0.6828304501803687,0.7654882662532994,16,11,0,0.6819034508983375,full,1,passed,full_A_iid
0.6717536304254654,0.7458543873701555,16,11,0,0.6716280734132004,full,1,passed,full_B_iid
0.676236749836601,0.7596862819485305,16,11,0,0.6762337930483404,full,1,passed,full_C_iid
0.6693950014868135,0.7471375635740946,16,11,0,0.6686096757713945,full,1,passed,full_D_iid
0.1542865016941328,,16,11,0,0.10734503866300743,full,1,passed,full_state_iid
