NA,k,layer,lm_seed,matched,matched_fraction,pairs,suite,unmatched
0,4,0,0,489,0.955078125,512,test_changed_memory|single,23
0,4,0,0,447,0.873046875,512,test_changed_memory|up_to_four,65
0,4,0,0,482,0.94140625,512,test_changed_composition|single,30
0,4,0,0,467,0.912109375,512,test_changed_composition|up_to_four,45
0,4,0,0,495,0.966796875,512,test_unchanged_memory|single,17
0,4,0,0,474,0.92578125,512,test_unchanged_memory|up_to_four,38
0,4,0,0,503,0.982421875,512,test_unchanged_composition|single,9
0,4,0,0,482,0.94140625,512,test_unchanged_composition|up_to_four,30
0,16,0,0,390,0.76171875,512,test_changed_memory|single,122
0,16,0,0,264,0.515625,512,test_changed_memory|up_to_four,248
0,16,0,0,408,0.796875,512,test_changed_composition|single,104
0,16,0,0,254,0.49609375,512,test_changed_composition|up_to_four,258
0,16,0,0,419,0.818359375,512,test_unchanged_memory|single,93
0,16,0,0,278,0.54296875,512,test_unchanged_memory|up_to_four,234
0,16,0,0,472,0.921875,512,test_unchanged_composition|single,40
0,16,0,0,378,0.73828125,512,test_unchanged_composition|up_to_four,134
0,4,3,0,438,0.85546875,512,test_changed_memory|single,74
0,4,3,0,280,0.546875,512,test_changed_memory|up_to_four,232
0,4,3,0,472,0.921875,512,test_changed_composition|single,40
0,4,3,0,414,0.80859375,512,test_changed_composition|up_to_four,98
0,4,3,0,483,0.943359375,512,test_unchanged_memory|single,29
0,4,3,0,456,0.890625,512,test_unchanged_memory|up_to_four,56
0,4,3,0,495,0.966796875,512,test_unchanged_composition|single,17
0,4,3,0,463,0.904296875,512,test_unchanged_composition|up_to_four,49
0,16,3,0,273,0.533203125,512,test_changed_memory|single,239
0,16,3,0,240,0.46875,512,test_changed_memory|up_to_four,272
0,16,3,0,486,0.94921875,512,test_changed_composition|single,26
0,16,3,0,431,0.841796875,512,test_changed_composition|up_to_four,81
0,16,3,0,479,0.935546875,512,test_unchanged_memory|single,33
0,16,3,0,471,0.919921875,512,test_unchanged_memory|up_to_four,41
0,16,3,0,483,0.943359375,512,test_unchanged_composition|single,29
0,16,3,0,476,0.9296875,512,test_unchanged_composition|up_to_four,36
0,4,7,0,243,0.474609375,512,test_changed_memory|single,269
0,4,7,0,307,0.599609375,512,test_changed_memory|up_to_four,205
0,4,7,0,498,0.97265625,512,test_changed_composition|single,14
0,4,7,0,373,0.728515625,512,test_changed_composition|up_to_four,139
0,4,7,0,450,0.87890625,512,test_unchanged_memory|single,62
0,4,7,0,429,0.837890625,512,test_unchanged_memory|up_to_four,83
0,4,7,0,438,0.85546875,512,test_unchanged_composition|single,74
0,4,7,0,436,0.8515625,512,test_unchanged_composition|up_to_four,76
0,16,7,0,141,0.275390625,512,test_changed_memory|single,371
0,16,7,0,143,0.279296875,512,test_changed_memory|up_to_four,369
0,16,7,0,64,0.125,512,test_changed_composition|single,448
0,16,7,0,19,0.037109375,512,test_changed_composition|up_to_four,493
0,16,7,0,486,0.94921875,512,test_unchanged_memory|single,26
0,16,7,0,424,0.828125,512,test_unchanged_memory|up_to_four,88
0,16,7,0,462,0.90234375,512,test_unchanged_composition|single,50
0,16,7,0,392,0.765625,512,test_unchanged_composition|up_to_four,120
0,4,11,0,215,0.419921875,512,test_changed_memory|single,297
0,4,11,0,320,0.625,512,test_changed_memory|up_to_four,192
0,4,11,0,448,0.875,512,test_changed_composition|single,64
0,4,11,0,371,0.724609375,512,test_changed_composition|up_to_four,141
0,4,11,0,433,0.845703125,512,test_unchanged_memory|single,79
0,4,11,0,413,0.806640625,512,test_unchanged_memory|up_to_four,99
0,4,11,0,418,0.81640625,512,test_unchanged_composition|single,94
0,4,11,0,401,0.783203125,512,test_unchanged_composition|up_to_four,111
0,16,11,0,184,0.359375,512,test_changed_memory|single,328
0,16,11,0,155,0.302734375,512,test_changed_memory|up_to_four,357
0,16,11,0,199,0.388671875,512,test_changed_composition|single,313
0,16,11,0,16,0.03125,512,test_changed_composition|up_to_four,496
0,16,11,0,496,0.96875,512,test_unchanged_memory|single,16
0,16,11,0,429,0.837890625,512,test_unchanged_memory|up_to_four,83
0,16,11,0,490,0.95703125,512,test_unchanged_composition|single,22
0,16,11,0,411,0.802734375,512,test_unchanged_composition|up_to_four,101
0,4,0,1,369,0.720703125,512,test_changed_memory|single,143
0,4,0,1,354,0.69140625,512,test_changed_memory|up_to_four,158
0,4,0,1,503,0.982421875,512,test_changed_composition|single,9
0,4,0,1,485,0.947265625,512,test_changed_composition|up_to_four,27
0,4,0,1,490,0.95703125,512,test_unchanged_memory|single,22
0,4,0,1,461,0.900390625,512,test_unchanged_memory|up_to_four,51
0,4,0,1,502,0.98046875,512,test_unchanged_composition|single,10
0,4,0,1,485,0.947265625,512,test_unchanged_composition|up_to_four,27
0,16,0,1,380,0.7421875,512,test_changed_memory|single,132
0,16,0,1,237,0.462890625,512,test_changed_memory|up_to_four,275
0,16,0,1,508,0.9921875,512,test_changed_composition|single,4
0,16,0,1,384,0.75,512,test_changed_composition|up_to_four,128
0,16,0,1,508,0.9921875,512,test_unchanged_memory|single,4
0,16,0,1,401,0.783203125,512,test_unchanged_memory|up_to_four,111
0,16,0,1,508,0.9921875,512,test_unchanged_composition|single,4
0,16,0,1,372,0.7265625,512,test_unchanged_composition|up_to_four,140
0,4,3,1,364,0.7109375,512,test_changed_memory|single,148
0,4,3,1,281,0.548828125,512,test_changed_memory|up_to_four,231
0,4,3,1,507,0.990234375,512,test_changed_composition|single,5
0,4,3,1,473,0.923828125,512,test_changed_composition|up_to_four,39
0,4,3,1,469,0.916015625,512,test_unchanged_memory|single,43
0,4,3,1,452,0.8828125,512,test_unchanged_memory|up_to_four,60
0,4,3,1,478,0.93359375,512,test_unchanged_composition|single,34
0,4,3,1,472,0.921875,512,test_unchanged_composition|up_to_four,40
0,16,3,1,367,0.716796875,512,test_changed_memory|single,145
0,16,3,1,269,0.525390625,512,test_changed_memory|up_to_four,243
0,16,3,1,409,0.798828125,512,test_changed_composition|single,103
0,16,3,1,393,0.767578125,512,test_changed_composition|up_to_four,119
0,16,3,1,493,0.962890625,512,test_unchanged_memory|single,19
0,16,3,1,482,0.94140625,512,test_unchanged_memory|up_to_four,30
0,16,3,1,499,0.974609375,512,test_unchanged_composition|single,13
0,16,3,1,489,0.955078125,512,test_unchanged_composition|up_to_four,23
0,4,7,1,73,0.142578125,512,test_changed_memory|single,439
0,4,7,1,216,0.421875,512,test_changed_memory|up_to_four,296
0,4,7,1,14,0.02734375,512,test_changed_composition|single,498
0,4,7,1,36,0.0703125,512,test_changed_composition|up_to_four,476
0,4,7,1,376,0.734375,512,test_unchanged_memory|single,136
0,4,7,1,364,0.7109375,512,test_unchanged_memory|up_to_four,148
0,4,7,1,374,0.73046875,512,test_unchanged_composition|single,138
0,4,7,1,344,0.671875,512,test_unchanged_composition|up_to_four,168
0,16,7,1,247,0.482421875,512,test_changed_memory|single,265
0,16,7,1,138,0.26953125,512,test_changed_memory|up_to_four,374
0,16,7,1,231,0.451171875,512,test_changed_composition|single,281
0,16,7,1,37,0.072265625,512,test_changed_composition|up_to_four,475
0,16,7,1,485,0.947265625,512,test_unchanged_memory|single,27
0,16,7,1,416,0.8125,512,test_unchanged_memory|up_to_four,96
0,16,7,1,482,0.94140625,512,test_unchanged_composition|single,30
0,16,7,1,395,0.771484375,512,test_unchanged_composition|up_to_four,117
0,4,11,1,38,0.07421875,512,test_changed_memory|single,474
0,4,11,1,40,0.078125,512,test_changed_memory|up_to_four,472
0,4,11,1,70,0.13671875,512,test_changed_composition|single,442
0,4,11,1,67,0.130859375,512,test_changed_composition|up_to_four,445
0,4,11,1,375,0.732421875,512,test_unchanged_memory|single,137
0,4,11,1,374,0.73046875,512,test_unchanged_memory|up_to_four,138
0,4,11,1,365,0.712890625,512,test_unchanged_composition|single,147
0,4,11,1,359,0.701171875,512,test_unchanged_composition|up_to_four,153
0,16,11,1,200,0.390625,512,test_changed_memory|single,312
0,16,11,1,129,0.251953125,512,test_changed_memory|up_to_four,383
0,16,11,1,152,0.296875,512,test_changed_composition|single,360
0,16,11,1,41,0.080078125,512,test_changed_composition|up_to_four,471
0,16,11,1,481,0.939453125,512,test_unchanged_memory|single,31
0,16,11,1,439,0.857421875,512,test_unchanged_memory|up_to_four,73
0,16,11,1,481,0.939453125,512,test_unchanged_composition|single,31
0,16,11,1,426,0.83203125,512,test_unchanged_composition|up_to_four,86
0,4,0,2,477,0.931640625,512,test_changed_memory|single,35
0,4,0,2,414,0.80859375,512,test_changed_memory|up_to_four,98
0,4,0,2,504,0.984375,512,test_changed_composition|single,8
0,4,0,2,469,0.916015625,512,test_changed_composition|up_to_four,43
0,4,0,2,493,0.962890625,512,test_unchanged_memory|single,19
0,4,0,2,461,0.900390625,512,test_unchanged_memory|up_to_four,51
0,4,0,2,500,0.9765625,512,test_unchanged_composition|single,12
0,4,0,2,464,0.90625,512,test_unchanged_composition|up_to_four,48
0,16,0,2,435,0.849609375,512,test_changed_memory|single,77
0,16,0,2,455,0.888671875,512,test_changed_memory|up_to_four,57
0,16,0,2,497,0.970703125,512,test_changed_composition|single,15
0,16,0,2,495,0.966796875,512,test_changed_composition|up_to_four,17
0,16,0,2,485,0.947265625,512,test_unchanged_memory|single,27
0,16,0,2,467,0.912109375,512,test_unchanged_memory|up_to_four,45
0,16,0,2,502,0.98046875,512,test_unchanged_composition|single,10
0,16,0,2,498,0.97265625,512,test_unchanged_composition|up_to_four,14
0,4,3,2,362,0.70703125,512,test_changed_memory|single,150
0,4,3,2,335,0.654296875,512,test_changed_memory|up_to_four,177
0,4,3,2,507,0.990234375,512,test_changed_composition|single,5
0,4,3,2,455,0.888671875,512,test_changed_composition|up_to_four,57
0,4,3,2,470,0.91796875,512,test_unchanged_memory|single,42
0,4,3,2,451,0.880859375,512,test_unchanged_memory|up_to_four,61
0,4,3,2,466,0.91015625,512,test_unchanged_composition|single,46
0,4,3,2,462,0.90234375,512,test_unchanged_composition|up_to_four,50
0,16,3,2,160,0.3125,512,test_changed_memory|single,352
0,16,3,2,170,0.33203125,512,test_changed_memory|up_to_four,342
0,16,3,2,493,0.962890625,512,test_changed_composition|single,19
0,16,3,2,486,0.94921875,512,test_changed_composition|up_to_four,26
0,16,3,2,482,0.94140625,512,test_unchanged_memory|single,30
0,16,3,2,477,0.931640625,512,test_unchanged_memory|up_to_four,35
0,16,3,2,490,0.95703125,512,test_unchanged_composition|single,22
0,16,3,2,486,0.94921875,512,test_unchanged_composition|up_to_four,26
0,4,7,2,219,0.427734375,512,test_changed_memory|single,293
0,4,7,2,153,0.298828125,512,test_changed_memory|up_to_four,359
0,4,7,2,489,0.955078125,512,test_changed_composition|single,23
0,4,7,2,437,0.853515625,512,test_changed_composition|up_to_four,75
0,4,7,2,428,0.8359375,512,test_unchanged_memory|single,84
0,4,7,2,383,0.748046875,512,test_unchanged_memory|up_to_four,129
0,4,7,2,444,0.8671875,512,test_unchanged_composition|single,68
0,4,7,2,419,0.818359375,512,test_unchanged_composition|up_to_four,93
0,16,7,2,312,0.609375,512,test_changed_memory|single,200
0,16,7,2,109,0.212890625,512,test_changed_memory|up_to_four,403
0,16,7,2,335,0.654296875,512,test_changed_composition|single,177
0,16,7,2,411,0.802734375,512,test_changed_composition|up_to_four,101
0,16,7,2,482,0.94140625,512,test_unchanged_memory|single,30
0,16,7,2,470,0.91796875,512,test_unchanged_memory|up_to_four,42
0,16,7,2,502,0.98046875,512,test_unchanged_composition|single,10
0,16,7,2,478,0.93359375,512,test_unchanged_composition|up_to_four,34
0,4,11,2,214,0.41796875,512,test_changed_memory|single,298
0,4,11,2,182,0.35546875,512,test_changed_memory|up_to_four,330
0,4,11,2,332,0.6484375,512,test_changed_composition|single,180
0,4,11,2,367,0.716796875,512,test_changed_composition|up_to_four,145
0,4,11,2,394,0.76953125,512,test_unchanged_memory|single,118
0,4,11,2,372,0.7265625,512,test_unchanged_memory|up_to_four,140
0,4,11,2,413,0.806640625,512,test_unchanged_composition|single,99
0,4,11,2,389,0.759765625,512,test_unchanged_composition|up_to_four,123
0,16,11,2,176,0.34375,512,test_changed_memory|single,336
0,16,11,2,127,0.248046875,512,test_changed_memory|up_to_four,385
0,16,11,2,134,0.26171875,512,test_changed_composition|single,378
0,16,11,2,42,0.08203125,512,test_changed_composition|up_to_four,470
0,16,11,2,483,0.943359375,512,test_unchanged_memory|single,29
0,16,11,2,436,0.8515625,512,test_unchanged_memory|up_to_four,76
0,16,11,2,488,0.953125,512,test_unchanged_composition|single,24
0,16,11,2,415,0.810546875,512,test_unchanged_composition|up_to_four,97
