ci_high,ci_low,k,layer,lm_seed,mean,metric,sparse_seed
0.0006333532604280989,0.0001638405110172936,4,0,0,0.00037435924538775645,original_ce,0
0.0006320379204693471,0.00016607364551116666,4,0,0,0.00037459756106028586,patched_ce,0
1.0426948519848263e-05,-1.135736464276116e-05,4,0,0,2.3831567252941e-07,delta_ce,0
1.0,1.0,4,0,0,1.0,original_accuracy,0
1.0,1.0,4,0,0,1.0,patched_accuracy,0
0.0,0.0,4,0,0,0.0,delta_accuracy,0
0.0006338905889015367,0.00018547181253508182,16,0,0,0.00037435924538775645,original_ce,0
0.000639242637606352,0.0001861291558755418,16,0,0,0.0003773492343008833,patched_ce,0
9.215234198800546e-06,-7.930733868399819e-07,16,0,0,2.989988913126851e-06,delta_ce,0
1.0,1.0,16,0,0,1.0,original_accuracy,0
1.0,1.0,16,0,0,1.0,patched_accuracy,0
0.0,0.0,16,0,0,0.0,delta_accuracy,0
0.0006333532604280989,0.0001638405110172936,4,3,0,0.00037435924538775645,original_ce,0
0.002386603756006055,0.00021767390170184252,4,3,0,0.0010128689802508806,patched_ce,0
0.001923576616060418,-9.891133215572667e-05,4,3,0,0.0006385097402279438,delta_ce,0
1.0,1.0,4,3,0,1.0,original_accuracy,0
1.0,0.99853515625,4,3,0,0.99951171875,patched_accuracy,0
0.0,-0.00146484375,4,3,0,-0.00048828125,delta_accuracy,0
0.0006338905889015367,0.00018547181253508182,16,3,0,0.00037435924538775645,original_ce,0
0.0007700117535658301,0.0002073481694945478,16,3,0,0.0004499167155256334,patched_ce,0
0.00019638734421639209,1.120018186601124e-06,16,3,0,7.555747195686635e-05,delta_ce,0
1.0,1.0,16,3,0,1.0,original_accuracy,0
1.0,1.0,16,3,0,1.0,patched_accuracy,0
0.0,0.0,16,3,0,0.0,delta_accuracy,0
0.0006333532604280989,0.0001638405110172936,4,7,0,0.00037435924538775645,original_ce,0
0.0005556393600107122,0.00011678647533577835,4,7,0,0.00031034829682052845,patched_ce,0
0.000135685547868114,-0.00024879888744893107,4,7,0,-6.401094813246466e-05,delta_ce,0
1.0,1.0,4,7,0,1.0,original_accuracy,0
1.0,1.0,4,7,0,1.0,patched_accuracy,0
0.0,0.0,4,7,0,0.0,delta_accuracy,0
0.0006338905889015367,0.00018547181253508182,16,7,0,0.00037435924538775645,original_ce,0
0.0007344051363083359,0.00017636744853362086,16,7,0,0.0004007400963914609,patched_ce,0
0.0001169493535739585,-3.0897148507630366e-05,16,7,0,2.6380851003704464e-05,delta_ce,0
1.0,1.0,16,7,0,1.0,original_accuracy,0
1.0,1.0,16,7,0,1.0,patched_accuracy,0
0.0,0.0,16,7,0,0.0,delta_accuracy,0
0.0006333532604280989,0.0001638405110172936,4,11,0,0.00037435924538775645,original_ce,0
0.0017897329046890282,0.0002175600763725527,4,11,0,0.0008111580434244647,patched_ce,0
0.0012437313651796225,-3.288583883938601e-05,4,11,0,0.0004367988038471715,delta_ce,0
1.0,1.0,4,11,0,1.0,original_accuracy,0
1.0,0.99853515625,4,11,0,0.99951171875,patched_accuracy,0
0.0,-0.00146484375,4,11,0,-0.00048828125,delta_accuracy,0
0.0006338905889015367,0.00018547181253508182,16,11,0,0.00037435924538775645,original_ce,0
0.0006170974354644532,0.00018192273834890526,16,11,0,0.0003685199199054967,patched_ce,0
1.4469723201165906e-05,-2.828801857014396e-05,16,11,0,-5.8393254822597385e-06,delta_ce,0
1.0,1.0,16,11,0,1.0,original_accuracy,0
1.0,1.0,16,11,0,1.0,patched_accuracy,0
0.0,0.0,16,11,0,0.0,delta_accuracy,0
0.00223262489244016,0.0001431569346053485,4,0,1,0.0008930913189741929,original_ce,0
0.002224824942017811,0.00013908837418853405,4,0,1,0.000886590975890833,patched_ce,0
1.4327747057474305e-05,-3.084736610797778e-05,4,0,1,-6.500343083359894e-06,delta_ce,0
1.0,0.99853515625,4,0,1,0.99951171875,original_accuracy,0
1.0,0.99853515625,4,0,1,0.99951171875,patched_accuracy,0
0.0,0.0,4,0,1,0.0,delta_accuracy,0
0.0024818378455325084,0.0001524740709949679,16,0,1,0.0008930913189741929,original_ce,0
0.0024791146953231035,0.0001523528985818423,16,0,1,0.0008936254541045408,patched_ce,0
3.232767606753395e-06,-1.5681700484160288e-06,16,0,1,5.341351303478348e-07,delta_ce,0
1.0,0.998046875,16,0,1,0.99951171875,original_accuracy,0
1.0,0.998046875,16,0,1,0.99951171875,patched_accuracy,0
0.0,0.0,16,0,1,0.0,delta_accuracy,0
0.00223262489244016,0.0001431569346053485,4,3,1,0.0008930913189741929,original_ce,0
0.0024434141301681194,0.00017313879107914155,4,3,1,0.0010721575305048248,patched_ce,0
0.0005065989830975723,-4.7911615492479685e-05,4,3,1,0.00017906621240415532,delta_ce,0
1.0,0.99853515625,4,3,1,0.99951171875,original_accuracy,0
1.0,0.99853515625,4,3,1,0.99951171875,patched_accuracy,0
0.0,0.0,4,3,1,0.0,delta_accuracy,0
0.0024818378455325084,0.0001524740709949679,16,3,1,0.0008930913189741929,original_ce,0
0.0023167591402467047,0.0001412778668151926,16,3,1,0.0008320443394307375,patched_ce,0
-1.567926289458566e-06,-0.00016951859533210768,16,3,1,-6.104697954345539e-05,delta_ce,0
1.0,0.998046875,16,3,1,0.99951171875,original_accuracy,0
1.0,0.998046875,16,3,1,0.99951171875,patched_accuracy,0
0.0,0.0,16,3,1,0.0,delta_accuracy,0
0.00223262489244016,0.0001431569346053485,4,7,1,0.0008930913189741929,original_ce,0
0.0026715667497339435,0.00011425971236561638,4,7,1,0.0010224263161826563,patched_ce,0
0.0004631204941808686,-5.847767372255674e-05,4,7,1,0.00012933499717737718,delta_ce,0
1.0,0.99853515625,4,7,1,0.99951171875,original_accuracy,0
1.0,0.99853515625,4,7,1,0.99951171875,patched_accuracy,0
0.0,0.0,4,7,1,0.0,delta_accuracy,0
0.0024818378455325084,0.0001524740709949679,16,7,1,0.0008930913189741929,original_ce,0
0.002518830633900004,0.0001618120087870767,16,7,1,0.0009114660115847606,patched_ce,0
4.812868133753367e-05,-5.240849044996221e-06,16,7,1,1.8374692610567678e-05,delta_ce,0
1.0,0.998046875,16,7,1,0.99951171875,original_accuracy,0
1.0,0.998046875,16,7,1,0.99951171875,patched_accuracy,0
0.0,0.0,16,7,1,0.0,delta_accuracy,0
0.00223262489244016,0.0001431569346053485,4,11,1,0.0008930913189741929,original_ce,0
0.0018035506153477484,0.00013366282988273027,4,11,1,0.0007469015434828918,patched_ce,0
8.464726106821582e-05,-0.0004972413586729729,4,11,1,-0.0001461897755894448,delta_ce,0
1.0,0.99853515625,4,11,1,0.99951171875,original_accuracy,0
1.0,0.99853515625,4,11,1,0.99951171875,patched_accuracy,0
0.0,0.0,4,11,1,0.0,delta_accuracy,0
0.0024818378455325084,0.0001524740709949679,16,11,1,0.0008930913189741929,original_ce,0
0.0022928966733264163,0.00014199147534148525,16,11,1,0.0008556878502732346,patched_ce,0
4.4629786886241065e-05,-0.00014879358794026576,16,11,1,-3.740346870095834e-05,delta_ce,0
1.0,0.998046875,16,11,1,0.99951171875,original_accuracy,0
1.0,0.998046875,16,11,1,0.99951171875,patched_accuracy,0
0.0,0.0,16,11,1,0.0,delta_accuracy,0
0.001466360877670425,4.77198152307734e-05,4,0,2,0.0005009129911175414,original_ce,0
0.0014759528110614539,4.757436713562768e-05,4,0,2,0.000501072672363545,patched_ce,0
7.632202086937934e-06,-6.615049776870219e-06,4,0,2,1.5968124600362898e-07,delta_ce,0
1.0,0.998046875,4,0,2,0.99951171875,original_accuracy,0
1.0,0.998046875,4,0,2,0.99951171875,patched_accuracy,0
0.0,0.0,4,0,2,0.0,delta_accuracy,0
0.0012973279433207252,4.625419767464445e-05,16,0,2,0.0005009129911175414,original_ce,0
0.0013174530928486527,4.6197502662304045e-05,16,0,2,0.0005078952264527814,patched_ce,0
2.0126737285719452e-05,5.3946338496313483e-08,16,0,2,6.982235335240006e-06,delta_ce,0
1.0,0.99853515625,16,0,2,0.99951171875,original_accuracy,0
1.0,0.99853515625,16,0,2,0.99951171875,patched_accuracy,0
0.0,0.0,16,0,2,0.0,delta_accuracy,0
0.001466360877670425,4.77198152307734e-05,4,3,2,0.0005009129911175414,original_ce,0
0.0008447184690085538,4.744496234380113e-05,4,3,2,0.00030666535176138154,patched_ce,0
9.553136841588761e-08,-0.0006186598142853495,4,3,2,-0.0001942476393459458,delta_ce,0
1.0,0.998046875,4,3,2,0.99951171875,original_accuracy,0
1.0,1.0,4,3,2,1.0,patched_accuracy,0
0.001953125,0.0,4,3,2,0.00048828125,delta_accuracy,0
0.0012973279433207252,4.625419767464445e-05,16,3,2,0.0005009129911175414,original_ce,0
0.0011984455724042276,4.60747833687436e-05,16,3,2,0.00046322739470028296,patched_ce,0
3.6721737247668947e-07,-9.892006889917759e-05,16,3,2,-3.768559641725844e-05,delta_ce,0
1.0,0.99853515625,16,3,2,0.99951171875,original_accuracy,0
1.0,1.0,16,3,2,1.0,patched_accuracy,0
0.00146484375,0.0,16,3,2,0.00048828125,delta_accuracy,0
0.001466360877670425,4.77198152307734e-05,4,7,2,0.0005009129911175414,original_ce,0
0.0022150334463850395,3.891195793895852e-05,4,7,2,0.0008764711170021755,patched_ce,0
0.0010679270721551393,-8.820384253271917e-06,4,7,2,0.0003755581187934176,delta_ce,0
1.0,0.998046875,4,7,2,0.99951171875,original_accuracy,0
1.0,0.99755859375,4,7,2,0.9990234375,patched_accuracy,0
0.0,-0.00146484375,4,7,2,-0.00048828125,delta_accuracy,0
0.0012973279433207252,4.625419767464445e-05,16,7,2,0.0005009129911175414,original_ce,0
0.001351871494587331,4.3148577978102676e-05,16,7,2,0.0005430542823807727,patched_ce,0
0.0002170878401690168,-8.304775275305153e-05,16,7,2,4.2141291263231295e-05,delta_ce,0
1.0,0.99853515625,16,7,2,0.99951171875,original_accuracy,0
1.0,1.0,16,7,2,1.0,patched_accuracy,0
0.00146484375,0.0,16,7,2,0.00048828125,delta_accuracy,0
0.001466360877670425,4.77198152307734e-05,4,11,2,0.0005009129911175414,original_ce,0
0.002374847218735874,4.846986227866612e-05,4,11,2,0.0009245975022120767,patched_ce,0
0.001028632507410615,-2.779237597849704e-06,4,11,2,0.00042368451495367054,delta_ce,0
1.0,0.998046875,4,11,2,0.99951171875,original_accuracy,0
1.0,0.998046875,4,11,2,0.99951171875,patched_accuracy,0
0.0,0.0,4,11,2,0.0,delta_accuracy,0
0.0012973279433207252,4.625419767464445e-05,16,11,2,0.0005009129911175414,original_ce,0
0.0013698416083827824,4.509256392569716e-05,16,11,2,0.0005307150841766806,patched_ce,0
8.013270581566089e-05,-3.0669348699330356e-06,16,11,2,2.9802093059139168e-05,delta_ce,0
1.0,0.99853515625,16,11,2,0.99951171875,original_accuracy,0
1.0,0.99853515625,16,11,2,0.99951171875,patched_accuracy,0
0.0,0.0,16,11,2,0.0,delta_accuracy,0
