split,dimension,cell,count,accuracy,macro_accuracy,coverage
general,operator,initialization,776,0.9085051546391752,0.8083425226556692,1.0
general,operator,SET,1809,0.9458264234383638,0.8083425226556692,1.0
general,operator,NOT,1880,0.7468085106382979,0.8083425226556692,1.0
general,operator,AND,1253,0.7789305666400639,0.8083425226556692,1.0
general,operator,OR,1207,0.8102734051367025,0.8083425226556692,1.0
general,operator,XOR,1246,0.6597110754414125,0.8083425226556692,1.0
general,query_var,A,2049,0.821376281112738,0.8071131160459449,1.0
general,query_var,B,2104,0.8056083650190115,0.8071131160459449,1.0
general,query_var,C,2048,0.80908203125,0.8071131160459449,1.0
general,query_var,D,1970,0.7923857868020304,0.8071131160459449,1.0
general,answer,0,4030,0.7280397022332507,0.8061835796846041,1.0
general,answer,1,4141,0.8843274571359575,0.8061835796846041,1.0
general,blocks,8,272,0.8419117647058824,0.8100631106589582,1.0
general,blocks,9,288,0.875,0.8100631106589582,1.0
general,blocks,10,310,0.8290322580645161,0.8100631106589582,1.0
general,blocks,11,154,0.8051948051948052,0.8100631106589582,1.0
general,blocks,12,324,0.7993827160493827,0.8100631106589582,1.0
general,blocks,13,390,0.8076923076923077,0.8100631106589582,1.0
general,blocks,14,490,0.8,0.8100631106589582,1.0
general,blocks,15,645,0.8031007751937984,0.8100631106589582,1.0
general,blocks,16,464,0.8125,0.8100631106589582,1.0
general,blocks,17,408,0.7745098039215687,0.8100631106589582,1.0
general,blocks,18,594,0.8063973063973064,0.8100631106589582,1.0
general,blocks,19,684,0.7953216374269005,0.8100631106589582,1.0
general,blocks,20,540,0.8092592592592592,0.8100631106589582,1.0
general,blocks,21,798,0.8258145363408521,0.8100631106589582,1.0
general,blocks,22,726,0.7878787878787878,0.8100631106589582,1.0
general,blocks,23,460,0.8,0.8100631106589582,1.0
general,blocks,24,624,0.7980769230769231,0.8100631106589582,1.0
general,distance,0,4081,0.7784856652781181,0.8169249052938289,1.0
general,distance,1-2,2032,0.8681102362204725,0.8169249052938289,1.0
general,distance,3+,2058,0.8041788143828961,0.8169249052938289,1.0
general,truth,00,919,0.6039173014145811,0.7522285250466633,1.0
general,truth,01,903,0.8449612403100775,0.7522285250466633,1.0
general,truth,10,861,0.851335656213705,0.7522285250466633,1.0
general,truth,11,1023,0.7086999022482894,0.7522285250466633,1.0
general,truth_table,AND:00,315,0.946031746031746,0.753622258322124,1.0
general,truth_table,AND:01,309,0.8252427184466019,0.753622258322124,1.0
general,truth_table,AND:10,249,0.751004016064257,0.753622258322124,1.0
general,truth_table,AND:11,380,0.6210526315789474,0.753622258322124,1.0
general,truth_table,OR:00,327,0.363914373088685,0.753622258322124,1.0
general,truth_table,OR:01,261,0.9310344827586207,0.753622258322124,1.0
general,truth_table,OR:10,298,0.9932885906040269,0.753622258322124,1.0
general,truth_table,OR:11,321,0.9968847352024922,0.753622258322124,1.0
general,truth_table,XOR:00,277,0.4981949458483754,0.753622258322124,1.0
general,truth_table,XOR:01,333,0.7957957957957958,0.753622258322124,1.0
general,truth_table,XOR:10,314,0.7961783439490446,0.753622258322124,1.0
general,truth_table,XOR:11,322,0.5248447204968945,0.753622258322124,1.0
other_variable,operator,initialization,116,0.8448275862068966,0.8098668811389101,1.0
other_variable,operator,SET,95,0.8842105263157894,0.8098668811389101,1.0
other_variable,operator,NOT,92,0.7391304347826086,0.8098668811389101,1.0
other_variable,operator,AND,80,0.775,0.8098668811389101,1.0
other_variable,operator,OR,62,0.8548387096774194,0.8098668811389101,1.0
other_variable,operator,XOR,67,0.7611940298507462,0.8098668811389101,1.0
other_variable,query_var,A,147,0.8435374149659864,0.808634751845203,1.0
other_variable,query_var,B,137,0.8467153284671532,0.808634751845203,1.0
other_variable,query_var,C,113,0.7964601769911505,0.808634751845203,1.0
other_variable,query_var,D,115,0.7478260869565218,0.808634751845203,1.0
other_variable,answer,0,273,0.7619047619047619,0.8160988244670253,1.0
other_variable,answer,1,239,0.8702928870292888,0.8160988244670253,1.0
other_variable,blocks,8,31,0.8064516129032258,0.8120589848717114,1.0
other_variable,blocks,9,22,0.9090909090909091,0.8120589848717114,1.0
other_variable,blocks,10,31,0.7096774193548387,0.8120589848717114,1.0
other_variable,blocks,11,27,0.8888888888888888,0.8120589848717114,1.0
other_variable,blocks,12,34,0.8235294117647058,0.8120589848717114,1.0
other_variable,blocks,13,32,0.8125,0.8120589848717114,1.0
other_variable,blocks,14,25,0.84,0.8120589848717114,1.0
other_variable,blocks,15,40,0.85,0.8120589848717114,1.0
other_variable,blocks,16,22,0.7727272727272727,0.8120589848717114,1.0
other_variable,blocks,17,36,0.8333333333333334,0.8120589848717114,1.0
other_variable,blocks,18,29,0.7931034482758621,0.8120589848717114,1.0
other_variable,blocks,19,25,0.76,0.8120589848717114,1.0
other_variable,blocks,20,28,0.7857142857142857,0.8120589848717114,1.0
other_variable,blocks,21,29,0.7931034482758621,0.8120589848717114,1.0
other_variable,blocks,22,26,0.8076923076923077,0.8120589848717114,1.0
other_variable,blocks,23,29,0.7931034482758621,0.8120589848717114,1.0
other_variable,blocks,24,46,0.8260869565217391,0.8120589848717114,1.0
other_variable,distance,0,0,,0.8113599242875242,0.6666666666666666
other_variable,distance,1-2,261,0.8697318007662835,0.8113599242875242,0.6666666666666666
other_variable,distance,3+,251,0.7529880478087649,0.8113599242875242,0.6666666666666666
other_variable,truth,00,60,0.7333333333333333,0.7974264705882352,1.0
other_variable,truth,01,51,0.7647058823529411,0.7974264705882352,1.0
other_variable,truth,10,50,0.9,0.7974264705882352,1.0
other_variable,truth,11,48,0.7916666666666666,0.7974264705882352,1.0
other_variable,truth_table,AND:00,16,0.9375,0.8153479672501412,1.0
other_variable,truth_table,AND:01,20,0.6,0.8153479672501412,1.0
other_variable,truth_table,AND:10,23,0.8695652173913043,0.8153479672501412,1.0
other_variable,truth_table,AND:11,21,0.7142857142857143,0.8153479672501412,1.0
other_variable,truth_table,OR:00,22,0.6363636363636364,0.8153479672501412,1.0
other_variable,truth_table,OR:01,16,0.9375,0.8153479672501412,1.0
other_variable,truth_table,OR:10,13,1.0,0.8153479672501412,1.0
other_variable,truth_table,OR:11,11,1.0,0.8153479672501412,1.0
other_variable,truth_table,XOR:00,22,0.6818181818181818,0.8153479672501412,1.0
other_variable,truth_table,XOR:01,15,0.8,0.8153479672501412,1.0
other_variable,truth_table,XOR:10,14,0.8571428571428571,0.8153479672501412,1.0
other_variable,truth_table,XOR:11,16,0.75,0.8153479672501412,1.0
repeated_update,operator,initialization,0,,0.7595522760708425,0.8333333333333334
repeated_update,operator,SET,128,0.921875,0.7595522760708425,0.8333333333333334
repeated_update,operator,NOT,137,0.6788321167883211,0.7595522760708425,0.8333333333333334
repeated_update,operator,AND,86,0.7209302325581395,0.7595522760708425,0.8333333333333334
repeated_update,operator,OR,75,0.8133333333333334,0.7595522760708425,0.8333333333333334
repeated_update,operator,XOR,86,0.6627906976744186,0.7595522760708425,0.8333333333333334
repeated_update,query_var,A,145,0.8275862068965517,0.7617704592006174,1.0
repeated_update,query_var,B,115,0.7739130434782608,0.7617704592006174,1.0
repeated_update,query_var,C,110,0.7272727272727273,0.7617704592006174,1.0
repeated_update,query_var,D,142,0.7183098591549296,0.7617704592006174,1.0
repeated_update,answer,0,281,0.6832740213523132,0.7723729414120873,1.0
repeated_update,answer,1,231,0.8614718614718615,0.7723729414120873,1.0
repeated_update,blocks,8,23,0.6086956521739131,0.7607044405991101,1.0
repeated_update,blocks,9,25,0.8,0.7607044405991101,1.0
repeated_update,blocks,10,21,0.7142857142857143,0.7607044405991101,1.0
repeated_update,blocks,11,38,0.7631578947368421,0.7607044405991101,1.0
repeated_update,blocks,12,23,0.7391304347826086,0.7607044405991101,1.0
repeated_update,blocks,13,39,0.7948717948717948,0.7607044405991101,1.0
repeated_update,blocks,14,30,0.8333333333333334,0.7607044405991101,1.0
repeated_update,blocks,15,26,0.8846153846153846,0.7607044405991101,1.0
repeated_update,blocks,16,30,0.7666666666666667,0.7607044405991101,1.0
repeated_update,blocks,17,35,0.7714285714285715,0.7607044405991101,1.0
repeated_update,blocks,18,27,0.6666666666666666,0.7607044405991101,1.0
repeated_update,blocks,19,32,0.6875,0.7607044405991101,1.0
repeated_update,blocks,20,33,0.8181818181818182,0.7607044405991101,1.0
repeated_update,blocks,21,28,0.7857142857142857,0.7607044405991101,1.0
repeated_update,blocks,22,22,0.7727272727272727,0.7607044405991101,1.0
repeated_update,blocks,23,40,0.775,0.7607044405991101,1.0
repeated_update,blocks,24,40,0.75,0.7607044405991101,1.0
repeated_update,distance,0,289,0.7716262975778547,0.7577194361812759,1.0
repeated_update,distance,1-2,117,0.8034188034188035,0.7577194361812759,1.0
repeated_update,distance,3+,106,0.6981132075471698,0.7577194361812759,1.0
repeated_update,truth,00,66,0.6060606060606061,0.7346573028571333,1.0
repeated_update,truth,01,53,0.8113207547169812,0.7346573028571333,1.0
repeated_update,truth,10,59,0.7966101694915254,0.7346573028571333,1.0
repeated_update,truth,11,69,0.7246376811594203,0.7346573028571333,1.0
repeated_update,truth_table,AND:00,22,0.9545454545454546,0.7432762406675449,1.0
repeated_update,truth_table,AND:01,18,0.7222222222222222,0.7432762406675449,1.0
repeated_update,truth_table,AND:10,22,0.6363636363636364,0.7432762406675449,1.0
repeated_update,truth_table,AND:11,24,0.5833333333333334,0.7432762406675449,1.0
repeated_update,truth_table,OR:00,21,0.3333333333333333,0.7432762406675449,1.0
repeated_update,truth_table,OR:01,15,1.0,0.7432762406675449,1.0
repeated_update,truth_table,OR:10,19,1.0,0.7432762406675449,1.0
repeated_update,truth_table,OR:11,20,1.0,0.7432762406675449,1.0
repeated_update,truth_table,XOR:00,23,0.5217391304347826,0.7432762406675449,1.0
repeated_update,truth_table,XOR:01,20,0.75,0.7432762406675449,1.0
repeated_update,truth_table,XOR:10,18,0.7777777777777778,0.7432762406675449,1.0
repeated_update,truth_table,XOR:11,25,0.64,0.7432762406675449,1.0
first_read_after_set,operator,initialization,111,0.9369369369369369,0.8151490337044737,1.0
first_read_after_set,operator,SET,191,0.9581151832460733,0.8151490337044737,1.0
first_read_after_set,operator,NOT,86,0.6744186046511628,0.8151490337044737,1.0
first_read_after_set,operator,AND,45,0.7777777777777778,0.8151490337044737,1.0
first_read_after_set,operator,OR,41,0.7804878048780488,0.8151490337044737,1.0
first_read_after_set,operator,XOR,38,0.7631578947368421,0.8151490337044737,1.0
first_read_after_set,query_var,A,117,0.8547008547008547,0.8593166490893763,1.0
first_read_after_set,query_var,B,126,0.8492063492063492,0.8593166490893763,1.0
first_read_after_set,query_var,C,148,0.8986486486486487,0.8593166490893763,1.0
first_read_after_set,query_var,D,121,0.8347107438016529,0.8593166490893763,1.0
first_read_after_set,answer,0,272,0.7977941176470589,0.8655637254901961,1.0
first_read_after_set,answer,1,240,0.9333333333333333,0.8655637254901961,1.0
first_read_after_set,blocks,8,28,0.75,0.8599342226514236,1.0
first_read_after_set,blocks,9,23,0.9565217391304348,0.8599342226514236,1.0
first_read_after_set,blocks,10,36,0.8055555555555556,0.8599342226514236,1.0
first_read_after_set,blocks,11,25,0.8,0.8599342226514236,1.0
first_read_after_set,blocks,12,34,0.9117647058823529,0.8599342226514236,1.0
first_read_after_set,blocks,13,29,0.9310344827586207,0.8599342226514236,1.0
first_read_after_set,blocks,14,39,0.8974358974358975,0.8599342226514236,1.0
first_read_after_set,blocks,15,28,0.75,0.8599342226514236,1.0
first_read_after_set,blocks,16,25,0.88,0.8599342226514236,1.0
first_read_after_set,blocks,17,28,0.8214285714285714,0.8599342226514236,1.0
first_read_after_set,blocks,18,33,0.9696969696969697,0.8599342226514236,1.0
first_read_after_set,blocks,19,31,0.967741935483871,0.8599342226514236,1.0
first_read_after_set,blocks,20,44,0.8409090909090909,0.8599342226514236,1.0
first_read_after_set,blocks,21,27,0.8148148148148148,0.8599342226514236,1.0
first_read_after_set,blocks,22,26,0.8076923076923077,0.8599342226514236,1.0
first_read_after_set,blocks,23,28,0.8928571428571429,0.8599342226514236,1.0
first_read_after_set,blocks,24,28,0.8214285714285714,0.8599342226514236,1.0
first_read_after_set,distance,0,283,0.872791519434629,0.839014504893334,1.0
first_read_after_set,distance,1-2,151,0.9006622516556292,0.839014504893334,1.0
first_read_after_set,distance,3+,78,0.7435897435897436,0.839014504893334,1.0
first_read_after_set,truth,00,32,0.46875,0.7781215239154616,1.0
first_read_after_set,truth,01,29,0.9310344827586207,0.7781215239154616,1.0
first_read_after_set,truth,10,32,0.90625,0.7781215239154616,1.0
first_read_after_set,truth,11,31,0.8064516129032258,0.7781215239154616,1.0
first_read_after_set,truth_table,AND:00,14,0.8571428571428571,0.7524531024531025,1.0
first_read_after_set,truth_table,AND:01,10,0.9,0.7524531024531025,1.0
first_read_after_set,truth_table,AND:10,14,0.7857142857142857,0.7524531024531025,1.0
first_read_after_set,truth_table,AND:11,7,0.42857142857142855,0.7524531024531025,1.0
first_read_after_set,truth_table,OR:00,11,0.18181818181818182,0.7524531024531025,1.0
first_read_after_set,truth_table,OR:01,9,1.0,0.7524531024531025,1.0
first_read_after_set,truth_table,OR:10,9,1.0,0.7524531024531025,1.0
first_read_after_set,truth_table,OR:11,12,1.0,0.7524531024531025,1.0
first_read_after_set,truth_table,XOR:00,7,0.14285714285714285,0.7524531024531025,1.0
first_read_after_set,truth_table,XOR:01,10,0.9,0.7524531024531025,1.0
first_read_after_set,truth_table,XOR:10,9,1.0,0.7524531024531025,1.0
first_read_after_set,truth_table,XOR:11,12,0.8333333333333334,0.7524531024531025,1.0
