checkpoint_sha256,config_sha256,hook,k,layer,lm_seed,name,phase,position_draws,position_type,selected_checkpoint,selected_dictionary_sha256,selected_update,selection_sha256,source,sparse_seed,status,target,tool,updates
76d86f1a83bde7f8f6389684cd2a3913c923e21ccfbe42e40d3255385a9982b1,9fb4688636cea7c338fbc0da1292477915dd7fd9c1d45a76d981a6d85c0ca2b0,h,4,0,0,seed0_l0_sae_k4_s0,P7,2560000,READ,experiment_v1_4/p6_selected/seed0_l0_sae_k4_s0/update_05000.pt,2090d61ddb07bb27574f52ba183d4d84b8c64ecc49c322c6f2786db4f58f6236,5000,1695092b3ce31f74fd73ca82598644bd425e0249d87fa4ba4e9ebc9d12431785,experiment_v1_4/phase_archives/P7/v1_4_p7_return_1790455082926962917.zip::runs/seed0_l0_sae_k4_s0/semantic.json,0,passed,h reconstruction,sae,5000
76d86f1a83bde7f8f6389684cd2a3913c923e21ccfbe42e40d3255385a9982b1,9fb4688636cea7c338fbc0da1292477915dd7fd9c1d45a76d981a6d85c0ca2b0,h,16,0,0,seed0_l0_sae_k16_s0,P7,2560000,READ,experiment_v1_4/p6_selected/seed0_l0_sae_k16_s0/update_05000.pt,8bebc83263c39d31c1aae9f168ee9f91b31c640aac807926f3d49d889dd3090a,5000,e32fdb7ecbfdb5b3a90b65c4ad5db62a756b20e40d07baaf88171f4f6db5b2d9,experiment_v1_4/phase_archives/P7/v1_4_p7_return_1790455082926962917.zip::runs/seed0_l0_sae_k16_s0/semantic.json,0,passed,h reconstruction,sae,5000
76d86f1a83bde7f8f6389684cd2a3913c923e21ccfbe42e40d3255385a9982b1,9fb4688636cea7c338fbc0da1292477915dd7fd9c1d45a76d981a6d85c0ca2b0,h,4,3,0,seed0_l3_sae_k4_s0,P7,2560000,READ,experiment_v1_4/p6_selected/seed0_l3_sae_k4_s0/update_05000.pt,17712803b9c6924255d2aa1999b8aa67099a4ec08ac79602174f413c4417dd68,5000,b4c065c755f408693401bd7916801779a7896cc0ae55dfc5a3f2ef9058af91b9,experiment_v1_4/phase_archives/P7/v1_4_p7_return_1790455082926962917.zip::runs/seed0_l3_sae_k4_s0/semantic.json,0,passed,h reconstruction,sae,5000
76d86f1a83bde7f8f6389684cd2a3913c923e21ccfbe42e40d3255385a9982b1,9fb4688636cea7c338fbc0da1292477915dd7fd9c1d45a76d981a6d85c0ca2b0,h,16,3,0,seed0_l3_sae_k16_s0,P7,2560000,READ,experiment_v1_4/p6_selected/seed0_l3_sae_k16_s0/update_05000.pt,3afee2c304314fba3b59999c48a172be55f2a495d475348fed618629f88d6d2a,5000,17accc94f7d50a18b7b29f4bf6e26c30850e9ab2b0fb19d1b9e1b5f72bbcae02,experiment_v1_4/phase_archives/P7/v1_4_p7_return_1790455082926962917.zip::runs/seed0_l3_sae_k16_s0/semantic.json,0,passed,h reconstruction,sae,5000
76d86f1a83bde7f8f6389684cd2a3913c923e21ccfbe42e40d3255385a9982b1,9fb4688636cea7c338fbc0da1292477915dd7fd9c1d45a76d981a6d85c0ca2b0,h,4,7,0,seed0_l7_sae_k4_s0,P7,2560000,READ,experiment_v1_4/p6_selected/seed0_l7_sae_k4_s0/update_05000.pt,f8cbb5795341736725f1f24b031d775bb2b259502be57b8097219cbbc2845924,5000,c0778776d7fca94444620e7a937b8893286bd61f3aa2a2572c7517fadb3bc8dc,experiment_v1_4/phase_archives/P7/v1_4_p7_return_1790455082926962917.zip::runs/seed0_l7_sae_k4_s0/semantic.json,0,passed,h reconstruction,sae,5000
76d86f1a83bde7f8f6389684cd2a3913c923e21ccfbe42e40d3255385a9982b1,9fb4688636cea7c338fbc0da1292477915dd7fd9c1d45a76d981a6d85c0ca2b0,h,16,7,0,seed0_l7_sae_k16_s0,P7,2560000,READ,experiment_v1_4/p6_selected/seed0_l7_sae_k16_s0/update_05000.pt,48e2d7a69b82a222e0a175f53bd2a683c9fc6c2b1c59b644f467ae5d670b220d,5000,201a4f8a4da026ac3583047550e6dcea8ccf83e530cde399959f9dff74064ff8,experiment_v1_4/phase_archives/P7/v1_4_p7_return_1790455082926962917.zip::runs/seed0_l7_sae_k16_s0/semantic.json,0,passed,h reconstruction,sae,5000
76d86f1a83bde7f8f6389684cd2a3913c923e21ccfbe42e40d3255385a9982b1,9fb4688636cea7c338fbc0da1292477915dd7fd9c1d45a76d981a6d85c0ca2b0,h,4,11,0,seed0_l11_sae_k4_s0,P7,2560000,READ,experiment_v1_4/p6_selected/seed0_l11_sae_k4_s0/update_05000.pt,7c0f7178463cc59950e13b4f361ff6e8957b888eddd01c52b6a03fcc22bc01f8,5000,207e3cf6bab7cc303013e8eb131b6f2bcac812c1ff42bb2460ef37ce8a320531,experiment_v1_4/phase_archives/P7/v1_4_p7_return_1790455082926962917.zip::runs/seed0_l11_sae_k4_s0/semantic.json,0,passed,h reconstruction,sae,5000
76d86f1a83bde7f8f6389684cd2a3913c923e21ccfbe42e40d3255385a9982b1,9fb4688636cea7c338fbc0da1292477915dd7fd9c1d45a76d981a6d85c0ca2b0,h,16,11,0,seed0_l11_sae_k16_s0,P7,2560000,READ,experiment_v1_4/p6_selected/seed0_l11_sae_k16_s0/update_05000.pt,1d5db2058776996204a9f9983c5af3ec504a15d5be924e1a8b9e732985380fed,5000,4e66fca415b140e4fbff1469069428fe08645defb268aa1eda828e2b3f1372cf,experiment_v1_4/phase_archives/P7/v1_4_p7_return_1790455082926962917.zip::runs/seed0_l11_sae_k16_s0/semantic.json,0,passed,h reconstruction,sae,5000
bb505254dfde1587e2497238448fd2117f7b1a2292a84497db8fdfb81127e555,9fb4688636cea7c338fbc0da1292477915dd7fd9c1d45a76d981a6d85c0ca2b0,h,4,0,1,seed1_l0_sae_k4_s0,P7,2560000,READ,experiment_v1_4/p6_selected/seed1_l0_sae_k4_s0/update_05000.pt,de32ba03c9d43c4c7029c695b0ffd33b9fe7d2326d18e4290b1c952490b19e29,5000,ed6cbdd10428dc1ff191c6f993f1360f0d6a019c5efcc1cfb1759a8c8df2c763,experiment_v1_4/phase_archives/P7/v1_4_p7_return_1790455082926962917.zip::runs/seed1_l0_sae_k4_s0/semantic.json,0,passed,h reconstruction,sae,5000
bb505254dfde1587e2497238448fd2117f7b1a2292a84497db8fdfb81127e555,9fb4688636cea7c338fbc0da1292477915dd7fd9c1d45a76d981a6d85c0ca2b0,h,16,0,1,seed1_l0_sae_k16_s0,P7,2560000,READ,experiment_v1_4/p6_selected/seed1_l0_sae_k16_s0/update_04750.pt,841d63f9dc9a033e11f04f27e1460c02b1ce436d40f1655ac69954f3ee504b42,4750,6d6ed923ee534b1c94fc4a55b49f1e4c02b2ca24fd81e2d25c00217b6542c3ba,experiment_v1_4/phase_archives/P7/v1_4_p7_return_1790455082926962917.zip::runs/seed1_l0_sae_k16_s0/semantic.json,0,passed,h reconstruction,sae,5000
bb505254dfde1587e2497238448fd2117f7b1a2292a84497db8fdfb81127e555,9fb4688636cea7c338fbc0da1292477915dd7fd9c1d45a76d981a6d85c0ca2b0,h,4,3,1,seed1_l3_sae_k4_s0,P7,2560000,READ,experiment_v1_4/p6_selected/seed1_l3_sae_k4_s0/update_05000.pt,0283ea5fd3760e74e98ae9cc9e2f00258b47aae898df26793574dfce1b3dbc42,5000,73e731b44a2950002e8c349b3e5a6cae2084dacf12afd7ca2103d389655cce56,experiment_v1_4/phase_archives/P7/v1_4_p7_return_1790455082926962917.zip::runs/seed1_l3_sae_k4_s0/semantic.json,0,passed,h reconstruction,sae,5000
bb505254dfde1587e2497238448fd2117f7b1a2292a84497db8fdfb81127e555,9fb4688636cea7c338fbc0da1292477915dd7fd9c1d45a76d981a6d85c0ca2b0,h,16,3,1,seed1_l3_sae_k16_s0,P7,2560000,READ,experiment_v1_4/p6_selected/seed1_l3_sae_k16_s0/update_05000.pt,399c14ce74d230487acb95203f1ac6c35a02583d57a488032898d38d80f553e3,5000,4e46ec2ce70a3d8062c20fddd94baa17b313ece0a40151e8961fe51e5a70cbe4,experiment_v1_4/phase_archives/P7/v1_4_p7_return_1790455082926962917.zip::runs/seed1_l3_sae_k16_s0/semantic.json,0,passed,h reconstruction,sae,5000
bb505254dfde1587e2497238448fd2117f7b1a2292a84497db8fdfb81127e555,9fb4688636cea7c338fbc0da1292477915dd7fd9c1d45a76d981a6d85c0ca2b0,h,4,7,1,seed1_l7_sae_k4_s0,P7,2560000,READ,experiment_v1_4/p6_selected/seed1_l7_sae_k4_s0/update_05000.pt,e9bab1cb52ea6af63ee33542c94f854da04c48e14387a6f73c8b48da87199bf0,5000,2d6d072476c703a77b19d6b7f252e96d0fb90be8949ccdfcba7108b23781f471,experiment_v1_4/phase_archives/P7/v1_4_p7_return_1790455082926962917.zip::runs/seed1_l7_sae_k4_s0/semantic.json,0,passed,h reconstruction,sae,5000
bb505254dfde1587e2497238448fd2117f7b1a2292a84497db8fdfb81127e555,9fb4688636cea7c338fbc0da1292477915dd7fd9c1d45a76d981a6d85c0ca2b0,h,16,7,1,seed1_l7_sae_k16_s0,P7,2560000,READ,experiment_v1_4/p6_selected/seed1_l7_sae_k16_s0/update_05000.pt,7d068714831b8835019df1ab827cf73b8ce148d2c20df0ad85a6716e5b1af71d,5000,bf01b08c4a674fef75d7f7b579454b8b9efef3f7147e0bf5c245e1cd54c98d74,experiment_v1_4/phase_archives/P7/v1_4_p7_return_1790455082926962917.zip::runs/seed1_l7_sae_k16_s0/semantic.json,0,passed,h reconstruction,sae,5000
bb505254dfde1587e2497238448fd2117f7b1a2292a84497db8fdfb81127e555,9fb4688636cea7c338fbc0da1292477915dd7fd9c1d45a76d981a6d85c0ca2b0,h,4,11,1,seed1_l11_sae_k4_s0,P7,2560000,READ,experiment_v1_4/p6_selected/seed1_l11_sae_k4_s0/update_05000.pt,8d7ef5aa78e4f4f24d216110f49ad4db861ba00833b01be0aef6ed7976af99ac,5000,9d345921b8ce3dbcea94ea6d144c27b6cc502b289a4980f9fcb501d5a2b4092e,experiment_v1_4/phase_archives/P7/v1_4_p7_return_1790455082926962917.zip::runs/seed1_l11_sae_k4_s0/semantic.json,0,passed,h reconstruction,sae,5000
bb505254dfde1587e2497238448fd2117f7b1a2292a84497db8fdfb81127e555,9fb4688636cea7c338fbc0da1292477915dd7fd9c1d45a76d981a6d85c0ca2b0,h,16,11,1,seed1_l11_sae_k16_s0,P7,2560000,READ,experiment_v1_4/p6_selected/seed1_l11_sae_k16_s0/update_05000.pt,d3964b228fb00f846b595e9e9874004e3844f2b42b422de33d7ecfc435819b7d,5000,431ae12f4600958f63675b443c11ed2dc14a6906154fafc9f51577b534eb71c1,experiment_v1_4/phase_archives/P7/v1_4_p7_return_1790455082926962917.zip::runs/seed1_l11_sae_k16_s0/semantic.json,0,passed,h reconstruction,sae,5000
f9f496b5b5d55bed9f0efc1f3694f91486a1cae97c14af6091f8fe91ec235ec4,9fb4688636cea7c338fbc0da1292477915dd7fd9c1d45a76d981a6d85c0ca2b0,h,4,0,2,seed2_l0_sae_k4_s0,P7,2560000,READ,experiment_v1_4/p6_selected/seed2_l0_sae_k4_s0/update_05000.pt,fb938ad20db3c1abd6525be6dfc0f82faf1c9d76b00ffebf25000bf08637e760,5000,9d3e74c71258ee1d87ea63d6447eabc2a0655c61a1973ea81da4e985369e9c99,experiment_v1_4/phase_archives/P7/v1_4_p7_return_1790455082926962917.zip::runs/seed2_l0_sae_k4_s0/semantic.json,0,passed,h reconstruction,sae,5000
f9f496b5b5d55bed9f0efc1f3694f91486a1cae97c14af6091f8fe91ec235ec4,9fb4688636cea7c338fbc0da1292477915dd7fd9c1d45a76d981a6d85c0ca2b0,h,16,0,2,seed2_l0_sae_k16_s0,P7,2560000,READ,experiment_v1_4/p6_selected/seed2_l0_sae_k16_s0/update_05000.pt,5a95f7b60d41cf9345905f8b868761c657576d2ac7f0c5580c8e6338da2d9aff,5000,3e4ef1cf21f84a921526a7dcee3a24b9a83b72620af8824ad87d8e2d63bdf504,experiment_v1_4/phase_archives/P7/v1_4_p7_return_1790455082926962917.zip::runs/seed2_l0_sae_k16_s0/semantic.json,0,passed,h reconstruction,sae,5000
f9f496b5b5d55bed9f0efc1f3694f91486a1cae97c14af6091f8fe91ec235ec4,9fb4688636cea7c338fbc0da1292477915dd7fd9c1d45a76d981a6d85c0ca2b0,h,4,3,2,seed2_l3_sae_k4_s0,P7,2560000,READ,experiment_v1_4/p6_selected/seed2_l3_sae_k4_s0/update_05000.pt,e7b431c651ccd2c1fb42c19b3782ac349cfb889331731e03232ec1a5b8c255d4,5000,0849aba4c54fc9ad4e8ecfdddbf4781537bf9e26e9409e8a8685d3329a311c40,experiment_v1_4/phase_archives/P7/v1_4_p7_return_1790455082926962917.zip::runs/seed2_l3_sae_k4_s0/semantic.json,0,passed,h reconstruction,sae,5000
f9f496b5b5d55bed9f0efc1f3694f91486a1cae97c14af6091f8fe91ec235ec4,9fb4688636cea7c338fbc0da1292477915dd7fd9c1d45a76d981a6d85c0ca2b0,h,16,3,2,seed2_l3_sae_k16_s0,P7,2560000,READ,experiment_v1_4/p6_selected/seed2_l3_sae_k16_s0/update_05000.pt,0a5d7980b18ef110a87b7ce0ada9422cc3818746c4aa61ad6390704569c2e724,5000,0273af3ee1efb7a7e46a983a0ce2b2b46b32feacb335a7120aa5c4625b634a0f,experiment_v1_4/phase_archives/P7/v1_4_p7_return_1790455082926962917.zip::runs/seed2_l3_sae_k16_s0/semantic.json,0,passed,h reconstruction,sae,5000
f9f496b5b5d55bed9f0efc1f3694f91486a1cae97c14af6091f8fe91ec235ec4,9fb4688636cea7c338fbc0da1292477915dd7fd9c1d45a76d981a6d85c0ca2b0,h,4,7,2,seed2_l7_sae_k4_s0,P7,2560000,READ,experiment_v1_4/p6_selected/seed2_l7_sae_k4_s0/update_05000.pt,3dd4b293ed156855698fe478d7c5d7c81ae2cd8fa42a359247151b233b3861de,5000,3f51df8e1aac3b7c987ce4366255abcea532074bdf7f628a6ca42b5e58ed85fa,experiment_v1_4/phase_archives/P7/v1_4_p7_return_1790455082926962917.zip::runs/seed2_l7_sae_k4_s0/semantic.json,0,passed,h reconstruction,sae,5000
f9f496b5b5d55bed9f0efc1f3694f91486a1cae97c14af6091f8fe91ec235ec4,9fb4688636cea7c338fbc0da1292477915dd7fd9c1d45a76d981a6d85c0ca2b0,h,16,7,2,seed2_l7_sae_k16_s0,P7,2560000,READ,experiment_v1_4/p6_selected/seed2_l7_sae_k16_s0/update_05000.pt,657c1deac5a65b08b540f786c3aa212bb51ebc07c61b5a014995aca3304a472b,5000,9f64b9b363f3449f08871abc6f64ab353615282b47808def5fd6394d92cca548,experiment_v1_4/phase_archives/P7/v1_4_p7_return_1790455082926962917.zip::runs/seed2_l7_sae_k16_s0/semantic.json,0,passed,h reconstruction,sae,5000
f9f496b5b5d55bed9f0efc1f3694f91486a1cae97c14af6091f8fe91ec235ec4,9fb4688636cea7c338fbc0da1292477915dd7fd9c1d45a76d981a6d85c0ca2b0,h,4,11,2,seed2_l11_sae_k4_s0,P7,2560000,READ,experiment_v1_4/p6_selected/seed2_l11_sae_k4_s0/update_05000.pt,24b96b85f46b3e932db79398306180bbc8d11c23ae6d665b3127d9eb3f6b1475,5000,d79ef20437d1c72f389da17c994a024372594b6fb508ff3ed054448a78b6bfb0,experiment_v1_4/phase_archives/P7/v1_4_p7_return_1790455082926962917.zip::runs/seed2_l11_sae_k4_s0/semantic.json,0,passed,h reconstruction,sae,5000
f9f496b5b5d55bed9f0efc1f3694f91486a1cae97c14af6091f8fe91ec235ec4,9fb4688636cea7c338fbc0da1292477915dd7fd9c1d45a76d981a6d85c0ca2b0,h,16,11,2,seed2_l11_sae_k16_s0,P7,2560000,READ,experiment_v1_4/p6_selected/seed2_l11_sae_k16_s0/update_04750.pt,772439a7f6c9648e4d5d790c5e19bd303588deb6d7dde98bc599b91f278e4666,4750,f546699e74c7c950216f4970e8d2f21e6cfbe3abb85211c751a1c8d65cccb616,experiment_v1_4/phase_archives/P7/v1_4_p7_return_1790455082926962917.zip::runs/seed2_l11_sae_k16_s0/semantic.json,0,passed,h reconstruction,sae,5000
76d86f1a83bde7f8f6389684cd2a3913c923e21ccfbe42e40d3255385a9982b1,9bc2b6745e9303fa0e62299263ae7c8c4cfaa5e45d76a5db7175cd26c1a14a9e,u_to_m,4,0,0,seed0_l0_tc_k4_s0,P8,2560000,READ,experiment_v1_4/p8_selected/seed0_l0_tc_k4_s0/update_05000.pt,99e7718905a37e681b062fcb21fb7b5a68496c6c48147cef74537fd2012157ab,5000,988cc16b2513ff340b6a5d4c0989453aee90be225b1004d3e6bc1c3021bcfc41,experiment_v1_4/phase_archives/P8/P8_evaluation_raw.zip::runs/seed0_l0_tc_k4_s0/semantic.json,0,passed,m prediction from u,tc,5000
76d86f1a83bde7f8f6389684cd2a3913c923e21ccfbe42e40d3255385a9982b1,9bc2b6745e9303fa0e62299263ae7c8c4cfaa5e45d76a5db7175cd26c1a14a9e,u_to_m,16,0,0,seed0_l0_tc_k16_s0,P8,2560000,READ,experiment_v1_4/p8_selected/seed0_l0_tc_k16_s0/update_05000.pt,2466a26ce85c45ff0d65d16452e38168e09a22de467576cff2e2bfe0f5241185,5000,0aa64d80eee1a53b60fd4bf458a22d6d73a62979ea53009b56fdb8a176a31176,experiment_v1_4/phase_archives/P8/P8_evaluation_raw.zip::runs/seed0_l0_tc_k16_s0/semantic.json,0,passed,m prediction from u,tc,5000
76d86f1a83bde7f8f6389684cd2a3913c923e21ccfbe42e40d3255385a9982b1,9bc2b6745e9303fa0e62299263ae7c8c4cfaa5e45d76a5db7175cd26c1a14a9e,u_to_m,4,3,0,seed0_l3_tc_k4_s0,P8,2560000,READ,experiment_v1_4/p8_selected/seed0_l3_tc_k4_s0/update_05000.pt,2391ccee1801fac183fb67d8e60e59e2a6da735e38707db52917b15b74006ca0,5000,87b872868273cfbb4cc908106dfc06068016f062701a1a1452bdb4f7096432a4,experiment_v1_4/phase_archives/P8/P8_evaluation_raw.zip::runs/seed0_l3_tc_k4_s0/semantic.json,0,passed,m prediction from u,tc,5000
76d86f1a83bde7f8f6389684cd2a3913c923e21ccfbe42e40d3255385a9982b1,9bc2b6745e9303fa0e62299263ae7c8c4cfaa5e45d76a5db7175cd26c1a14a9e,u_to_m,16,3,0,seed0_l3_tc_k16_s0,P8,2560000,READ,experiment_v1_4/p8_selected/seed0_l3_tc_k16_s0/update_05000.pt,8712e29855b3c815570971031099951f36a08dd77c8f0a1fe0ca4a78919a8037,5000,8ce2fc9b04e848f6c37ab8c5ff0dbdce6c94a6d60f372dff5673cfc600f5b607,experiment_v1_4/phase_archives/P8/P8_evaluation_raw.zip::runs/seed0_l3_tc_k16_s0/semantic.json,0,passed,m prediction from u,tc,5000
76d86f1a83bde7f8f6389684cd2a3913c923e21ccfbe42e40d3255385a9982b1,9bc2b6745e9303fa0e62299263ae7c8c4cfaa5e45d76a5db7175cd26c1a14a9e,u_to_m,4,7,0,seed0_l7_tc_k4_s0,P8,2560000,READ,experiment_v1_4/p8_selected/seed0_l7_tc_k4_s0/update_05000.pt,901a78e772a7fdd86c8260ab79735c84a580c4e06bd9527193ad93d5d35345f1,5000,013b5b2f8644efcdacc733e7264f8c608e30107729e5bad6cb88031736daf67a,experiment_v1_4/phase_archives/P8/P8_evaluation_raw.zip::runs/seed0_l7_tc_k4_s0/semantic.json,0,passed,m prediction from u,tc,5000
76d86f1a83bde7f8f6389684cd2a3913c923e21ccfbe42e40d3255385a9982b1,9bc2b6745e9303fa0e62299263ae7c8c4cfaa5e45d76a5db7175cd26c1a14a9e,u_to_m,16,7,0,seed0_l7_tc_k16_s0,P8,2560000,READ,experiment_v1_4/p8_selected/seed0_l7_tc_k16_s0/update_05000.pt,1dbcc438f46a21a04c17788bae77d79502f5f2a6714cacb5743d2302c0c6c244,5000,902a0f5fe315a9b7ade6765d4017675abea8fcc81cdd1c5c0d810c62304a8383,experiment_v1_4/phase_archives/P8/P8_evaluation_raw.zip::runs/seed0_l7_tc_k16_s0/semantic.json,0,passed,m prediction from u,tc,5000
76d86f1a83bde7f8f6389684cd2a3913c923e21ccfbe42e40d3255385a9982b1,9bc2b6745e9303fa0e62299263ae7c8c4cfaa5e45d76a5db7175cd26c1a14a9e,u_to_m,4,11,0,seed0_l11_tc_k4_s0,P8,2560000,READ,experiment_v1_4/p8_selected/seed0_l11_tc_k4_s0/update_05000.pt,5b12ea817a5d905e6c46080b710dee442ce3837e9dabd6115bad2d259f348f6d,5000,8d3f646ce267d2738a4bd91c9cbc2753d138c7eb721207b3980a14f6672a92b2,experiment_v1_4/phase_archives/P8/P8_evaluation_raw.zip::runs/seed0_l11_tc_k4_s0/semantic.json,0,passed,m prediction from u,tc,5000
76d86f1a83bde7f8f6389684cd2a3913c923e21ccfbe42e40d3255385a9982b1,9bc2b6745e9303fa0e62299263ae7c8c4cfaa5e45d76a5db7175cd26c1a14a9e,u_to_m,16,11,0,seed0_l11_tc_k16_s0,P8,2560000,READ,experiment_v1_4/p8_selected/seed0_l11_tc_k16_s0/update_04750.pt,45de558930b9617bcab6624e940796693e9fa86840a13df341759b8e685fc949,4750,0088a479af9707eca3b12a8d74df870074417686904b0b67ab4901f33d80eb64,experiment_v1_4/phase_archives/P8/P8_evaluation_raw.zip::runs/seed0_l11_tc_k16_s0/semantic.json,0,passed,m prediction from u,tc,5000
bb505254dfde1587e2497238448fd2117f7b1a2292a84497db8fdfb81127e555,9bc2b6745e9303fa0e62299263ae7c8c4cfaa5e45d76a5db7175cd26c1a14a9e,u_to_m,4,0,1,seed1_l0_tc_k4_s0,P8,2560000,READ,experiment_v1_4/p8_selected/seed1_l0_tc_k4_s0/update_05000.pt,64567070e40366817cc866664325b286667ec984d8a9ea2d65d99e4f8aa8fcef,5000,d6f168d2b71627693161382369e955d2c3d6c4d22e3536a48afd38eff3b4d8e4,experiment_v1_4/phase_archives/P8/P8_evaluation_raw.zip::runs/seed1_l0_tc_k4_s0/semantic.json,0,passed,m prediction from u,tc,5000
bb505254dfde1587e2497238448fd2117f7b1a2292a84497db8fdfb81127e555,9bc2b6745e9303fa0e62299263ae7c8c4cfaa5e45d76a5db7175cd26c1a14a9e,u_to_m,16,0,1,seed1_l0_tc_k16_s0,P8,2560000,READ,experiment_v1_4/p8_selected/seed1_l0_tc_k16_s0/update_05000.pt,0158100fef7aab23a293ca2b3bb3342747513c000f679441c8b9e2c09e321097,5000,f433bc28654e8551462f34d759c84237083bef7570cda8ab9d48c7c108e79415,experiment_v1_4/phase_archives/P8/P8_evaluation_raw.zip::runs/seed1_l0_tc_k16_s0/semantic.json,0,passed,m prediction from u,tc,5000
bb505254dfde1587e2497238448fd2117f7b1a2292a84497db8fdfb81127e555,9bc2b6745e9303fa0e62299263ae7c8c4cfaa5e45d76a5db7175cd26c1a14a9e,u_to_m,4,3,1,seed1_l3_tc_k4_s0,P8,2560000,READ,experiment_v1_4/p8_selected/seed1_l3_tc_k4_s0/update_05000.pt,4ea2eeedf442817d8818df253290fcfc2ecdb7ee39b8747680be148d1e03a21e,5000,2cb7f72ef769cbd093f4b458eed9c4398398d65f3c24fdba2dcba65aaff7d880,experiment_v1_4/phase_archives/P8/P8_evaluation_raw.zip::runs/seed1_l3_tc_k4_s0/semantic.json,0,passed,m prediction from u,tc,5000
bb505254dfde1587e2497238448fd2117f7b1a2292a84497db8fdfb81127e555,9bc2b6745e9303fa0e62299263ae7c8c4cfaa5e45d76a5db7175cd26c1a14a9e,u_to_m,16,3,1,seed1_l3_tc_k16_s0,P8,2560000,READ,experiment_v1_4/p8_selected/seed1_l3_tc_k16_s0/update_05000.pt,c630b446c2d0e7c032e82058e31fb33f00f409d6f84824f7ff676c9c8b3be3a2,5000,235af4fa6084874e08eb1ef15579f720b1a4a7bff65a265de96e5a15f09b62a8,experiment_v1_4/phase_archives/P8/P8_evaluation_raw.zip::runs/seed1_l3_tc_k16_s0/semantic.json,0,passed,m prediction from u,tc,5000
bb505254dfde1587e2497238448fd2117f7b1a2292a84497db8fdfb81127e555,9bc2b6745e9303fa0e62299263ae7c8c4cfaa5e45d76a5db7175cd26c1a14a9e,u_to_m,4,7,1,seed1_l7_tc_k4_s0,P8,2560000,READ,experiment_v1_4/p8_selected/seed1_l7_tc_k4_s0/update_05000.pt,3113d442672d9b4a17cdaec57d23dfaf6916b41ed45815e68d20568aaeb7ebfe,5000,3dc1ae50bc665e6b03a05173d36d5f8048ab11dc87fd256a10e10cd9460816c1,experiment_v1_4/phase_archives/P8/P8_evaluation_raw.zip::runs/seed1_l7_tc_k4_s0/semantic.json,0,passed,m prediction from u,tc,5000
bb505254dfde1587e2497238448fd2117f7b1a2292a84497db8fdfb81127e555,9bc2b6745e9303fa0e62299263ae7c8c4cfaa5e45d76a5db7175cd26c1a14a9e,u_to_m,16,7,1,seed1_l7_tc_k16_s0,P8,2560000,READ,experiment_v1_4/p8_selected/seed1_l7_tc_k16_s0/update_05000.pt,20e81379d045db0bcec34cd94fb3b67dfb42fd4f6c33197adab8b524bca9f360,5000,f20de2a0f4401e71a9ae5ed35c546ca4cdf8c0bc90e54ea66eaf3c5876e4f1fc,experiment_v1_4/phase_archives/P8/P8_evaluation_raw.zip::runs/seed1_l7_tc_k16_s0/semantic.json,0,passed,m prediction from u,tc,5000
bb505254dfde1587e2497238448fd2117f7b1a2292a84497db8fdfb81127e555,9bc2b6745e9303fa0e62299263ae7c8c4cfaa5e45d76a5db7175cd26c1a14a9e,u_to_m,4,11,1,seed1_l11_tc_k4_s0,P8,2560000,READ,experiment_v1_4/p8_selected/seed1_l11_tc_k4_s0/update_05000.pt,61a912aa2e76e2f0201d3caf5e5e0c243a3fac45d847e77cc219fd1b68a14ae0,5000,c7b27ab65aca34a4e1d8746a905562282ce909ac71e1b93158decb5bf1bdd7d0,experiment_v1_4/phase_archives/P8/P8_evaluation_raw.zip::runs/seed1_l11_tc_k4_s0/semantic.json,0,passed,m prediction from u,tc,5000
bb505254dfde1587e2497238448fd2117f7b1a2292a84497db8fdfb81127e555,9bc2b6745e9303fa0e62299263ae7c8c4cfaa5e45d76a5db7175cd26c1a14a9e,u_to_m,16,11,1,seed1_l11_tc_k16_s0,P8,2560000,READ,experiment_v1_4/p8_selected/seed1_l11_tc_k16_s0/update_05000.pt,b68766e1b1d0feb3164e2649513dc034711eaac9c195c66a0e0c955dfe6ca748,5000,a66ca316747d41ef693aaf50fe2ab3b0bde40f3801b4a900d45ae9a134357ef6,experiment_v1_4/phase_archives/P8/P8_evaluation_raw.zip::runs/seed1_l11_tc_k16_s0/semantic.json,0,passed,m prediction from u,tc,5000
f9f496b5b5d55bed9f0efc1f3694f91486a1cae97c14af6091f8fe91ec235ec4,9bc2b6745e9303fa0e62299263ae7c8c4cfaa5e45d76a5db7175cd26c1a14a9e,u_to_m,4,0,2,seed2_l0_tc_k4_s0,P8,2560000,READ,experiment_v1_4/p8_selected/seed2_l0_tc_k4_s0/update_05000.pt,413e3cc4170bd9d170f527eae71e5da40d229dee5a0045d7448a2105da549f47,5000,e75a825b6e5998f84de966af2cf0fa4b0cea7c33dcb303db700513f15371a355,experiment_v1_4/phase_archives/P8/P8_evaluation_raw.zip::runs/seed2_l0_tc_k4_s0/semantic.json,0,passed,m prediction from u,tc,5000
f9f496b5b5d55bed9f0efc1f3694f91486a1cae97c14af6091f8fe91ec235ec4,9bc2b6745e9303fa0e62299263ae7c8c4cfaa5e45d76a5db7175cd26c1a14a9e,u_to_m,16,0,2,seed2_l0_tc_k16_s0,P8,2560000,READ,experiment_v1_4/p8_selected/seed2_l0_tc_k16_s0/update_04750.pt,dfb09fe1c5614cb9066da72f675a3449dfc01ef12526587abea66b2a32fac915,4750,a31604906bcdc6f78a291bd5ea9186ba25653e1fc886f23e9d3f2745e5e12e92,experiment_v1_4/phase_archives/P8/P8_evaluation_raw.zip::runs/seed2_l0_tc_k16_s0/semantic.json,0,passed,m prediction from u,tc,5000
f9f496b5b5d55bed9f0efc1f3694f91486a1cae97c14af6091f8fe91ec235ec4,9bc2b6745e9303fa0e62299263ae7c8c4cfaa5e45d76a5db7175cd26c1a14a9e,u_to_m,4,3,2,seed2_l3_tc_k4_s0,P8,2560000,READ,experiment_v1_4/p8_selected/seed2_l3_tc_k4_s0/update_05000.pt,b567a5b24942fdce07fb64b144b265139999cdf821719bfd2518def2f2ac373c,5000,c030bf44b6f2708f0cdd91c0cffbcfbeb899884e35463195da86d6513b199a02,experiment_v1_4/phase_archives/P8/P8_evaluation_raw.zip::runs/seed2_l3_tc_k4_s0/semantic.json,0,passed,m prediction from u,tc,5000
f9f496b5b5d55bed9f0efc1f3694f91486a1cae97c14af6091f8fe91ec235ec4,9bc2b6745e9303fa0e62299263ae7c8c4cfaa5e45d76a5db7175cd26c1a14a9e,u_to_m,16,3,2,seed2_l3_tc_k16_s0,P8,2560000,READ,experiment_v1_4/p8_selected/seed2_l3_tc_k16_s0/update_05000.pt,bea65c3b324ed06eaeab4e2f5c750e2b3c0915fd18addedecd58ecc5fd5fc39c,5000,e66d31b605b195d7c8b522699c6129c1329bd8ebf947e3f967dd5801d39fd9cb,experiment_v1_4/phase_archives/P8/P8_evaluation_raw.zip::runs/seed2_l3_tc_k16_s0/semantic.json,0,passed,m prediction from u,tc,5000
f9f496b5b5d55bed9f0efc1f3694f91486a1cae97c14af6091f8fe91ec235ec4,9bc2b6745e9303fa0e62299263ae7c8c4cfaa5e45d76a5db7175cd26c1a14a9e,u_to_m,4,7,2,seed2_l7_tc_k4_s0,P8,2560000,READ,experiment_v1_4/p8_selected/seed2_l7_tc_k4_s0/update_05000.pt,e965b37ac9756c46f2e0b0461e4b52ea577ad23001786a33604b8d9a9c1a7619,5000,474383f80e1ab9d2bfe1473d6e0b0cd35dff0626f443e3c26d642c57bde8c5c3,experiment_v1_4/phase_archives/P8/P8_evaluation_raw.zip::runs/seed2_l7_tc_k4_s0/semantic.json,0,passed,m prediction from u,tc,5000
f9f496b5b5d55bed9f0efc1f3694f91486a1cae97c14af6091f8fe91ec235ec4,9bc2b6745e9303fa0e62299263ae7c8c4cfaa5e45d76a5db7175cd26c1a14a9e,u_to_m,16,7,2,seed2_l7_tc_k16_s0,P8,2560000,READ,experiment_v1_4/p8_selected/seed2_l7_tc_k16_s0/update_05000.pt,dba69aa8455429bb482905ef6f5e3bd425b599e5bd73867525112e654837b6f1,5000,e4df28946308be2648b827c8c9cb369f2bc59b0ba3a1085f54d9056681a3d2e2,experiment_v1_4/phase_archives/P8/P8_evaluation_raw.zip::runs/seed2_l7_tc_k16_s0/semantic.json,0,passed,m prediction from u,tc,5000
f9f496b5b5d55bed9f0efc1f3694f91486a1cae97c14af6091f8fe91ec235ec4,9bc2b6745e9303fa0e62299263ae7c8c4cfaa5e45d76a5db7175cd26c1a14a9e,u_to_m,4,11,2,seed2_l11_tc_k4_s0,P8,2560000,READ,experiment_v1_4/p8_selected/seed2_l11_tc_k4_s0/update_05000.pt,eb4488d03b6f8170f590fe8d4c48e8be8dab3607ff2a72ed1912dac30d35b06d,5000,a31bf009b36aba62f055f13c00b7d0c5cfd1c44bdf437d651ac589eb9b29a32a,experiment_v1_4/phase_archives/P8/P8_evaluation_raw.zip::runs/seed2_l11_tc_k4_s0/semantic.json,0,passed,m prediction from u,tc,5000
f9f496b5b5d55bed9f0efc1f3694f91486a1cae97c14af6091f8fe91ec235ec4,9bc2b6745e9303fa0e62299263ae7c8c4cfaa5e45d76a5db7175cd26c1a14a9e,u_to_m,16,11,2,seed2_l11_tc_k16_s0,P8,2560000,READ,experiment_v1_4/p8_selected/seed2_l11_tc_k16_s0/update_04500.pt,c3334bf967821d82cc6904335c30bffd068240ffac2154c75e3f810ed8352d96,4500,b2eb3572e6c8b14cd98f8b8c9527ade75225f32a7412514ec57fc05a6dc1c065,experiment_v1_4/phase_archives/P8/P8_evaluation_raw.zip::runs/seed2_l11_tc_k16_s0/semantic.json,0,passed,m prediction from u,tc,5000
76d86f1a83bde7f8f6389684cd2a3913c923e21ccfbe42e40d3255385a9982b1,9e172a2dc3914e7881d7d3f1c3e1647bd4956d25a895d816fea4ac74a3dc2fbc,h,4,0,0,seed0_l0_sae_k4_s1,P9,2560000,READ,experiment_v1_4/p9_selected/seed0_l0_sae_k4_s1/update_05000.pt,69fc33451de6010e75a1fdb77c1eccc603b4308fbcd0e40205c2b06f760a41d8,5000,756ea2cd8620d2c5a0895a9d293701b89644bc56181d793a84d2ea4bec3a22a4,experiment_v1_4/evidence/P9/v1_4_p9_evaluation_return_1790842429996719913.zip::sae/runs/seed0_l0_sae_k4_s1/semantic.json,1,passed,h reconstruction,sae,5000
76d86f1a83bde7f8f6389684cd2a3913c923e21ccfbe42e40d3255385a9982b1,9e172a2dc3914e7881d7d3f1c3e1647bd4956d25a895d816fea4ac74a3dc2fbc,h,16,0,0,seed0_l0_sae_k16_s1,P9,2560000,READ,experiment_v1_4/p9_selected/seed0_l0_sae_k16_s1/update_05000.pt,e1aec37cb5e223fc4901d43d3d7b89737eee4ddd08536765564c939fc2e50301,5000,8f81df1841e7e9bcb68c1a71e56162c72445866f6ea4f2fe2d60213a8f270d34,experiment_v1_4/evidence/P9/v1_4_p9_evaluation_return_1790842429996719913.zip::sae/runs/seed0_l0_sae_k16_s1/semantic.json,1,passed,h reconstruction,sae,5000
76d86f1a83bde7f8f6389684cd2a3913c923e21ccfbe42e40d3255385a9982b1,9e172a2dc3914e7881d7d3f1c3e1647bd4956d25a895d816fea4ac74a3dc2fbc,h,4,3,0,seed0_l3_sae_k4_s1,P9,2560000,READ,experiment_v1_4/p9_selected/seed0_l3_sae_k4_s1/update_05000.pt,f7dc8eebecaf1b205f080029a5c08cad4c1411e2b7541e2d1266922700ba2ab9,5000,9dafabc119397763bf779a3ca611b5710bc89d2f3e60221eb4c8de6956a79e2f,experiment_v1_4/evidence/P9/v1_4_p9_evaluation_return_1790842429996719913.zip::sae/runs/seed0_l3_sae_k4_s1/semantic.json,1,passed,h reconstruction,sae,5000
76d86f1a83bde7f8f6389684cd2a3913c923e21ccfbe42e40d3255385a9982b1,9e172a2dc3914e7881d7d3f1c3e1647bd4956d25a895d816fea4ac74a3dc2fbc,h,16,3,0,seed0_l3_sae_k16_s1,P9,2560000,READ,experiment_v1_4/p9_selected/seed0_l3_sae_k16_s1/update_05000.pt,07c00b98c1d78fb78e4b51ce7404d16f414f6e41648456ea923b53d6b9347e23,5000,bbb1ff6b4d85331200dd2ab358a64af9e4e883f58e795b9a28f30704f0eebf71,experiment_v1_4/evidence/P9/v1_4_p9_evaluation_return_1790842429996719913.zip::sae/runs/seed0_l3_sae_k16_s1/semantic.json,1,passed,h reconstruction,sae,5000
76d86f1a83bde7f8f6389684cd2a3913c923e21ccfbe42e40d3255385a9982b1,9e172a2dc3914e7881d7d3f1c3e1647bd4956d25a895d816fea4ac74a3dc2fbc,h,4,7,0,seed0_l7_sae_k4_s1,P9,2560000,READ,experiment_v1_4/p9_selected/seed0_l7_sae_k4_s1/update_05000.pt,8b07d34d8634aadcd404e99d200eb84116f7e8e4280944367c14e5622e561ea5,5000,8757e7282f5a12f3a1df2d8e1d94b070d64afb98a0d1aef88355dcd55f38fac2,experiment_v1_4/evidence/P9/v1_4_p9_evaluation_return_1790842429996719913.zip::sae/runs/seed0_l7_sae_k4_s1/semantic.json,1,passed,h reconstruction,sae,5000
76d86f1a83bde7f8f6389684cd2a3913c923e21ccfbe42e40d3255385a9982b1,9e172a2dc3914e7881d7d3f1c3e1647bd4956d25a895d816fea4ac74a3dc2fbc,h,16,7,0,seed0_l7_sae_k16_s1,P9,2560000,READ,experiment_v1_4/p9_selected/seed0_l7_sae_k16_s1/update_05000.pt,7a3068150356135572416d75c0a3d3f016b6ab99ac547bda7ffa0c2ec03696d6,5000,be95e449d7089c83bd7827018d1386c7139b86c15ccdc080999c7453a26ef213,experiment_v1_4/evidence/P9/v1_4_p9_evaluation_return_1790842429996719913.zip::sae/runs/seed0_l7_sae_k16_s1/semantic.json,1,passed,h reconstruction,sae,5000
76d86f1a83bde7f8f6389684cd2a3913c923e21ccfbe42e40d3255385a9982b1,9e172a2dc3914e7881d7d3f1c3e1647bd4956d25a895d816fea4ac74a3dc2fbc,h,4,11,0,seed0_l11_sae_k4_s1,P9,2560000,READ,experiment_v1_4/p9_selected/seed0_l11_sae_k4_s1/update_05000.pt,8ecc411d816981b9a838b01404b8152417bde56baf250c6587489a1794bb7191,5000,f50e86467900dc86c7f66dc434e9e57341024ae26646473c65625ad5bb6ad607,experiment_v1_4/evidence/P9/v1_4_p9_evaluation_return_1790842429996719913.zip::sae/runs/seed0_l11_sae_k4_s1/semantic.json,1,passed,h reconstruction,sae,5000
76d86f1a83bde7f8f6389684cd2a3913c923e21ccfbe42e40d3255385a9982b1,9e172a2dc3914e7881d7d3f1c3e1647bd4956d25a895d816fea4ac74a3dc2fbc,h,16,11,0,seed0_l11_sae_k16_s1,P9,2560000,READ,experiment_v1_4/p9_selected/seed0_l11_sae_k16_s1/update_05000.pt,f70ef72615d0549c7881093cef5f1c38d9969c37fa74963adf82f919bd2930a8,5000,55caff5fe2d9fd59feada82d5d5c080f5165df4a7cf55f7a1c3162f92668c827,experiment_v1_4/evidence/P9/v1_4_p9_evaluation_return_1790842429996719913.zip::sae/runs/seed0_l11_sae_k16_s1/semantic.json,1,passed,h reconstruction,sae,5000
76d86f1a83bde7f8f6389684cd2a3913c923e21ccfbe42e40d3255385a9982b1,6ab23de4c19ffd756bfcd408b5b3f1fb5e3a067ddc3960050412bedab9930efc,u_to_m,4,0,0,seed0_l0_tc_k4_s1,P9,2560000,READ,experiment_v1_4/p9_selected/seed0_l0_tc_k4_s1/update_05000.pt,d99b774b8cd04886ca8e19f7cf0d05d7d76229e41664204c8731819e96cd10bd,5000,84b5c5d9c3b5c87b9bfdadf146cb6a341e330fc2a59a34a3ae666838b01fca17,experiment_v1_4/evidence/P9/v1_4_p9_evaluation_return_1790842429996719913.zip::tc/runs/seed0_l0_tc_k4_s1/semantic.json,1,passed,m prediction from u,tc,5000
76d86f1a83bde7f8f6389684cd2a3913c923e21ccfbe42e40d3255385a9982b1,6ab23de4c19ffd756bfcd408b5b3f1fb5e3a067ddc3960050412bedab9930efc,u_to_m,16,0,0,seed0_l0_tc_k16_s1,P9,2560000,READ,experiment_v1_4/p9_selected/seed0_l0_tc_k16_s1/update_04250.pt,81c3fa8091c459edd4d724b5dd26277e0530a05fb8c62ac56e61feba7621b5c8,4250,11d33828b839a76816b4e80cf395b27b8ac9c8bde0e4ae6dc931b9ad9159616a,experiment_v1_4/evidence/P9/v1_4_p9_evaluation_return_1790842429996719913.zip::tc/runs/seed0_l0_tc_k16_s1/semantic.json,1,passed,m prediction from u,tc,5000
76d86f1a83bde7f8f6389684cd2a3913c923e21ccfbe42e40d3255385a9982b1,6ab23de4c19ffd756bfcd408b5b3f1fb5e3a067ddc3960050412bedab9930efc,u_to_m,4,3,0,seed0_l3_tc_k4_s1,P9,2560000,READ,experiment_v1_4/p9_selected/seed0_l3_tc_k4_s1/update_05000.pt,8e76913c395f4feb457150823c8222c29dfc9bc3640a747eef60651eba086cc2,5000,138299060177db90825448def0fc635a8c998875fc8e1e19ede136cfbda46777,experiment_v1_4/evidence/P9/v1_4_p9_evaluation_return_1790842429996719913.zip::tc/runs/seed0_l3_tc_k4_s1/semantic.json,1,passed,m prediction from u,tc,5000
76d86f1a83bde7f8f6389684cd2a3913c923e21ccfbe42e40d3255385a9982b1,6ab23de4c19ffd756bfcd408b5b3f1fb5e3a067ddc3960050412bedab9930efc,u_to_m,16,3,0,seed0_l3_tc_k16_s1,P9,2560000,READ,experiment_v1_4/p9_selected/seed0_l3_tc_k16_s1/update_05000.pt,5d2a5b1fab48827d6b05750050daa88da850186a05b843cc546ff0efaec7fe0c,5000,f9cf0bb4245023625bac59c39a8a39341ba92ea23adff3188b9ef1d352ee5c12,experiment_v1_4/evidence/P9/v1_4_p9_evaluation_return_1790842429996719913.zip::tc/runs/seed0_l3_tc_k16_s1/semantic.json,1,passed,m prediction from u,tc,5000
76d86f1a83bde7f8f6389684cd2a3913c923e21ccfbe42e40d3255385a9982b1,6ab23de4c19ffd756bfcd408b5b3f1fb5e3a067ddc3960050412bedab9930efc,u_to_m,4,7,0,seed0_l7_tc_k4_s1,P9,2560000,READ,experiment_v1_4/p9_selected/seed0_l7_tc_k4_s1/update_05000.pt,ac176ad8249fe2be79ea186b51c9755df17ba05f489acebc2bc626b3e6824a94,5000,3d423ddc2ccd42ec9b44ab57ef983b4322a18770e6fe12a35f4141e21929b16e,experiment_v1_4/evidence/P9/v1_4_p9_evaluation_return_1790842429996719913.zip::tc/runs/seed0_l7_tc_k4_s1/semantic.json,1,passed,m prediction from u,tc,5000
76d86f1a83bde7f8f6389684cd2a3913c923e21ccfbe42e40d3255385a9982b1,6ab23de4c19ffd756bfcd408b5b3f1fb5e3a067ddc3960050412bedab9930efc,u_to_m,16,7,0,seed0_l7_tc_k16_s1,P9,2560000,READ,experiment_v1_4/p9_selected/seed0_l7_tc_k16_s1/update_05000.pt,91690bcf2aa42ca7df272cbc73cba370c1a7780bd2fc0c29aab265f83d3fed4a,5000,d137ddadbc858cda8323a5fcfa0654d2a584df4a9c0f40f96d34e82eff68425a,experiment_v1_4/evidence/P9/v1_4_p9_evaluation_return_1790842429996719913.zip::tc/runs/seed0_l7_tc_k16_s1/semantic.json,1,passed,m prediction from u,tc,5000
76d86f1a83bde7f8f6389684cd2a3913c923e21ccfbe42e40d3255385a9982b1,6ab23de4c19ffd756bfcd408b5b3f1fb5e3a067ddc3960050412bedab9930efc,u_to_m,4,11,0,seed0_l11_tc_k4_s1,P9,2560000,READ,experiment_v1_4/p9_selected/seed0_l11_tc_k4_s1/update_05000.pt,99e82a566eece73d3bb9eda7077ba8aac2d104a32e6c3c37a39a395e632323ad,5000,ea8edb21d19a8a2395f414e026d3eef3232aa45019f03a95c79cbafa074808c8,experiment_v1_4/evidence/P9/v1_4_p9_evaluation_return_1790842429996719913.zip::tc/runs/seed0_l11_tc_k4_s1/semantic.json,1,passed,m prediction from u,tc,5000
76d86f1a83bde7f8f6389684cd2a3913c923e21ccfbe42e40d3255385a9982b1,6ab23de4c19ffd756bfcd408b5b3f1fb5e3a067ddc3960050412bedab9930efc,u_to_m,16,11,0,seed0_l11_tc_k16_s1,P9,2560000,READ,experiment_v1_4/p9_selected/seed0_l11_tc_k16_s1/update_05000.pt,93f8e7e8bfbf39c84c5d8d0bd4a114afacb028e9d84bed4e6f563e2cf03bd52c,5000,f12337b0fa540413978dca656d572bca493c16f73a56020fdc72ff35666330c2,experiment_v1_4/evidence/P9/v1_4_p9_evaluation_return_1790842429996719913.zip::tc/runs/seed0_l11_tc_k16_s1/semantic.json,1,passed,m prediction from u,tc,5000
76d86f1a83bde7f8f6389684cd2a3913c923e21ccfbe42e40d3255385a9982b1,e052f6bf36a8529b461ae3e3315bedf82231e9610b7f9ccacb07a56ad6e05258,,4,3,0,seed0_l3_update_sae_k4_s0,P10,2560000,UPDATE,experiment_v1_4/results/p10_training_audit_20261003_01/selected/seed0_l3_update_sae_k4_s0/selected.pt,3f30bba39b3eb02f658b20e459fb298bd589cd2ba59701c08923fe442f08717e,5000,,experiment_v1_4/results/p10_return_audit_20261004_01/returned_metadata/fidelity/seed0_l3_update_sae_k4_s0.json,0,passed,h reconstruction,sae,5000
76d86f1a83bde7f8f6389684cd2a3913c923e21ccfbe42e40d3255385a9982b1,e052f6bf36a8529b461ae3e3315bedf82231e9610b7f9ccacb07a56ad6e05258,,16,3,0,seed0_l3_update_sae_k16_s0,P10,2560000,UPDATE,experiment_v1_4/results/p10_training_audit_20261003_01/selected/seed0_l3_update_sae_k16_s0/selected.pt,73def479ef432eeef600c18f1f0252813d31d6e3881aa91c69c3fa4d90e9d36c,5000,,experiment_v1_4/results/p10_return_audit_20261004_01/returned_metadata/fidelity/seed0_l3_update_sae_k16_s0.json,0,passed,h reconstruction,sae,5000
76d86f1a83bde7f8f6389684cd2a3913c923e21ccfbe42e40d3255385a9982b1,e052f6bf36a8529b461ae3e3315bedf82231e9610b7f9ccacb07a56ad6e05258,,4,3,0,seed0_l3_update_transcoder_k4_s0,P10,2560000,UPDATE,experiment_v1_4/results/p10_training_audit_20261003_01/selected/seed0_l3_update_transcoder_k4_s0/selected.pt,705fcbfa1fd5e2184c1ba20ef90c9606b818fd01ad284f24b95ce729f519c273,5000,,experiment_v1_4/results/p10_return_audit_20261004_01/returned_metadata/fidelity/seed0_l3_update_transcoder_k4_s0.json,0,passed,m prediction from u,tc,5000
76d86f1a83bde7f8f6389684cd2a3913c923e21ccfbe42e40d3255385a9982b1,e052f6bf36a8529b461ae3e3315bedf82231e9610b7f9ccacb07a56ad6e05258,,16,3,0,seed0_l3_update_transcoder_k16_s0,P10,2560000,UPDATE,experiment_v1_4/results/p10_training_audit_20261003_01/selected/seed0_l3_update_transcoder_k16_s0/selected.pt,a6a63540c0d4540bba49d7e6926942d461de6327c005ad7f9c642b2073dbc595,5000,,experiment_v1_4/results/p10_return_audit_20261004_01/returned_metadata/fidelity/seed0_l3_update_transcoder_k16_s0.json,0,passed,m prediction from u,tc,5000
bb505254dfde1587e2497238448fd2117f7b1a2292a84497db8fdfb81127e555,e052f6bf36a8529b461ae3e3315bedf82231e9610b7f9ccacb07a56ad6e05258,,4,3,1,seed1_l3_update_sae_k4_s0,P10,2560000,UPDATE,experiment_v1_4/results/p10_training_audit_20261003_01/selected/seed1_l3_update_sae_k4_s0/selected.pt,34bda3c0ac98fdb1c62d42c372e99d9eb52bf77a9870970808283308a336a6a3,5000,,experiment_v1_4/results/p10_return_audit_20261004_01/returned_metadata/fidelity/seed1_l3_update_sae_k4_s0.json,0,passed,h reconstruction,sae,5000
bb505254dfde1587e2497238448fd2117f7b1a2292a84497db8fdfb81127e555,e052f6bf36a8529b461ae3e3315bedf82231e9610b7f9ccacb07a56ad6e05258,,16,3,1,seed1_l3_update_sae_k16_s0,P10,2560000,UPDATE,experiment_v1_4/results/p10_training_audit_20261003_01/selected/seed1_l3_update_sae_k16_s0/selected.pt,43f44e9d0c8ba6a27ea6873abaeb094a2122ac773e65875f81c76562958e0d5b,5000,,experiment_v1_4/results/p10_return_audit_20261004_01/returned_metadata/fidelity/seed1_l3_update_sae_k16_s0.json,0,passed,h reconstruction,sae,5000
bb505254dfde1587e2497238448fd2117f7b1a2292a84497db8fdfb81127e555,e052f6bf36a8529b461ae3e3315bedf82231e9610b7f9ccacb07a56ad6e05258,,4,3,1,seed1_l3_update_transcoder_k4_s0,P10,2560000,UPDATE,experiment_v1_4/results/p10_training_audit_20261003_01/selected/seed1_l3_update_transcoder_k4_s0/selected.pt,1608ae23da4037ffc66aa975f697144810282a6115adcd10c5444a6791d20a30,5000,,experiment_v1_4/results/p10_return_audit_20261004_01/returned_metadata/fidelity/seed1_l3_update_transcoder_k4_s0.json,0,passed,m prediction from u,tc,5000
bb505254dfde1587e2497238448fd2117f7b1a2292a84497db8fdfb81127e555,e052f6bf36a8529b461ae3e3315bedf82231e9610b7f9ccacb07a56ad6e05258,,16,3,1,seed1_l3_update_transcoder_k16_s0,P10,2560000,UPDATE,experiment_v1_4/results/p10_training_audit_20261003_01/selected/seed1_l3_update_transcoder_k16_s0/selected.pt,5822c4b554d6770bd35932611f07a1a567246b14aa0e53cce2f01645e5804499,5000,,experiment_v1_4/results/p10_return_audit_20261004_01/returned_metadata/fidelity/seed1_l3_update_transcoder_k16_s0.json,0,passed,m prediction from u,tc,5000
f9f496b5b5d55bed9f0efc1f3694f91486a1cae97c14af6091f8fe91ec235ec4,e052f6bf36a8529b461ae3e3315bedf82231e9610b7f9ccacb07a56ad6e05258,,4,3,2,seed2_l3_update_sae_k4_s0,P10,2560000,UPDATE,experiment_v1_4/results/p10_training_audit_20261003_01/selected/seed2_l3_update_sae_k4_s0/selected.pt,efd2b59daec9a86a1df53452260880525c34437bbf36f2f29c93c23038df8ff6,5000,,experiment_v1_4/results/p10_return_audit_20261004_01/returned_metadata/fidelity/seed2_l3_update_sae_k4_s0.json,0,passed,h reconstruction,sae,5000
f9f496b5b5d55bed9f0efc1f3694f91486a1cae97c14af6091f8fe91ec235ec4,e052f6bf36a8529b461ae3e3315bedf82231e9610b7f9ccacb07a56ad6e05258,,16,3,2,seed2_l3_update_sae_k16_s0,P10,2560000,UPDATE,experiment_v1_4/results/p10_training_audit_20261003_01/selected/seed2_l3_update_sae_k16_s0/selected.pt,8b075606947100a72d5908c7933b0813a809f891e5eb11f36a0e0e23cd6af346,5000,,experiment_v1_4/results/p10_return_audit_20261004_01/returned_metadata/fidelity/seed2_l3_update_sae_k16_s0.json,0,passed,h reconstruction,sae,5000
f9f496b5b5d55bed9f0efc1f3694f91486a1cae97c14af6091f8fe91ec235ec4,e052f6bf36a8529b461ae3e3315bedf82231e9610b7f9ccacb07a56ad6e05258,,4,3,2,seed2_l3_update_transcoder_k4_s0,P10,2560000,UPDATE,experiment_v1_4/results/p10_training_audit_20261003_01/selected/seed2_l3_update_transcoder_k4_s0/selected.pt,e4aba2f273b52b2543f37405ec9d4d93355b3cf443530fa1f64ad2d0c823a8c5,5000,,experiment_v1_4/results/p10_return_audit_20261004_01/returned_metadata/fidelity/seed2_l3_update_transcoder_k4_s0.json,0,passed,m prediction from u,tc,5000
f9f496b5b5d55bed9f0efc1f3694f91486a1cae97c14af6091f8fe91ec235ec4,e052f6bf36a8529b461ae3e3315bedf82231e9610b7f9ccacb07a56ad6e05258,,16,3,2,seed2_l3_update_transcoder_k16_s0,P10,2560000,UPDATE,experiment_v1_4/results/p10_training_audit_20261003_01/selected/seed2_l3_update_transcoder_k16_s0/selected.pt,6d1a3139d277abbc76d7cba03a44b4ecc12d4a2e78a1433ccc4129f98fc85595,5000,,experiment_v1_4/results/p10_return_audit_20261004_01/returned_metadata/fidelity/seed2_l3_update_transcoder_k16_s0.json,0,passed,m prediction from u,tc,5000
