phase,sha256,source
P7,c125724eda979125c9abba3d4c8ef30d7494b0c3fd892f1160f81ea0ece2ccc4,experiment_v1_4/phase_archives/P7/v1_4_p7_return_1790455082926962917.zip::sessions/20260926T092014313434/environment.json
P7,8741aeb055b6f0b829dcfe947542d986be9bf27dbd340257987ab3bf14f34602,experiment_v1_4/phase_archives/P7/v1_4_p7_return_1790455082926962917.zip::sessions/20260926T092014313434/requirements.lock.txt
P7,295110c9dffc66c6813bc69b23aa5402ea29368ab94c131df20980dab097863b,experiment_v1_4/phase_archives/P7/v1_4_p7_return_1790455082926962917.zip::sessions/20260926T122156178848/environment.json
P7,8741aeb055b6f0b829dcfe947542d986be9bf27dbd340257987ab3bf14f34602,experiment_v1_4/phase_archives/P7/v1_4_p7_return_1790455082926962917.zip::sessions/20260926T122156178848/requirements.lock.txt
P7,be861c6b734e6871ebd61ed50889107a01426565cc2d0547a3c95de5695404a0,experiment_v1_4/phase_archives/P7/v1_4_p7_return_1790455082926962917.zip::sessions/20260926T131111541329/environment.json
P7,8741aeb055b6f0b829dcfe947542d986be9bf27dbd340257987ab3bf14f34602,experiment_v1_4/phase_archives/P7/v1_4_p7_return_1790455082926962917.zip::sessions/20260926T131111541329/requirements.lock.txt
P7,c47458fcd5687b0f0f29361136e7cbbe19e6175504ccc32d304e0fc1905974e4,experiment_v1_4/phase_archives/P7/v1_4_p7_return_1790455082926962917.zip::sessions/20260926T135108978283/environment.json
P7,8741aeb055b6f0b829dcfe947542d986be9bf27dbd340257987ab3bf14f34602,experiment_v1_4/phase_archives/P7/v1_4_p7_return_1790455082926962917.zip::sessions/20260926T135108978283/requirements.lock.txt
P7,af4441b982b284c3060b71b37d26aba5000e8713214c3acc17f4b90f212056de,experiment_v1_4/phase_archives/P7/v1_4_p7_return_1790455082926962917.zip::smoke/1790413686525737230/sessions/20260926T090818191792/environment.json
P7,8741aeb055b6f0b829dcfe947542d986be9bf27dbd340257987ab3bf14f34602,experiment_v1_4/phase_archives/P7/v1_4_p7_return_1790455082926962917.zip::smoke/1790413686525737230/sessions/20260926T090818191792/requirements.lock.txt
P8,8af6c91da9e1b334409cfe44bc231f4627397d84e594790693dce3e5488807a0,experiment_v1_4/phase_archives/P8/P8_evaluation_raw.zip::sessions/20260928T172327797435/environment.json
P8,8741aeb055b6f0b829dcfe947542d986be9bf27dbd340257987ab3bf14f34602,experiment_v1_4/phase_archives/P8/P8_evaluation_raw.zip::sessions/20260928T172327797435/requirements.lock.txt
P8,1a02ef56ccffb26cbfefc866d2d23e3118a5533b8f32fae44d91f008c102204f,experiment_v1_4/phase_archives/P8/P8_evaluation_raw.zip::sessions/20260928T203354696737/environment.json
P8,8741aeb055b6f0b829dcfe947542d986be9bf27dbd340257987ab3bf14f34602,experiment_v1_4/phase_archives/P8/P8_evaluation_raw.zip::sessions/20260928T203354696737/requirements.lock.txt
P8,6907911be40a4b27b33112d144e18f5b5f7d3115d4fd07d538d2de36158b823e,experiment_v1_4/phase_archives/P8/P8_evaluation_raw.zip::sessions/20260928T213100591364/environment.json
P8,8741aeb055b6f0b829dcfe947542d986be9bf27dbd340257987ab3bf14f34602,experiment_v1_4/phase_archives/P8/P8_evaluation_raw.zip::sessions/20260928T213100591364/requirements.lock.txt
P8,0de6b10b87bd8fdb46ae7bbf7faecf223414c01ff29a3b72fd2f1fd30cdfe3be,experiment_v1_4/phase_archives/P8/P8_evaluation_raw.zip::sessions/20260929T032743569647/environment.json
P8,8741aeb055b6f0b829dcfe947542d986be9bf27dbd340257987ab3bf14f34602,experiment_v1_4/phase_archives/P8/P8_evaluation_raw.zip::sessions/20260929T032743569647/requirements.lock.txt
P8,2e725bd8560f16973889c2d1e8845e5e7aa5d5377c78f5329aef323c779b230e,experiment_v1_4/phase_archives/P8/P8_evaluation_raw.zip::sessions/20260929T033113318001/environment.json
P8,8741aeb055b6f0b829dcfe947542d986be9bf27dbd340257987ab3bf14f34602,experiment_v1_4/phase_archives/P8/P8_evaluation_raw.zip::sessions/20260929T033113318001/requirements.lock.txt
P8,59e80df7f4480706388d1c61ed12ff89d9ceb2b826e2812d81dde1e6a69f1dab,experiment_v1_4/phase_archives/P8/P8_evaluation_raw.zip::sessions/20260929T033442555764/environment.json
P8,8741aeb055b6f0b829dcfe947542d986be9bf27dbd340257987ab3bf14f34602,experiment_v1_4/phase_archives/P8/P8_evaluation_raw.zip::sessions/20260929T033442555764/requirements.lock.txt
P8,1e00ec28339d87017942b8928b18799b89ebac29deb28cc628b27d9c522ed6f4,experiment_v1_4/phase_archives/P8/P8_evaluation_raw.zip::sessions/20260929T041006116970/environment.json
P8,8741aeb055b6f0b829dcfe947542d986be9bf27dbd340257987ab3bf14f34602,experiment_v1_4/phase_archives/P8/P8_evaluation_raw.zip::sessions/20260929T041006116970/requirements.lock.txt
P8,8338bbd70b8ac8dd49951da373169abdb4da15df9c81ee2d12cd3b0b0f625c0d,experiment_v1_4/phase_archives/P8/P8_evaluation_raw.zip::sessions/20260929T041344991749/environment.json
P8,8741aeb055b6f0b829dcfe947542d986be9bf27dbd340257987ab3bf14f34602,experiment_v1_4/phase_archives/P8/P8_evaluation_raw.zip::sessions/20260929T041344991749/requirements.lock.txt
P8,46a2696754d5e15f2946eae34fb7f18f68235056401260b724d38f3a60991bb2,experiment_v1_4/phase_archives/P8/P8_evaluation_raw.zip::sessions/20260929T041723215393/environment.json
P8,8741aeb055b6f0b829dcfe947542d986be9bf27dbd340257987ab3bf14f34602,experiment_v1_4/phase_archives/P8/P8_evaluation_raw.zip::sessions/20260929T041723215393/requirements.lock.txt
P8,5b37702e3407ce4ee9d608693a0235a7127a8a253a1f68f1366cca3ea62ed5e3,experiment_v1_4/phase_archives/P8/P8_evaluation_raw.zip::smoke/1790615397953097001/sessions/20260928T171009675972/environment.json
P8,8741aeb055b6f0b829dcfe947542d986be9bf27dbd340257987ab3bf14f34602,experiment_v1_4/phase_archives/P8/P8_evaluation_raw.zip::smoke/1790615397953097001/sessions/20260928T171009675972/requirements.lock.txt
P8,13d336da3c1ea37e2c34577664b111121e8a33fa0d15d4f69341c3b0639ea6a8,experiment_v1_4/phase_archives/P8/P8_evaluation_raw.zip::smoke/1790652266762415037/sessions/20260929T032436552868/environment.json
P8,8741aeb055b6f0b829dcfe947542d986be9bf27dbd340257987ab3bf14f34602,experiment_v1_4/phase_archives/P8/P8_evaluation_raw.zip::smoke/1790652266762415037/sessions/20260929T032436552868/requirements.lock.txt
P8,7b1c66a59b1dcac2f79b3389059fd8ba2173e8dbe1437782849b688731e6f3e9,experiment_v1_4/phase_archives/P8/P8_evaluation_raw.zip::smoke/1790654803498792679/sessions/20260929T040652497212/environment.json
P8,8741aeb055b6f0b829dcfe947542d986be9bf27dbd340257987ab3bf14f34602,experiment_v1_4/phase_archives/P8/P8_evaluation_raw.zip::smoke/1790654803498792679/sessions/20260929T040652497212/requirements.lock.txt
P9,a780a237a52a40baeb69e5d61134601c62314f836c7b859726c5adc1a16e2444,experiment_v1_4/evidence/P9/v1_4_p9_evaluation_return_1790842429996719913.zip::sae/sessions/20260930T153713237193/environment.json
P9,8741aeb055b6f0b829dcfe947542d986be9bf27dbd340257987ab3bf14f34602,experiment_v1_4/evidence/P9/v1_4_p9_evaluation_return_1790842429996719913.zip::sae/sessions/20260930T153713237193/requirements.lock.txt
P9,20f1bd9fa0a751ddd12bb6542a4765f70ee896ffe95edefaa25ec83e21fef8b1,experiment_v1_4/evidence/P9/v1_4_p9_evaluation_return_1790842429996719913.zip::sae/sessions/20260930T173850287822/environment.json
P9,8741aeb055b6f0b829dcfe947542d986be9bf27dbd340257987ab3bf14f34602,experiment_v1_4/evidence/P9/v1_4_p9_evaluation_return_1790842429996719913.zip::sae/sessions/20260930T173850287822/requirements.lock.txt
P9,ee1fcecfa7c17cd1669b946b9711240da5d3d5cdd15771f5f8add4317cf399af,experiment_v1_4/evidence/P9/v1_4_p9_evaluation_return_1790842429996719913.zip::sae/sessions/20260930T181234401876/environment.json
P9,8741aeb055b6f0b829dcfe947542d986be9bf27dbd340257987ab3bf14f34602,experiment_v1_4/evidence/P9/v1_4_p9_evaluation_return_1790842429996719913.zip::sae/sessions/20260930T181234401876/requirements.lock.txt
P9,26a21995f538bb7f3f3a22e875040efd4f42550c13988809a3a927e16378a172,experiment_v1_4/evidence/P9/v1_4_p9_evaluation_return_1790842429996719913.zip::sae/sessions/20261001T013100114104/environment.json
P9,8741aeb055b6f0b829dcfe947542d986be9bf27dbd340257987ab3bf14f34602,experiment_v1_4/evidence/P9/v1_4_p9_evaluation_return_1790842429996719913.zip::sae/sessions/20261001T013100114104/requirements.lock.txt
P9,4540824d6a484fb2d999fb3d743e52901836fc4fe781ead1bb001d7a4ac244ec,experiment_v1_4/evidence/P9/v1_4_p9_evaluation_return_1790842429996719913.zip::sae/sessions/20261001T013229466867/environment.json
P9,8741aeb055b6f0b829dcfe947542d986be9bf27dbd340257987ab3bf14f34602,experiment_v1_4/evidence/P9/v1_4_p9_evaluation_return_1790842429996719913.zip::sae/sessions/20261001T013229466867/requirements.lock.txt
P9,8eb45189d585345421c716c58d00c2cee5c1fcf484eb44e0d75759dd86613ba8,experiment_v1_4/evidence/P9/v1_4_p9_evaluation_return_1790842429996719913.zip::sae/sessions/20261001T013340485958/environment.json
P9,8741aeb055b6f0b829dcfe947542d986be9bf27dbd340257987ab3bf14f34602,experiment_v1_4/evidence/P9/v1_4_p9_evaluation_return_1790842429996719913.zip::sae/sessions/20261001T013340485958/requirements.lock.txt
P9,7ec3b6741cefc07ba465348ecd6bd613e6df50a66fb5d54801d572d9603bdfcf,experiment_v1_4/evidence/P9/v1_4_p9_evaluation_return_1790842429996719913.zip::sae/sessions/20261001T023224192584/environment.json
P9,8741aeb055b6f0b829dcfe947542d986be9bf27dbd340257987ab3bf14f34602,experiment_v1_4/evidence/P9/v1_4_p9_evaluation_return_1790842429996719913.zip::sae/sessions/20261001T023224192584/requirements.lock.txt
P9,942fd73a448376a6718065ccc2bddd0897cacf5b65bbdc02c53b339f5bdedea9,experiment_v1_4/evidence/P9/v1_4_p9_evaluation_return_1790842429996719913.zip::sae/sessions/20261001T023326281962/environment.json
P9,8741aeb055b6f0b829dcfe947542d986be9bf27dbd340257987ab3bf14f34602,experiment_v1_4/evidence/P9/v1_4_p9_evaluation_return_1790842429996719913.zip::sae/sessions/20261001T023326281962/requirements.lock.txt
P9,b8ff973c126cf4c80aa33baad53b2eefc90d9bbed4634693e08ee3de703250a0,experiment_v1_4/evidence/P9/v1_4_p9_evaluation_return_1790842429996719913.zip::sae/sessions/20261001T023427546714/environment.json
P9,8741aeb055b6f0b829dcfe947542d986be9bf27dbd340257987ab3bf14f34602,experiment_v1_4/evidence/P9/v1_4_p9_evaluation_return_1790842429996719913.zip::sae/sessions/20261001T023427546714/requirements.lock.txt
P9,9a1c97d0012aa97d21aac3add6f3e675e0454299fecd59cbe766c04ef40071d2,experiment_v1_4/evidence/P9/v1_4_p9_evaluation_return_1790842429996719913.zip::sae/smoke/1790782443786071823/sessions/20260930T153415269674/environment.json
P9,8741aeb055b6f0b829dcfe947542d986be9bf27dbd340257987ab3bf14f34602,experiment_v1_4/evidence/P9/v1_4_p9_evaluation_return_1790842429996719913.zip::sae/smoke/1790782443786071823/sessions/20260930T153415269674/requirements.lock.txt
P9,16cd6d01a5ad61110d121bb51a851141990c387eac8baa31575e47adfb4e801a,experiment_v1_4/evidence/P9/v1_4_p9_evaluation_return_1790842429996719913.zip::sae/smoke/1790818019600188956/sessions/20261001T012710411967/environment.json
P9,8741aeb055b6f0b829dcfe947542d986be9bf27dbd340257987ab3bf14f34602,experiment_v1_4/evidence/P9/v1_4_p9_evaluation_return_1790842429996719913.zip::sae/smoke/1790818019600188956/sessions/20261001T012710411967/requirements.lock.txt
P9,a805288ebf6d3c9cde86c9ef7ea3eb3434d134e6284056dc7fd519d08a001856,experiment_v1_4/evidence/P9/v1_4_p9_evaluation_return_1790842429996719913.zip::sae/smoke/1790821872583714687/sessions/20261001T023120694374/environment.json
P9,8741aeb055b6f0b829dcfe947542d986be9bf27dbd340257987ab3bf14f34602,experiment_v1_4/evidence/P9/v1_4_p9_evaluation_return_1790842429996719913.zip::sae/smoke/1790821872583714687/sessions/20261001T023120694374/requirements.lock.txt
P9,cc35af8ec114e7f9310c9c926d74323f4959e6f2d62de0f3c311e77e603cf657,experiment_v1_4/evidence/P9/v1_4_p9_evaluation_return_1790842429996719913.zip::tc/sessions/20260930T163853048743/environment.json
P9,8741aeb055b6f0b829dcfe947542d986be9bf27dbd340257987ab3bf14f34602,experiment_v1_4/evidence/P9/v1_4_p9_evaluation_return_1790842429996719913.zip::tc/sessions/20260930T163853048743/requirements.lock.txt
P9,ccb387cc981f5e13928ea283ea3456f62897f8746eb6ff8471000722c72559ee,experiment_v1_4/evidence/P9/v1_4_p9_evaluation_return_1790842429996719913.zip::tc/sessions/20260930T175351814723/environment.json
P9,8741aeb055b6f0b829dcfe947542d986be9bf27dbd340257987ab3bf14f34602,experiment_v1_4/evidence/P9/v1_4_p9_evaluation_return_1790842429996719913.zip::tc/sessions/20260930T175351814723/requirements.lock.txt
P9,a2c2dbfc71a9a39ed79b15036e3d597e8de74491627ecf35773e3ece0f115807,experiment_v1_4/evidence/P9/v1_4_p9_evaluation_return_1790842429996719913.zip::tc/sessions/20261001T013147507932/environment.json
P9,8741aeb055b6f0b829dcfe947542d986be9bf27dbd340257987ab3bf14f34602,experiment_v1_4/evidence/P9/v1_4_p9_evaluation_return_1790842429996719913.zip::tc/sessions/20261001T013147507932/requirements.lock.txt
P9,32ffd64b6ee4899ec64bbbceb29e9b64d5c9256a556404a636328ce553d73dfa,experiment_v1_4/evidence/P9/v1_4_p9_evaluation_return_1790842429996719913.zip::tc/sessions/20261001T013303692424/environment.json
P9,8741aeb055b6f0b829dcfe947542d986be9bf27dbd340257987ab3bf14f34602,experiment_v1_4/evidence/P9/v1_4_p9_evaluation_return_1790842429996719913.zip::tc/sessions/20261001T013303692424/requirements.lock.txt
P9,6070421f49a042a0dae9d116348b9f342f630015f1a14c50ebb5a59c33aa447e,experiment_v1_4/evidence/P9/v1_4_p9_evaluation_return_1790842429996719913.zip::tc/sessions/20261001T023254620863/environment.json
P9,8741aeb055b6f0b829dcfe947542d986be9bf27dbd340257987ab3bf14f34602,experiment_v1_4/evidence/P9/v1_4_p9_evaluation_return_1790842429996719913.zip::tc/sessions/20261001T023254620863/requirements.lock.txt
P9,5e0b1cde9f8a4dec7d1caf4391e6be9ef1f6843542cc00a3efd11a4109e422a3,experiment_v1_4/evidence/P9/v1_4_p9_evaluation_return_1790842429996719913.zip::tc/sessions/20261001T023357098086/environment.json
P9,8741aeb055b6f0b829dcfe947542d986be9bf27dbd340257987ab3bf14f34602,experiment_v1_4/evidence/P9/v1_4_p9_evaluation_return_1790842429996719913.zip::tc/sessions/20261001T023357098086/requirements.lock.txt
P9,870174ec72f77d0f25006276b4b21acc7b3bdff5ab7b61183ae97723b93cbf1d,experiment_v1_4/evidence/P9/v1_4_p9_evaluation_return_1790842429996719913.zip::tc/sessions/20261001T044214939688/environment.json
P9,8741aeb055b6f0b829dcfe947542d986be9bf27dbd340257987ab3bf14f34602,experiment_v1_4/evidence/P9/v1_4_p9_evaluation_return_1790842429996719913.zip::tc/sessions/20261001T044214939688/requirements.lock.txt
P9,8de8121e48c4c9a35cd00bd7f5d7424e7fc20ddbe5f378c42dec5bb6499406c7,experiment_v1_4/evidence/P9/v1_4_p9_evaluation_return_1790842429996719913.zip::tc/smoke/1790782473220040158/sessions/20260930T153437525182/environment.json
P9,8741aeb055b6f0b829dcfe947542d986be9bf27dbd340257987ab3bf14f34602,experiment_v1_4/evidence/P9/v1_4_p9_evaluation_return_1790842429996719913.zip::tc/smoke/1790782473220040158/sessions/20260930T153437525182/requirements.lock.txt
P9,e204b565bf5506d7f46e0386f8180187ffb699fc1778d3c68a500af2edbdd885,experiment_v1_4/evidence/P9/v1_4_p9_evaluation_return_1790842429996719913.zip::tc/smoke/1790818048834225485/sessions/20261001T012732572997/environment.json
P9,8741aeb055b6f0b829dcfe947542d986be9bf27dbd340257987ab3bf14f34602,experiment_v1_4/evidence/P9/v1_4_p9_evaluation_return_1790842429996719913.zip::tc/smoke/1790818048834225485/sessions/20261001T012732572997/requirements.lock.txt
P9,0ce486139a855dd7c83313e6d1e52babfcc7e524488769b8395dc6a7067fd16c,experiment_v1_4/evidence/P9/v1_4_p9_evaluation_return_1790842429996719913.zip::tc/smoke/1790821898062672981/sessions/20261001T023142046351/environment.json
P9,8741aeb055b6f0b829dcfe947542d986be9bf27dbd340257987ab3bf14f34602,experiment_v1_4/evidence/P9/v1_4_p9_evaluation_return_1790842429996719913.zip::tc/smoke/1790821898062672981/sessions/20261001T023142046351/requirements.lock.txt
P9,a780a237a52a40baeb69e5d61134601c62314f836c7b859726c5adc1a16e2444,experiment_v1_4/evidence/P9/v1_4_p9_evaluation_return_1790842429996719913.zip::sae/sessions/20260930T153713237193/environment.json
P9,8741aeb055b6f0b829dcfe947542d986be9bf27dbd340257987ab3bf14f34602,experiment_v1_4/evidence/P9/v1_4_p9_evaluation_return_1790842429996719913.zip::sae/sessions/20260930T153713237193/requirements.lock.txt
P9,20f1bd9fa0a751ddd12bb6542a4765f70ee896ffe95edefaa25ec83e21fef8b1,experiment_v1_4/evidence/P9/v1_4_p9_evaluation_return_1790842429996719913.zip::sae/sessions/20260930T173850287822/environment.json
P9,8741aeb055b6f0b829dcfe947542d986be9bf27dbd340257987ab3bf14f34602,experiment_v1_4/evidence/P9/v1_4_p9_evaluation_return_1790842429996719913.zip::sae/sessions/20260930T173850287822/requirements.lock.txt
P9,ee1fcecfa7c17cd1669b946b9711240da5d3d5cdd15771f5f8add4317cf399af,experiment_v1_4/evidence/P9/v1_4_p9_evaluation_return_1790842429996719913.zip::sae/sessions/20260930T181234401876/environment.json
P9,8741aeb055b6f0b829dcfe947542d986be9bf27dbd340257987ab3bf14f34602,experiment_v1_4/evidence/P9/v1_4_p9_evaluation_return_1790842429996719913.zip::sae/sessions/20260930T181234401876/requirements.lock.txt
P9,26a21995f538bb7f3f3a22e875040efd4f42550c13988809a3a927e16378a172,experiment_v1_4/evidence/P9/v1_4_p9_evaluation_return_1790842429996719913.zip::sae/sessions/20261001T013100114104/environment.json
P9,8741aeb055b6f0b829dcfe947542d986be9bf27dbd340257987ab3bf14f34602,experiment_v1_4/evidence/P9/v1_4_p9_evaluation_return_1790842429996719913.zip::sae/sessions/20261001T013100114104/requirements.lock.txt
P9,4540824d6a484fb2d999fb3d743e52901836fc4fe781ead1bb001d7a4ac244ec,experiment_v1_4/evidence/P9/v1_4_p9_evaluation_return_1790842429996719913.zip::sae/sessions/20261001T013229466867/environment.json
P9,8741aeb055b6f0b829dcfe947542d986be9bf27dbd340257987ab3bf14f34602,experiment_v1_4/evidence/P9/v1_4_p9_evaluation_return_1790842429996719913.zip::sae/sessions/20261001T013229466867/requirements.lock.txt
P9,8eb45189d585345421c716c58d00c2cee5c1fcf484eb44e0d75759dd86613ba8,experiment_v1_4/evidence/P9/v1_4_p9_evaluation_return_1790842429996719913.zip::sae/sessions/20261001T013340485958/environment.json
P9,8741aeb055b6f0b829dcfe947542d986be9bf27dbd340257987ab3bf14f34602,experiment_v1_4/evidence/P9/v1_4_p9_evaluation_return_1790842429996719913.zip::sae/sessions/20261001T013340485958/requirements.lock.txt
P9,7ec3b6741cefc07ba465348ecd6bd613e6df50a66fb5d54801d572d9603bdfcf,experiment_v1_4/evidence/P9/v1_4_p9_evaluation_return_1790842429996719913.zip::sae/sessions/20261001T023224192584/environment.json
P9,8741aeb055b6f0b829dcfe947542d986be9bf27dbd340257987ab3bf14f34602,experiment_v1_4/evidence/P9/v1_4_p9_evaluation_return_1790842429996719913.zip::sae/sessions/20261001T023224192584/requirements.lock.txt
P9,942fd73a448376a6718065ccc2bddd0897cacf5b65bbdc02c53b339f5bdedea9,experiment_v1_4/evidence/P9/v1_4_p9_evaluation_return_1790842429996719913.zip::sae/sessions/20261001T023326281962/environment.json
P9,8741aeb055b6f0b829dcfe947542d986be9bf27dbd340257987ab3bf14f34602,experiment_v1_4/evidence/P9/v1_4_p9_evaluation_return_1790842429996719913.zip::sae/sessions/20261001T023326281962/requirements.lock.txt
P9,b8ff973c126cf4c80aa33baad53b2eefc90d9bbed4634693e08ee3de703250a0,experiment_v1_4/evidence/P9/v1_4_p9_evaluation_return_1790842429996719913.zip::sae/sessions/20261001T023427546714/environment.json
P9,8741aeb055b6f0b829dcfe947542d986be9bf27dbd340257987ab3bf14f34602,experiment_v1_4/evidence/P9/v1_4_p9_evaluation_return_1790842429996719913.zip::sae/sessions/20261001T023427546714/requirements.lock.txt
P9,9a1c97d0012aa97d21aac3add6f3e675e0454299fecd59cbe766c04ef40071d2,experiment_v1_4/evidence/P9/v1_4_p9_evaluation_return_1790842429996719913.zip::sae/smoke/1790782443786071823/sessions/20260930T153415269674/environment.json
P9,8741aeb055b6f0b829dcfe947542d986be9bf27dbd340257987ab3bf14f34602,experiment_v1_4/evidence/P9/v1_4_p9_evaluation_return_1790842429996719913.zip::sae/smoke/1790782443786071823/sessions/20260930T153415269674/requirements.lock.txt
P9,16cd6d01a5ad61110d121bb51a851141990c387eac8baa31575e47adfb4e801a,experiment_v1_4/evidence/P9/v1_4_p9_evaluation_return_1790842429996719913.zip::sae/smoke/1790818019600188956/sessions/20261001T012710411967/environment.json
P9,8741aeb055b6f0b829dcfe947542d986be9bf27dbd340257987ab3bf14f34602,experiment_v1_4/evidence/P9/v1_4_p9_evaluation_return_1790842429996719913.zip::sae/smoke/1790818019600188956/sessions/20261001T012710411967/requirements.lock.txt
P9,a805288ebf6d3c9cde86c9ef7ea3eb3434d134e6284056dc7fd519d08a001856,experiment_v1_4/evidence/P9/v1_4_p9_evaluation_return_1790842429996719913.zip::sae/smoke/1790821872583714687/sessions/20261001T023120694374/environment.json
P9,8741aeb055b6f0b829dcfe947542d986be9bf27dbd340257987ab3bf14f34602,experiment_v1_4/evidence/P9/v1_4_p9_evaluation_return_1790842429996719913.zip::sae/smoke/1790821872583714687/sessions/20261001T023120694374/requirements.lock.txt
P9,cc35af8ec114e7f9310c9c926d74323f4959e6f2d62de0f3c311e77e603cf657,experiment_v1_4/evidence/P9/v1_4_p9_evaluation_return_1790842429996719913.zip::tc/sessions/20260930T163853048743/environment.json
P9,8741aeb055b6f0b829dcfe947542d986be9bf27dbd340257987ab3bf14f34602,experiment_v1_4/evidence/P9/v1_4_p9_evaluation_return_1790842429996719913.zip::tc/sessions/20260930T163853048743/requirements.lock.txt
P9,ccb387cc981f5e13928ea283ea3456f62897f8746eb6ff8471000722c72559ee,experiment_v1_4/evidence/P9/v1_4_p9_evaluation_return_1790842429996719913.zip::tc/sessions/20260930T175351814723/environment.json
P9,8741aeb055b6f0b829dcfe947542d986be9bf27dbd340257987ab3bf14f34602,experiment_v1_4/evidence/P9/v1_4_p9_evaluation_return_1790842429996719913.zip::tc/sessions/20260930T175351814723/requirements.lock.txt
P9,a2c2dbfc71a9a39ed79b15036e3d597e8de74491627ecf35773e3ece0f115807,experiment_v1_4/evidence/P9/v1_4_p9_evaluation_return_1790842429996719913.zip::tc/sessions/20261001T013147507932/environment.json
P9,8741aeb055b6f0b829dcfe947542d986be9bf27dbd340257987ab3bf14f34602,experiment_v1_4/evidence/P9/v1_4_p9_evaluation_return_1790842429996719913.zip::tc/sessions/20261001T013147507932/requirements.lock.txt
P9,32ffd64b6ee4899ec64bbbceb29e9b64d5c9256a556404a636328ce553d73dfa,experiment_v1_4/evidence/P9/v1_4_p9_evaluation_return_1790842429996719913.zip::tc/sessions/20261001T013303692424/environment.json
P9,8741aeb055b6f0b829dcfe947542d986be9bf27dbd340257987ab3bf14f34602,experiment_v1_4/evidence/P9/v1_4_p9_evaluation_return_1790842429996719913.zip::tc/sessions/20261001T013303692424/requirements.lock.txt
P9,6070421f49a042a0dae9d116348b9f342f630015f1a14c50ebb5a59c33aa447e,experiment_v1_4/evidence/P9/v1_4_p9_evaluation_return_1790842429996719913.zip::tc/sessions/20261001T023254620863/environment.json
P9,8741aeb055b6f0b829dcfe947542d986be9bf27dbd340257987ab3bf14f34602,experiment_v1_4/evidence/P9/v1_4_p9_evaluation_return_1790842429996719913.zip::tc/sessions/20261001T023254620863/requirements.lock.txt
P9,5e0b1cde9f8a4dec7d1caf4391e6be9ef1f6843542cc00a3efd11a4109e422a3,experiment_v1_4/evidence/P9/v1_4_p9_evaluation_return_1790842429996719913.zip::tc/sessions/20261001T023357098086/environment.json
P9,8741aeb055b6f0b829dcfe947542d986be9bf27dbd340257987ab3bf14f34602,experiment_v1_4/evidence/P9/v1_4_p9_evaluation_return_1790842429996719913.zip::tc/sessions/20261001T023357098086/requirements.lock.txt
P9,870174ec72f77d0f25006276b4b21acc7b3bdff5ab7b61183ae97723b93cbf1d,experiment_v1_4/evidence/P9/v1_4_p9_evaluation_return_1790842429996719913.zip::tc/sessions/20261001T044214939688/environment.json
P9,8741aeb055b6f0b829dcfe947542d986be9bf27dbd340257987ab3bf14f34602,experiment_v1_4/evidence/P9/v1_4_p9_evaluation_return_1790842429996719913.zip::tc/sessions/20261001T044214939688/requirements.lock.txt
P9,8de8121e48c4c9a35cd00bd7f5d7424e7fc20ddbe5f378c42dec5bb6499406c7,experiment_v1_4/evidence/P9/v1_4_p9_evaluation_return_1790842429996719913.zip::tc/smoke/1790782473220040158/sessions/20260930T153437525182/environment.json
P9,8741aeb055b6f0b829dcfe947542d986be9bf27dbd340257987ab3bf14f34602,experiment_v1_4/evidence/P9/v1_4_p9_evaluation_return_1790842429996719913.zip::tc/smoke/1790782473220040158/sessions/20260930T153437525182/requirements.lock.txt
P9,e204b565bf5506d7f46e0386f8180187ffb699fc1778d3c68a500af2edbdd885,experiment_v1_4/evidence/P9/v1_4_p9_evaluation_return_1790842429996719913.zip::tc/smoke/1790818048834225485/sessions/20261001T012732572997/environment.json
P9,8741aeb055b6f0b829dcfe947542d986be9bf27dbd340257987ab3bf14f34602,experiment_v1_4/evidence/P9/v1_4_p9_evaluation_return_1790842429996719913.zip::tc/smoke/1790818048834225485/sessions/20261001T012732572997/requirements.lock.txt
P9,0ce486139a855dd7c83313e6d1e52babfcc7e524488769b8395dc6a7067fd16c,experiment_v1_4/evidence/P9/v1_4_p9_evaluation_return_1790842429996719913.zip::tc/smoke/1790821898062672981/sessions/20261001T023142046351/environment.json
P9,8741aeb055b6f0b829dcfe947542d986be9bf27dbd340257987ab3bf14f34602,experiment_v1_4/evidence/P9/v1_4_p9_evaluation_return_1790842429996719913.zip::tc/smoke/1790821898062672981/sessions/20261001T023142046351/requirements.lock.txt
P10,81d1b9ce32f83912ab5d36c3c51251760e942dd7522e677135a4586661583770,experiment_v1_4/results/p10_return_audit_20261004_01/returned_metadata/sessions/20261003T105658365891/environment.json
P10,f040f52311d2522ca35bda01dc798acbef171e32a4193c3e62bfd556c4c2a58c,experiment_v1_4/results/p10_return_audit_20261004_01/returned_metadata/sessions/20261003T105658365891/requirements.lock.txt
P10,291963ee690f8ff283c5665a512224d99f552ed5494b06707758c13b57931f08,experiment_v1_4/results/p10_return_audit_20261004_01/returned_metadata/sessions/20261003T105925719172/environment.json
P10,f040f52311d2522ca35bda01dc798acbef171e32a4193c3e62bfd556c4c2a58c,experiment_v1_4/results/p10_return_audit_20261004_01/returned_metadata/sessions/20261003T105925719172/requirements.lock.txt
P10,b4c4b9b0144018c912ff0b037abbae68d2c74c0642525a8718278d27ad934a1e,experiment_v1_4/results/p10_return_audit_20261004_01/returned_metadata/sessions/20261003T110651598861/environment.json
P10,98a1e4483ffbd241e9e3364ef9f6dcd209780f9efd5f913711505b12c905da52,experiment_v1_4/results/p10_return_audit_20261004_01/returned_metadata/sessions/20261003T110651598861/requirements.lock.txt
P10,3811be954a52c9515cd687d7c4d72519c641d8983581a96cccb851f810781881,experiment_v1_4/results/p10_return_audit_20261004_01/returned_metadata/sessions/20261003T161120348432/environment.json
P10,98a1e4483ffbd241e9e3364ef9f6dcd209780f9efd5f913711505b12c905da52,experiment_v1_4/results/p10_return_audit_20261004_01/returned_metadata/sessions/20261003T161120348432/requirements.lock.txt
P10,28d53e1491fcf35ed7efd1168bb4d8d4cf10099f8359076310953d6b4610642d,experiment_v1_4/results/p10_return_audit_20261004_01/returned_metadata/sessions/20261004T021409992619/environment.json
P10,98a1e4483ffbd241e9e3364ef9f6dcd209780f9efd5f913711505b12c905da52,experiment_v1_4/results/p10_return_audit_20261004_01/returned_metadata/sessions/20261004T021409992619/requirements.lock.txt
P10,c962ffabd17d4b0bb0f1747f0dc790ea878704cfbfad60eabee1d55caff02e5f,experiment_v1_4/results/p10_return_audit_20261004_01/returned_metadata/sessions/20261004T023852926399/environment.json
P10,98a1e4483ffbd241e9e3364ef9f6dcd209780f9efd5f913711505b12c905da52,experiment_v1_4/results/p10_return_audit_20261004_01/returned_metadata/sessions/20261004T023852926399/requirements.lock.txt
