NA,checkpoint_sha256,hook,k,layer,lm_seed,matched,matched_fraction,name,pairs,phase,position_type,sparse_seed,suite,tool,unmatched
0,76d86f1a83bde7f8f6389684cd2a3913c923e21ccfbe42e40d3255385a9982b1,h,4,0,0,489,0.955078125,seed0_l0_sae_k4_s0,512,P7,READ,0,test_changed_memory|single,sae,23
0,76d86f1a83bde7f8f6389684cd2a3913c923e21ccfbe42e40d3255385a9982b1,h,4,0,0,447,0.873046875,seed0_l0_sae_k4_s0,512,P7,READ,0,test_changed_memory|up_to_four,sae,65
0,76d86f1a83bde7f8f6389684cd2a3913c923e21ccfbe42e40d3255385a9982b1,h,4,0,0,482,0.94140625,seed0_l0_sae_k4_s0,512,P7,READ,0,test_changed_composition|single,sae,30
0,76d86f1a83bde7f8f6389684cd2a3913c923e21ccfbe42e40d3255385a9982b1,h,4,0,0,467,0.912109375,seed0_l0_sae_k4_s0,512,P7,READ,0,test_changed_composition|up_to_four,sae,45
0,76d86f1a83bde7f8f6389684cd2a3913c923e21ccfbe42e40d3255385a9982b1,h,4,0,0,495,0.966796875,seed0_l0_sae_k4_s0,512,P7,READ,0,test_unchanged_memory|single,sae,17
0,76d86f1a83bde7f8f6389684cd2a3913c923e21ccfbe42e40d3255385a9982b1,h,4,0,0,474,0.92578125,seed0_l0_sae_k4_s0,512,P7,READ,0,test_unchanged_memory|up_to_four,sae,38
0,76d86f1a83bde7f8f6389684cd2a3913c923e21ccfbe42e40d3255385a9982b1,h,4,0,0,503,0.982421875,seed0_l0_sae_k4_s0,512,P7,READ,0,test_unchanged_composition|single,sae,9
0,76d86f1a83bde7f8f6389684cd2a3913c923e21ccfbe42e40d3255385a9982b1,h,4,0,0,482,0.94140625,seed0_l0_sae_k4_s0,512,P7,READ,0,test_unchanged_composition|up_to_four,sae,30
0,76d86f1a83bde7f8f6389684cd2a3913c923e21ccfbe42e40d3255385a9982b1,h,16,0,0,390,0.76171875,seed0_l0_sae_k16_s0,512,P7,READ,0,test_changed_memory|single,sae,122
0,76d86f1a83bde7f8f6389684cd2a3913c923e21ccfbe42e40d3255385a9982b1,h,16,0,0,264,0.515625,seed0_l0_sae_k16_s0,512,P7,READ,0,test_changed_memory|up_to_four,sae,248
0,76d86f1a83bde7f8f6389684cd2a3913c923e21ccfbe42e40d3255385a9982b1,h,16,0,0,408,0.796875,seed0_l0_sae_k16_s0,512,P7,READ,0,test_changed_composition|single,sae,104
0,76d86f1a83bde7f8f6389684cd2a3913c923e21ccfbe42e40d3255385a9982b1,h,16,0,0,254,0.49609375,seed0_l0_sae_k16_s0,512,P7,READ,0,test_changed_composition|up_to_four,sae,258
0,76d86f1a83bde7f8f6389684cd2a3913c923e21ccfbe42e40d3255385a9982b1,h,16,0,0,419,0.818359375,seed0_l0_sae_k16_s0,512,P7,READ,0,test_unchanged_memory|single,sae,93
0,76d86f1a83bde7f8f6389684cd2a3913c923e21ccfbe42e40d3255385a9982b1,h,16,0,0,278,0.54296875,seed0_l0_sae_k16_s0,512,P7,READ,0,test_unchanged_memory|up_to_four,sae,234
0,76d86f1a83bde7f8f6389684cd2a3913c923e21ccfbe42e40d3255385a9982b1,h,16,0,0,472,0.921875,seed0_l0_sae_k16_s0,512,P7,READ,0,test_unchanged_composition|single,sae,40
0,76d86f1a83bde7f8f6389684cd2a3913c923e21ccfbe42e40d3255385a9982b1,h,16,0,0,378,0.73828125,seed0_l0_sae_k16_s0,512,P7,READ,0,test_unchanged_composition|up_to_four,sae,134
0,76d86f1a83bde7f8f6389684cd2a3913c923e21ccfbe42e40d3255385a9982b1,h,4,3,0,438,0.85546875,seed0_l3_sae_k4_s0,512,P7,READ,0,test_changed_memory|single,sae,74
0,76d86f1a83bde7f8f6389684cd2a3913c923e21ccfbe42e40d3255385a9982b1,h,4,3,0,280,0.546875,seed0_l3_sae_k4_s0,512,P7,READ,0,test_changed_memory|up_to_four,sae,232
0,76d86f1a83bde7f8f6389684cd2a3913c923e21ccfbe42e40d3255385a9982b1,h,4,3,0,472,0.921875,seed0_l3_sae_k4_s0,512,P7,READ,0,test_changed_composition|single,sae,40
0,76d86f1a83bde7f8f6389684cd2a3913c923e21ccfbe42e40d3255385a9982b1,h,4,3,0,414,0.80859375,seed0_l3_sae_k4_s0,512,P7,READ,0,test_changed_composition|up_to_four,sae,98
0,76d86f1a83bde7f8f6389684cd2a3913c923e21ccfbe42e40d3255385a9982b1,h,4,3,0,483,0.943359375,seed0_l3_sae_k4_s0,512,P7,READ,0,test_unchanged_memory|single,sae,29
0,76d86f1a83bde7f8f6389684cd2a3913c923e21ccfbe42e40d3255385a9982b1,h,4,3,0,456,0.890625,seed0_l3_sae_k4_s0,512,P7,READ,0,test_unchanged_memory|up_to_four,sae,56
0,76d86f1a83bde7f8f6389684cd2a3913c923e21ccfbe42e40d3255385a9982b1,h,4,3,0,495,0.966796875,seed0_l3_sae_k4_s0,512,P7,READ,0,test_unchanged_composition|single,sae,17
0,76d86f1a83bde7f8f6389684cd2a3913c923e21ccfbe42e40d3255385a9982b1,h,4,3,0,463,0.904296875,seed0_l3_sae_k4_s0,512,P7,READ,0,test_unchanged_composition|up_to_four,sae,49
0,76d86f1a83bde7f8f6389684cd2a3913c923e21ccfbe42e40d3255385a9982b1,h,16,3,0,273,0.533203125,seed0_l3_sae_k16_s0,512,P7,READ,0,test_changed_memory|single,sae,239
0,76d86f1a83bde7f8f6389684cd2a3913c923e21ccfbe42e40d3255385a9982b1,h,16,3,0,240,0.46875,seed0_l3_sae_k16_s0,512,P7,READ,0,test_changed_memory|up_to_four,sae,272
0,76d86f1a83bde7f8f6389684cd2a3913c923e21ccfbe42e40d3255385a9982b1,h,16,3,0,486,0.94921875,seed0_l3_sae_k16_s0,512,P7,READ,0,test_changed_composition|single,sae,26
0,76d86f1a83bde7f8f6389684cd2a3913c923e21ccfbe42e40d3255385a9982b1,h,16,3,0,431,0.841796875,seed0_l3_sae_k16_s0,512,P7,READ,0,test_changed_composition|up_to_four,sae,81
0,76d86f1a83bde7f8f6389684cd2a3913c923e21ccfbe42e40d3255385a9982b1,h,16,3,0,479,0.935546875,seed0_l3_sae_k16_s0,512,P7,READ,0,test_unchanged_memory|single,sae,33
0,76d86f1a83bde7f8f6389684cd2a3913c923e21ccfbe42e40d3255385a9982b1,h,16,3,0,471,0.919921875,seed0_l3_sae_k16_s0,512,P7,READ,0,test_unchanged_memory|up_to_four,sae,41
0,76d86f1a83bde7f8f6389684cd2a3913c923e21ccfbe42e40d3255385a9982b1,h,16,3,0,483,0.943359375,seed0_l3_sae_k16_s0,512,P7,READ,0,test_unchanged_composition|single,sae,29
0,76d86f1a83bde7f8f6389684cd2a3913c923e21ccfbe42e40d3255385a9982b1,h,16,3,0,476,0.9296875,seed0_l3_sae_k16_s0,512,P7,READ,0,test_unchanged_composition|up_to_four,sae,36
0,76d86f1a83bde7f8f6389684cd2a3913c923e21ccfbe42e40d3255385a9982b1,h,4,7,0,243,0.474609375,seed0_l7_sae_k4_s0,512,P7,READ,0,test_changed_memory|single,sae,269
0,76d86f1a83bde7f8f6389684cd2a3913c923e21ccfbe42e40d3255385a9982b1,h,4,7,0,307,0.599609375,seed0_l7_sae_k4_s0,512,P7,READ,0,test_changed_memory|up_to_four,sae,205
0,76d86f1a83bde7f8f6389684cd2a3913c923e21ccfbe42e40d3255385a9982b1,h,4,7,0,498,0.97265625,seed0_l7_sae_k4_s0,512,P7,READ,0,test_changed_composition|single,sae,14
0,76d86f1a83bde7f8f6389684cd2a3913c923e21ccfbe42e40d3255385a9982b1,h,4,7,0,373,0.728515625,seed0_l7_sae_k4_s0,512,P7,READ,0,test_changed_composition|up_to_four,sae,139
0,76d86f1a83bde7f8f6389684cd2a3913c923e21ccfbe42e40d3255385a9982b1,h,4,7,0,450,0.87890625,seed0_l7_sae_k4_s0,512,P7,READ,0,test_unchanged_memory|single,sae,62
0,76d86f1a83bde7f8f6389684cd2a3913c923e21ccfbe42e40d3255385a9982b1,h,4,7,0,429,0.837890625,seed0_l7_sae_k4_s0,512,P7,READ,0,test_unchanged_memory|up_to_four,sae,83
0,76d86f1a83bde7f8f6389684cd2a3913c923e21ccfbe42e40d3255385a9982b1,h,4,7,0,438,0.85546875,seed0_l7_sae_k4_s0,512,P7,READ,0,test_unchanged_composition|single,sae,74
0,76d86f1a83bde7f8f6389684cd2a3913c923e21ccfbe42e40d3255385a9982b1,h,4,7,0,436,0.8515625,seed0_l7_sae_k4_s0,512,P7,READ,0,test_unchanged_composition|up_to_four,sae,76
0,76d86f1a83bde7f8f6389684cd2a3913c923e21ccfbe42e40d3255385a9982b1,h,16,7,0,141,0.275390625,seed0_l7_sae_k16_s0,512,P7,READ,0,test_changed_memory|single,sae,371
0,76d86f1a83bde7f8f6389684cd2a3913c923e21ccfbe42e40d3255385a9982b1,h,16,7,0,143,0.279296875,seed0_l7_sae_k16_s0,512,P7,READ,0,test_changed_memory|up_to_four,sae,369
0,76d86f1a83bde7f8f6389684cd2a3913c923e21ccfbe42e40d3255385a9982b1,h,16,7,0,64,0.125,seed0_l7_sae_k16_s0,512,P7,READ,0,test_changed_composition|single,sae,448
0,76d86f1a83bde7f8f6389684cd2a3913c923e21ccfbe42e40d3255385a9982b1,h,16,7,0,19,0.037109375,seed0_l7_sae_k16_s0,512,P7,READ,0,test_changed_composition|up_to_four,sae,493
0,76d86f1a83bde7f8f6389684cd2a3913c923e21ccfbe42e40d3255385a9982b1,h,16,7,0,486,0.94921875,seed0_l7_sae_k16_s0,512,P7,READ,0,test_unchanged_memory|single,sae,26
0,76d86f1a83bde7f8f6389684cd2a3913c923e21ccfbe42e40d3255385a9982b1,h,16,7,0,424,0.828125,seed0_l7_sae_k16_s0,512,P7,READ,0,test_unchanged_memory|up_to_four,sae,88
0,76d86f1a83bde7f8f6389684cd2a3913c923e21ccfbe42e40d3255385a9982b1,h,16,7,0,462,0.90234375,seed0_l7_sae_k16_s0,512,P7,READ,0,test_unchanged_composition|single,sae,50
0,76d86f1a83bde7f8f6389684cd2a3913c923e21ccfbe42e40d3255385a9982b1,h,16,7,0,392,0.765625,seed0_l7_sae_k16_s0,512,P7,READ,0,test_unchanged_composition|up_to_four,sae,120
0,76d86f1a83bde7f8f6389684cd2a3913c923e21ccfbe42e40d3255385a9982b1,h,4,11,0,215,0.419921875,seed0_l11_sae_k4_s0,512,P7,READ,0,test_changed_memory|single,sae,297
0,76d86f1a83bde7f8f6389684cd2a3913c923e21ccfbe42e40d3255385a9982b1,h,4,11,0,320,0.625,seed0_l11_sae_k4_s0,512,P7,READ,0,test_changed_memory|up_to_four,sae,192
0,76d86f1a83bde7f8f6389684cd2a3913c923e21ccfbe42e40d3255385a9982b1,h,4,11,0,448,0.875,seed0_l11_sae_k4_s0,512,P7,READ,0,test_changed_composition|single,sae,64
0,76d86f1a83bde7f8f6389684cd2a3913c923e21ccfbe42e40d3255385a9982b1,h,4,11,0,371,0.724609375,seed0_l11_sae_k4_s0,512,P7,READ,0,test_changed_composition|up_to_four,sae,141
0,76d86f1a83bde7f8f6389684cd2a3913c923e21ccfbe42e40d3255385a9982b1,h,4,11,0,433,0.845703125,seed0_l11_sae_k4_s0,512,P7,READ,0,test_unchanged_memory|single,sae,79
0,76d86f1a83bde7f8f6389684cd2a3913c923e21ccfbe42e40d3255385a9982b1,h,4,11,0,413,0.806640625,seed0_l11_sae_k4_s0,512,P7,READ,0,test_unchanged_memory|up_to_four,sae,99
0,76d86f1a83bde7f8f6389684cd2a3913c923e21ccfbe42e40d3255385a9982b1,h,4,11,0,418,0.81640625,seed0_l11_sae_k4_s0,512,P7,READ,0,test_unchanged_composition|single,sae,94
0,76d86f1a83bde7f8f6389684cd2a3913c923e21ccfbe42e40d3255385a9982b1,h,4,11,0,401,0.783203125,seed0_l11_sae_k4_s0,512,P7,READ,0,test_unchanged_composition|up_to_four,sae,111
0,76d86f1a83bde7f8f6389684cd2a3913c923e21ccfbe42e40d3255385a9982b1,h,16,11,0,184,0.359375,seed0_l11_sae_k16_s0,512,P7,READ,0,test_changed_memory|single,sae,328
0,76d86f1a83bde7f8f6389684cd2a3913c923e21ccfbe42e40d3255385a9982b1,h,16,11,0,155,0.302734375,seed0_l11_sae_k16_s0,512,P7,READ,0,test_changed_memory|up_to_four,sae,357
0,76d86f1a83bde7f8f6389684cd2a3913c923e21ccfbe42e40d3255385a9982b1,h,16,11,0,199,0.388671875,seed0_l11_sae_k16_s0,512,P7,READ,0,test_changed_composition|single,sae,313
0,76d86f1a83bde7f8f6389684cd2a3913c923e21ccfbe42e40d3255385a9982b1,h,16,11,0,16,0.03125,seed0_l11_sae_k16_s0,512,P7,READ,0,test_changed_composition|up_to_four,sae,496
0,76d86f1a83bde7f8f6389684cd2a3913c923e21ccfbe42e40d3255385a9982b1,h,16,11,0,496,0.96875,seed0_l11_sae_k16_s0,512,P7,READ,0,test_unchanged_memory|single,sae,16
0,76d86f1a83bde7f8f6389684cd2a3913c923e21ccfbe42e40d3255385a9982b1,h,16,11,0,429,0.837890625,seed0_l11_sae_k16_s0,512,P7,READ,0,test_unchanged_memory|up_to_four,sae,83
0,76d86f1a83bde7f8f6389684cd2a3913c923e21ccfbe42e40d3255385a9982b1,h,16,11,0,490,0.95703125,seed0_l11_sae_k16_s0,512,P7,READ,0,test_unchanged_composition|single,sae,22
0,76d86f1a83bde7f8f6389684cd2a3913c923e21ccfbe42e40d3255385a9982b1,h,16,11,0,411,0.802734375,seed0_l11_sae_k16_s0,512,P7,READ,0,test_unchanged_composition|up_to_four,sae,101
0,bb505254dfde1587e2497238448fd2117f7b1a2292a84497db8fdfb81127e555,h,4,0,1,369,0.720703125,seed1_l0_sae_k4_s0,512,P7,READ,0,test_changed_memory|single,sae,143
0,bb505254dfde1587e2497238448fd2117f7b1a2292a84497db8fdfb81127e555,h,4,0,1,354,0.69140625,seed1_l0_sae_k4_s0,512,P7,READ,0,test_changed_memory|up_to_four,sae,158
0,bb505254dfde1587e2497238448fd2117f7b1a2292a84497db8fdfb81127e555,h,4,0,1,503,0.982421875,seed1_l0_sae_k4_s0,512,P7,READ,0,test_changed_composition|single,sae,9
0,bb505254dfde1587e2497238448fd2117f7b1a2292a84497db8fdfb81127e555,h,4,0,1,485,0.947265625,seed1_l0_sae_k4_s0,512,P7,READ,0,test_changed_composition|up_to_four,sae,27
0,bb505254dfde1587e2497238448fd2117f7b1a2292a84497db8fdfb81127e555,h,4,0,1,490,0.95703125,seed1_l0_sae_k4_s0,512,P7,READ,0,test_unchanged_memory|single,sae,22
0,bb505254dfde1587e2497238448fd2117f7b1a2292a84497db8fdfb81127e555,h,4,0,1,461,0.900390625,seed1_l0_sae_k4_s0,512,P7,READ,0,test_unchanged_memory|up_to_four,sae,51
0,bb505254dfde1587e2497238448fd2117f7b1a2292a84497db8fdfb81127e555,h,4,0,1,502,0.98046875,seed1_l0_sae_k4_s0,512,P7,READ,0,test_unchanged_composition|single,sae,10
0,bb505254dfde1587e2497238448fd2117f7b1a2292a84497db8fdfb81127e555,h,4,0,1,485,0.947265625,seed1_l0_sae_k4_s0,512,P7,READ,0,test_unchanged_composition|up_to_four,sae,27
0,bb505254dfde1587e2497238448fd2117f7b1a2292a84497db8fdfb81127e555,h,16,0,1,380,0.7421875,seed1_l0_sae_k16_s0,512,P7,READ,0,test_changed_memory|single,sae,132
0,bb505254dfde1587e2497238448fd2117f7b1a2292a84497db8fdfb81127e555,h,16,0,1,237,0.462890625,seed1_l0_sae_k16_s0,512,P7,READ,0,test_changed_memory|up_to_four,sae,275
0,bb505254dfde1587e2497238448fd2117f7b1a2292a84497db8fdfb81127e555,h,16,0,1,508,0.9921875,seed1_l0_sae_k16_s0,512,P7,READ,0,test_changed_composition|single,sae,4
0,bb505254dfde1587e2497238448fd2117f7b1a2292a84497db8fdfb81127e555,h,16,0,1,384,0.75,seed1_l0_sae_k16_s0,512,P7,READ,0,test_changed_composition|up_to_four,sae,128
0,bb505254dfde1587e2497238448fd2117f7b1a2292a84497db8fdfb81127e555,h,16,0,1,508,0.9921875,seed1_l0_sae_k16_s0,512,P7,READ,0,test_unchanged_memory|single,sae,4
0,bb505254dfde1587e2497238448fd2117f7b1a2292a84497db8fdfb81127e555,h,16,0,1,401,0.783203125,seed1_l0_sae_k16_s0,512,P7,READ,0,test_unchanged_memory|up_to_four,sae,111
0,bb505254dfde1587e2497238448fd2117f7b1a2292a84497db8fdfb81127e555,h,16,0,1,508,0.9921875,seed1_l0_sae_k16_s0,512,P7,READ,0,test_unchanged_composition|single,sae,4
0,bb505254dfde1587e2497238448fd2117f7b1a2292a84497db8fdfb81127e555,h,16,0,1,372,0.7265625,seed1_l0_sae_k16_s0,512,P7,READ,0,test_unchanged_composition|up_to_four,sae,140
0,bb505254dfde1587e2497238448fd2117f7b1a2292a84497db8fdfb81127e555,h,4,3,1,364,0.7109375,seed1_l3_sae_k4_s0,512,P7,READ,0,test_changed_memory|single,sae,148
0,bb505254dfde1587e2497238448fd2117f7b1a2292a84497db8fdfb81127e555,h,4,3,1,281,0.548828125,seed1_l3_sae_k4_s0,512,P7,READ,0,test_changed_memory|up_to_four,sae,231
0,bb505254dfde1587e2497238448fd2117f7b1a2292a84497db8fdfb81127e555,h,4,3,1,507,0.990234375,seed1_l3_sae_k4_s0,512,P7,READ,0,test_changed_composition|single,sae,5
0,bb505254dfde1587e2497238448fd2117f7b1a2292a84497db8fdfb81127e555,h,4,3,1,473,0.923828125,seed1_l3_sae_k4_s0,512,P7,READ,0,test_changed_composition|up_to_four,sae,39
0,bb505254dfde1587e2497238448fd2117f7b1a2292a84497db8fdfb81127e555,h,4,3,1,469,0.916015625,seed1_l3_sae_k4_s0,512,P7,READ,0,test_unchanged_memory|single,sae,43
0,bb505254dfde1587e2497238448fd2117f7b1a2292a84497db8fdfb81127e555,h,4,3,1,452,0.8828125,seed1_l3_sae_k4_s0,512,P7,READ,0,test_unchanged_memory|up_to_four,sae,60
0,bb505254dfde1587e2497238448fd2117f7b1a2292a84497db8fdfb81127e555,h,4,3,1,478,0.93359375,seed1_l3_sae_k4_s0,512,P7,READ,0,test_unchanged_composition|single,sae,34
0,bb505254dfde1587e2497238448fd2117f7b1a2292a84497db8fdfb81127e555,h,4,3,1,472,0.921875,seed1_l3_sae_k4_s0,512,P7,READ,0,test_unchanged_composition|up_to_four,sae,40
0,bb505254dfde1587e2497238448fd2117f7b1a2292a84497db8fdfb81127e555,h,16,3,1,367,0.716796875,seed1_l3_sae_k16_s0,512,P7,READ,0,test_changed_memory|single,sae,145
0,bb505254dfde1587e2497238448fd2117f7b1a2292a84497db8fdfb81127e555,h,16,3,1,269,0.525390625,seed1_l3_sae_k16_s0,512,P7,READ,0,test_changed_memory|up_to_four,sae,243
0,bb505254dfde1587e2497238448fd2117f7b1a2292a84497db8fdfb81127e555,h,16,3,1,409,0.798828125,seed1_l3_sae_k16_s0,512,P7,READ,0,test_changed_composition|single,sae,103
0,bb505254dfde1587e2497238448fd2117f7b1a2292a84497db8fdfb81127e555,h,16,3,1,393,0.767578125,seed1_l3_sae_k16_s0,512,P7,READ,0,test_changed_composition|up_to_four,sae,119
0,bb505254dfde1587e2497238448fd2117f7b1a2292a84497db8fdfb81127e555,h,16,3,1,493,0.962890625,seed1_l3_sae_k16_s0,512,P7,READ,0,test_unchanged_memory|single,sae,19
0,bb505254dfde1587e2497238448fd2117f7b1a2292a84497db8fdfb81127e555,h,16,3,1,482,0.94140625,seed1_l3_sae_k16_s0,512,P7,READ,0,test_unchanged_memory|up_to_four,sae,30
0,bb505254dfde1587e2497238448fd2117f7b1a2292a84497db8fdfb81127e555,h,16,3,1,499,0.974609375,seed1_l3_sae_k16_s0,512,P7,READ,0,test_unchanged_composition|single,sae,13
0,bb505254dfde1587e2497238448fd2117f7b1a2292a84497db8fdfb81127e555,h,16,3,1,489,0.955078125,seed1_l3_sae_k16_s0,512,P7,READ,0,test_unchanged_composition|up_to_four,sae,23
0,bb505254dfde1587e2497238448fd2117f7b1a2292a84497db8fdfb81127e555,h,4,7,1,73,0.142578125,seed1_l7_sae_k4_s0,512,P7,READ,0,test_changed_memory|single,sae,439
0,bb505254dfde1587e2497238448fd2117f7b1a2292a84497db8fdfb81127e555,h,4,7,1,216,0.421875,seed1_l7_sae_k4_s0,512,P7,READ,0,test_changed_memory|up_to_four,sae,296
0,bb505254dfde1587e2497238448fd2117f7b1a2292a84497db8fdfb81127e555,h,4,7,1,14,0.02734375,seed1_l7_sae_k4_s0,512,P7,READ,0,test_changed_composition|single,sae,498
0,bb505254dfde1587e2497238448fd2117f7b1a2292a84497db8fdfb81127e555,h,4,7,1,36,0.0703125,seed1_l7_sae_k4_s0,512,P7,READ,0,test_changed_composition|up_to_four,sae,476
0,bb505254dfde1587e2497238448fd2117f7b1a2292a84497db8fdfb81127e555,h,4,7,1,376,0.734375,seed1_l7_sae_k4_s0,512,P7,READ,0,test_unchanged_memory|single,sae,136
0,bb505254dfde1587e2497238448fd2117f7b1a2292a84497db8fdfb81127e555,h,4,7,1,364,0.7109375,seed1_l7_sae_k4_s0,512,P7,READ,0,test_unchanged_memory|up_to_four,sae,148
0,bb505254dfde1587e2497238448fd2117f7b1a2292a84497db8fdfb81127e555,h,4,7,1,374,0.73046875,seed1_l7_sae_k4_s0,512,P7,READ,0,test_unchanged_composition|single,sae,138
0,bb505254dfde1587e2497238448fd2117f7b1a2292a84497db8fdfb81127e555,h,4,7,1,344,0.671875,seed1_l7_sae_k4_s0,512,P7,READ,0,test_unchanged_composition|up_to_four,sae,168
0,bb505254dfde1587e2497238448fd2117f7b1a2292a84497db8fdfb81127e555,h,16,7,1,247,0.482421875,seed1_l7_sae_k16_s0,512,P7,READ,0,test_changed_memory|single,sae,265
0,bb505254dfde1587e2497238448fd2117f7b1a2292a84497db8fdfb81127e555,h,16,7,1,138,0.26953125,seed1_l7_sae_k16_s0,512,P7,READ,0,test_changed_memory|up_to_four,sae,374
0,bb505254dfde1587e2497238448fd2117f7b1a2292a84497db8fdfb81127e555,h,16,7,1,231,0.451171875,seed1_l7_sae_k16_s0,512,P7,READ,0,test_changed_composition|single,sae,281
0,bb505254dfde1587e2497238448fd2117f7b1a2292a84497db8fdfb81127e555,h,16,7,1,37,0.072265625,seed1_l7_sae_k16_s0,512,P7,READ,0,test_changed_composition|up_to_four,sae,475
0,bb505254dfde1587e2497238448fd2117f7b1a2292a84497db8fdfb81127e555,h,16,7,1,485,0.947265625,seed1_l7_sae_k16_s0,512,P7,READ,0,test_unchanged_memory|single,sae,27
0,bb505254dfde1587e2497238448fd2117f7b1a2292a84497db8fdfb81127e555,h,16,7,1,416,0.8125,seed1_l7_sae_k16_s0,512,P7,READ,0,test_unchanged_memory|up_to_four,sae,96
0,bb505254dfde1587e2497238448fd2117f7b1a2292a84497db8fdfb81127e555,h,16,7,1,482,0.94140625,seed1_l7_sae_k16_s0,512,P7,READ,0,test_unchanged_composition|single,sae,30
0,bb505254dfde1587e2497238448fd2117f7b1a2292a84497db8fdfb81127e555,h,16,7,1,395,0.771484375,seed1_l7_sae_k16_s0,512,P7,READ,0,test_unchanged_composition|up_to_four,sae,117
0,bb505254dfde1587e2497238448fd2117f7b1a2292a84497db8fdfb81127e555,h,4,11,1,38,0.07421875,seed1_l11_sae_k4_s0,512,P7,READ,0,test_changed_memory|single,sae,474
0,bb505254dfde1587e2497238448fd2117f7b1a2292a84497db8fdfb81127e555,h,4,11,1,40,0.078125,seed1_l11_sae_k4_s0,512,P7,READ,0,test_changed_memory|up_to_four,sae,472
0,bb505254dfde1587e2497238448fd2117f7b1a2292a84497db8fdfb81127e555,h,4,11,1,70,0.13671875,seed1_l11_sae_k4_s0,512,P7,READ,0,test_changed_composition|single,sae,442
0,bb505254dfde1587e2497238448fd2117f7b1a2292a84497db8fdfb81127e555,h,4,11,1,67,0.130859375,seed1_l11_sae_k4_s0,512,P7,READ,0,test_changed_composition|up_to_four,sae,445
0,bb505254dfde1587e2497238448fd2117f7b1a2292a84497db8fdfb81127e555,h,4,11,1,375,0.732421875,seed1_l11_sae_k4_s0,512,P7,READ,0,test_unchanged_memory|single,sae,137
0,bb505254dfde1587e2497238448fd2117f7b1a2292a84497db8fdfb81127e555,h,4,11,1,374,0.73046875,seed1_l11_sae_k4_s0,512,P7,READ,0,test_unchanged_memory|up_to_four,sae,138
0,bb505254dfde1587e2497238448fd2117f7b1a2292a84497db8fdfb81127e555,h,4,11,1,365,0.712890625,seed1_l11_sae_k4_s0,512,P7,READ,0,test_unchanged_composition|single,sae,147
0,bb505254dfde1587e2497238448fd2117f7b1a2292a84497db8fdfb81127e555,h,4,11,1,359,0.701171875,seed1_l11_sae_k4_s0,512,P7,READ,0,test_unchanged_composition|up_to_four,sae,153
0,bb505254dfde1587e2497238448fd2117f7b1a2292a84497db8fdfb81127e555,h,16,11,1,200,0.390625,seed1_l11_sae_k16_s0,512,P7,READ,0,test_changed_memory|single,sae,312
0,bb505254dfde1587e2497238448fd2117f7b1a2292a84497db8fdfb81127e555,h,16,11,1,129,0.251953125,seed1_l11_sae_k16_s0,512,P7,READ,0,test_changed_memory|up_to_four,sae,383
0,bb505254dfde1587e2497238448fd2117f7b1a2292a84497db8fdfb81127e555,h,16,11,1,152,0.296875,seed1_l11_sae_k16_s0,512,P7,READ,0,test_changed_composition|single,sae,360
0,bb505254dfde1587e2497238448fd2117f7b1a2292a84497db8fdfb81127e555,h,16,11,1,41,0.080078125,seed1_l11_sae_k16_s0,512,P7,READ,0,test_changed_composition|up_to_four,sae,471
0,bb505254dfde1587e2497238448fd2117f7b1a2292a84497db8fdfb81127e555,h,16,11,1,481,0.939453125,seed1_l11_sae_k16_s0,512,P7,READ,0,test_unchanged_memory|single,sae,31
0,bb505254dfde1587e2497238448fd2117f7b1a2292a84497db8fdfb81127e555,h,16,11,1,439,0.857421875,seed1_l11_sae_k16_s0,512,P7,READ,0,test_unchanged_memory|up_to_four,sae,73
0,bb505254dfde1587e2497238448fd2117f7b1a2292a84497db8fdfb81127e555,h,16,11,1,481,0.939453125,seed1_l11_sae_k16_s0,512,P7,READ,0,test_unchanged_composition|single,sae,31
0,bb505254dfde1587e2497238448fd2117f7b1a2292a84497db8fdfb81127e555,h,16,11,1,426,0.83203125,seed1_l11_sae_k16_s0,512,P7,READ,0,test_unchanged_composition|up_to_four,sae,86
0,f9f496b5b5d55bed9f0efc1f3694f91486a1cae97c14af6091f8fe91ec235ec4,h,4,0,2,477,0.931640625,seed2_l0_sae_k4_s0,512,P7,READ,0,test_changed_memory|single,sae,35
0,f9f496b5b5d55bed9f0efc1f3694f91486a1cae97c14af6091f8fe91ec235ec4,h,4,0,2,414,0.80859375,seed2_l0_sae_k4_s0,512,P7,READ,0,test_changed_memory|up_to_four,sae,98
0,f9f496b5b5d55bed9f0efc1f3694f91486a1cae97c14af6091f8fe91ec235ec4,h,4,0,2,504,0.984375,seed2_l0_sae_k4_s0,512,P7,READ,0,test_changed_composition|single,sae,8
0,f9f496b5b5d55bed9f0efc1f3694f91486a1cae97c14af6091f8fe91ec235ec4,h,4,0,2,469,0.916015625,seed2_l0_sae_k4_s0,512,P7,READ,0,test_changed_composition|up_to_four,sae,43
0,f9f496b5b5d55bed9f0efc1f3694f91486a1cae97c14af6091f8fe91ec235ec4,h,4,0,2,493,0.962890625,seed2_l0_sae_k4_s0,512,P7,READ,0,test_unchanged_memory|single,sae,19
0,f9f496b5b5d55bed9f0efc1f3694f91486a1cae97c14af6091f8fe91ec235ec4,h,4,0,2,461,0.900390625,seed2_l0_sae_k4_s0,512,P7,READ,0,test_unchanged_memory|up_to_four,sae,51
0,f9f496b5b5d55bed9f0efc1f3694f91486a1cae97c14af6091f8fe91ec235ec4,h,4,0,2,500,0.9765625,seed2_l0_sae_k4_s0,512,P7,READ,0,test_unchanged_composition|single,sae,12
0,f9f496b5b5d55bed9f0efc1f3694f91486a1cae97c14af6091f8fe91ec235ec4,h,4,0,2,464,0.90625,seed2_l0_sae_k4_s0,512,P7,READ,0,test_unchanged_composition|up_to_four,sae,48
0,f9f496b5b5d55bed9f0efc1f3694f91486a1cae97c14af6091f8fe91ec235ec4,h,16,0,2,435,0.849609375,seed2_l0_sae_k16_s0,512,P7,READ,0,test_changed_memory|single,sae,77
0,f9f496b5b5d55bed9f0efc1f3694f91486a1cae97c14af6091f8fe91ec235ec4,h,16,0,2,455,0.888671875,seed2_l0_sae_k16_s0,512,P7,READ,0,test_changed_memory|up_to_four,sae,57
0,f9f496b5b5d55bed9f0efc1f3694f91486a1cae97c14af6091f8fe91ec235ec4,h,16,0,2,497,0.970703125,seed2_l0_sae_k16_s0,512,P7,READ,0,test_changed_composition|single,sae,15
0,f9f496b5b5d55bed9f0efc1f3694f91486a1cae97c14af6091f8fe91ec235ec4,h,16,0,2,495,0.966796875,seed2_l0_sae_k16_s0,512,P7,READ,0,test_changed_composition|up_to_four,sae,17
0,f9f496b5b5d55bed9f0efc1f3694f91486a1cae97c14af6091f8fe91ec235ec4,h,16,0,2,485,0.947265625,seed2_l0_sae_k16_s0,512,P7,READ,0,test_unchanged_memory|single,sae,27
0,f9f496b5b5d55bed9f0efc1f3694f91486a1cae97c14af6091f8fe91ec235ec4,h,16,0,2,467,0.912109375,seed2_l0_sae_k16_s0,512,P7,READ,0,test_unchanged_memory|up_to_four,sae,45
0,f9f496b5b5d55bed9f0efc1f3694f91486a1cae97c14af6091f8fe91ec235ec4,h,16,0,2,502,0.98046875,seed2_l0_sae_k16_s0,512,P7,READ,0,test_unchanged_composition|single,sae,10
0,f9f496b5b5d55bed9f0efc1f3694f91486a1cae97c14af6091f8fe91ec235ec4,h,16,0,2,498,0.97265625,seed2_l0_sae_k16_s0,512,P7,READ,0,test_unchanged_composition|up_to_four,sae,14
0,f9f496b5b5d55bed9f0efc1f3694f91486a1cae97c14af6091f8fe91ec235ec4,h,4,3,2,362,0.70703125,seed2_l3_sae_k4_s0,512,P7,READ,0,test_changed_memory|single,sae,150
0,f9f496b5b5d55bed9f0efc1f3694f91486a1cae97c14af6091f8fe91ec235ec4,h,4,3,2,335,0.654296875,seed2_l3_sae_k4_s0,512,P7,READ,0,test_changed_memory|up_to_four,sae,177
0,f9f496b5b5d55bed9f0efc1f3694f91486a1cae97c14af6091f8fe91ec235ec4,h,4,3,2,507,0.990234375,seed2_l3_sae_k4_s0,512,P7,READ,0,test_changed_composition|single,sae,5
0,f9f496b5b5d55bed9f0efc1f3694f91486a1cae97c14af6091f8fe91ec235ec4,h,4,3,2,455,0.888671875,seed2_l3_sae_k4_s0,512,P7,READ,0,test_changed_composition|up_to_four,sae,57
0,f9f496b5b5d55bed9f0efc1f3694f91486a1cae97c14af6091f8fe91ec235ec4,h,4,3,2,470,0.91796875,seed2_l3_sae_k4_s0,512,P7,READ,0,test_unchanged_memory|single,sae,42
0,f9f496b5b5d55bed9f0efc1f3694f91486a1cae97c14af6091f8fe91ec235ec4,h,4,3,2,451,0.880859375,seed2_l3_sae_k4_s0,512,P7,READ,0,test_unchanged_memory|up_to_four,sae,61
0,f9f496b5b5d55bed9f0efc1f3694f91486a1cae97c14af6091f8fe91ec235ec4,h,4,3,2,466,0.91015625,seed2_l3_sae_k4_s0,512,P7,READ,0,test_unchanged_composition|single,sae,46
0,f9f496b5b5d55bed9f0efc1f3694f91486a1cae97c14af6091f8fe91ec235ec4,h,4,3,2,462,0.90234375,seed2_l3_sae_k4_s0,512,P7,READ,0,test_unchanged_composition|up_to_four,sae,50
0,f9f496b5b5d55bed9f0efc1f3694f91486a1cae97c14af6091f8fe91ec235ec4,h,16,3,2,160,0.3125,seed2_l3_sae_k16_s0,512,P7,READ,0,test_changed_memory|single,sae,352
0,f9f496b5b5d55bed9f0efc1f3694f91486a1cae97c14af6091f8fe91ec235ec4,h,16,3,2,170,0.33203125,seed2_l3_sae_k16_s0,512,P7,READ,0,test_changed_memory|up_to_four,sae,342
0,f9f496b5b5d55bed9f0efc1f3694f91486a1cae97c14af6091f8fe91ec235ec4,h,16,3,2,493,0.962890625,seed2_l3_sae_k16_s0,512,P7,READ,0,test_changed_composition|single,sae,19
0,f9f496b5b5d55bed9f0efc1f3694f91486a1cae97c14af6091f8fe91ec235ec4,h,16,3,2,486,0.94921875,seed2_l3_sae_k16_s0,512,P7,READ,0,test_changed_composition|up_to_four,sae,26
0,f9f496b5b5d55bed9f0efc1f3694f91486a1cae97c14af6091f8fe91ec235ec4,h,16,3,2,482,0.94140625,seed2_l3_sae_k16_s0,512,P7,READ,0,test_unchanged_memory|single,sae,30
0,f9f496b5b5d55bed9f0efc1f3694f91486a1cae97c14af6091f8fe91ec235ec4,h,16,3,2,477,0.931640625,seed2_l3_sae_k16_s0,512,P7,READ,0,test_unchanged_memory|up_to_four,sae,35
0,f9f496b5b5d55bed9f0efc1f3694f91486a1cae97c14af6091f8fe91ec235ec4,h,16,3,2,490,0.95703125,seed2_l3_sae_k16_s0,512,P7,READ,0,test_unchanged_composition|single,sae,22
0,f9f496b5b5d55bed9f0efc1f3694f91486a1cae97c14af6091f8fe91ec235ec4,h,16,3,2,486,0.94921875,seed2_l3_sae_k16_s0,512,P7,READ,0,test_unchanged_composition|up_to_four,sae,26
0,f9f496b5b5d55bed9f0efc1f3694f91486a1cae97c14af6091f8fe91ec235ec4,h,4,7,2,219,0.427734375,seed2_l7_sae_k4_s0,512,P7,READ,0,test_changed_memory|single,sae,293
0,f9f496b5b5d55bed9f0efc1f3694f91486a1cae97c14af6091f8fe91ec235ec4,h,4,7,2,153,0.298828125,seed2_l7_sae_k4_s0,512,P7,READ,0,test_changed_memory|up_to_four,sae,359
0,f9f496b5b5d55bed9f0efc1f3694f91486a1cae97c14af6091f8fe91ec235ec4,h,4,7,2,489,0.955078125,seed2_l7_sae_k4_s0,512,P7,READ,0,test_changed_composition|single,sae,23
0,f9f496b5b5d55bed9f0efc1f3694f91486a1cae97c14af6091f8fe91ec235ec4,h,4,7,2,437,0.853515625,seed2_l7_sae_k4_s0,512,P7,READ,0,test_changed_composition|up_to_four,sae,75
0,f9f496b5b5d55bed9f0efc1f3694f91486a1cae97c14af6091f8fe91ec235ec4,h,4,7,2,428,0.8359375,seed2_l7_sae_k4_s0,512,P7,READ,0,test_unchanged_memory|single,sae,84
0,f9f496b5b5d55bed9f0efc1f3694f91486a1cae97c14af6091f8fe91ec235ec4,h,4,7,2,383,0.748046875,seed2_l7_sae_k4_s0,512,P7,READ,0,test_unchanged_memory|up_to_four,sae,129
0,f9f496b5b5d55bed9f0efc1f3694f91486a1cae97c14af6091f8fe91ec235ec4,h,4,7,2,444,0.8671875,seed2_l7_sae_k4_s0,512,P7,READ,0,test_unchanged_composition|single,sae,68
0,f9f496b5b5d55bed9f0efc1f3694f91486a1cae97c14af6091f8fe91ec235ec4,h,4,7,2,419,0.818359375,seed2_l7_sae_k4_s0,512,P7,READ,0,test_unchanged_composition|up_to_four,sae,93
0,f9f496b5b5d55bed9f0efc1f3694f91486a1cae97c14af6091f8fe91ec235ec4,h,16,7,2,312,0.609375,seed2_l7_sae_k16_s0,512,P7,READ,0,test_changed_memory|single,sae,200
0,f9f496b5b5d55bed9f0efc1f3694f91486a1cae97c14af6091f8fe91ec235ec4,h,16,7,2,109,0.212890625,seed2_l7_sae_k16_s0,512,P7,READ,0,test_changed_memory|up_to_four,sae,403
0,f9f496b5b5d55bed9f0efc1f3694f91486a1cae97c14af6091f8fe91ec235ec4,h,16,7,2,335,0.654296875,seed2_l7_sae_k16_s0,512,P7,READ,0,test_changed_composition|single,sae,177
0,f9f496b5b5d55bed9f0efc1f3694f91486a1cae97c14af6091f8fe91ec235ec4,h,16,7,2,411,0.802734375,seed2_l7_sae_k16_s0,512,P7,READ,0,test_changed_composition|up_to_four,sae,101
0,f9f496b5b5d55bed9f0efc1f3694f91486a1cae97c14af6091f8fe91ec235ec4,h,16,7,2,482,0.94140625,seed2_l7_sae_k16_s0,512,P7,READ,0,test_unchanged_memory|single,sae,30
0,f9f496b5b5d55bed9f0efc1f3694f91486a1cae97c14af6091f8fe91ec235ec4,h,16,7,2,470,0.91796875,seed2_l7_sae_k16_s0,512,P7,READ,0,test_unchanged_memory|up_to_four,sae,42
0,f9f496b5b5d55bed9f0efc1f3694f91486a1cae97c14af6091f8fe91ec235ec4,h,16,7,2,502,0.98046875,seed2_l7_sae_k16_s0,512,P7,READ,0,test_unchanged_composition|single,sae,10
0,f9f496b5b5d55bed9f0efc1f3694f91486a1cae97c14af6091f8fe91ec235ec4,h,16,7,2,478,0.93359375,seed2_l7_sae_k16_s0,512,P7,READ,0,test_unchanged_composition|up_to_four,sae,34
0,f9f496b5b5d55bed9f0efc1f3694f91486a1cae97c14af6091f8fe91ec235ec4,h,4,11,2,214,0.41796875,seed2_l11_sae_k4_s0,512,P7,READ,0,test_changed_memory|single,sae,298
0,f9f496b5b5d55bed9f0efc1f3694f91486a1cae97c14af6091f8fe91ec235ec4,h,4,11,2,182,0.35546875,seed2_l11_sae_k4_s0,512,P7,READ,0,test_changed_memory|up_to_four,sae,330
0,f9f496b5b5d55bed9f0efc1f3694f91486a1cae97c14af6091f8fe91ec235ec4,h,4,11,2,332,0.6484375,seed2_l11_sae_k4_s0,512,P7,READ,0,test_changed_composition|single,sae,180
0,f9f496b5b5d55bed9f0efc1f3694f91486a1cae97c14af6091f8fe91ec235ec4,h,4,11,2,367,0.716796875,seed2_l11_sae_k4_s0,512,P7,READ,0,test_changed_composition|up_to_four,sae,145
0,f9f496b5b5d55bed9f0efc1f3694f91486a1cae97c14af6091f8fe91ec235ec4,h,4,11,2,394,0.76953125,seed2_l11_sae_k4_s0,512,P7,READ,0,test_unchanged_memory|single,sae,118
0,f9f496b5b5d55bed9f0efc1f3694f91486a1cae97c14af6091f8fe91ec235ec4,h,4,11,2,372,0.7265625,seed2_l11_sae_k4_s0,512,P7,READ,0,test_unchanged_memory|up_to_four,sae,140
0,f9f496b5b5d55bed9f0efc1f3694f91486a1cae97c14af6091f8fe91ec235ec4,h,4,11,2,413,0.806640625,seed2_l11_sae_k4_s0,512,P7,READ,0,test_unchanged_composition|single,sae,99
0,f9f496b5b5d55bed9f0efc1f3694f91486a1cae97c14af6091f8fe91ec235ec4,h,4,11,2,389,0.759765625,seed2_l11_sae_k4_s0,512,P7,READ,0,test_unchanged_composition|up_to_four,sae,123
0,f9f496b5b5d55bed9f0efc1f3694f91486a1cae97c14af6091f8fe91ec235ec4,h,16,11,2,176,0.34375,seed2_l11_sae_k16_s0,512,P7,READ,0,test_changed_memory|single,sae,336
0,f9f496b5b5d55bed9f0efc1f3694f91486a1cae97c14af6091f8fe91ec235ec4,h,16,11,2,127,0.248046875,seed2_l11_sae_k16_s0,512,P7,READ,0,test_changed_memory|up_to_four,sae,385
0,f9f496b5b5d55bed9f0efc1f3694f91486a1cae97c14af6091f8fe91ec235ec4,h,16,11,2,134,0.26171875,seed2_l11_sae_k16_s0,512,P7,READ,0,test_changed_composition|single,sae,378
0,f9f496b5b5d55bed9f0efc1f3694f91486a1cae97c14af6091f8fe91ec235ec4,h,16,11,2,42,0.08203125,seed2_l11_sae_k16_s0,512,P7,READ,0,test_changed_composition|up_to_four,sae,470
0,f9f496b5b5d55bed9f0efc1f3694f91486a1cae97c14af6091f8fe91ec235ec4,h,16,11,2,483,0.943359375,seed2_l11_sae_k16_s0,512,P7,READ,0,test_unchanged_memory|single,sae,29
0,f9f496b5b5d55bed9f0efc1f3694f91486a1cae97c14af6091f8fe91ec235ec4,h,16,11,2,436,0.8515625,seed2_l11_sae_k16_s0,512,P7,READ,0,test_unchanged_memory|up_to_four,sae,76
0,f9f496b5b5d55bed9f0efc1f3694f91486a1cae97c14af6091f8fe91ec235ec4,h,16,11,2,488,0.953125,seed2_l11_sae_k16_s0,512,P7,READ,0,test_unchanged_composition|single,sae,24
0,f9f496b5b5d55bed9f0efc1f3694f91486a1cae97c14af6091f8fe91ec235ec4,h,16,11,2,415,0.810546875,seed2_l11_sae_k16_s0,512,P7,READ,0,test_unchanged_composition|up_to_four,sae,97
0,76d86f1a83bde7f8f6389684cd2a3913c923e21ccfbe42e40d3255385a9982b1,u_to_m,4,0,0,461,0.900390625,seed0_l0_tc_k4_s0,512,P8,READ,0,test_changed_memory|single,tc,51
0,76d86f1a83bde7f8f6389684cd2a3913c923e21ccfbe42e40d3255385a9982b1,u_to_m,4,0,0,406,0.79296875,seed0_l0_tc_k4_s0,512,P8,READ,0,test_changed_memory|up_to_four,tc,106
0,76d86f1a83bde7f8f6389684cd2a3913c923e21ccfbe42e40d3255385a9982b1,u_to_m,4,0,0,474,0.92578125,seed0_l0_tc_k4_s0,512,P8,READ,0,test_changed_composition|single,tc,38
0,76d86f1a83bde7f8f6389684cd2a3913c923e21ccfbe42e40d3255385a9982b1,u_to_m,4,0,0,434,0.84765625,seed0_l0_tc_k4_s0,512,P8,READ,0,test_changed_composition|up_to_four,tc,78
0,76d86f1a83bde7f8f6389684cd2a3913c923e21ccfbe42e40d3255385a9982b1,u_to_m,4,0,0,479,0.935546875,seed0_l0_tc_k4_s0,512,P8,READ,0,test_unchanged_memory|single,tc,33
0,76d86f1a83bde7f8f6389684cd2a3913c923e21ccfbe42e40d3255385a9982b1,u_to_m,4,0,0,436,0.8515625,seed0_l0_tc_k4_s0,512,P8,READ,0,test_unchanged_memory|up_to_four,tc,76
0,76d86f1a83bde7f8f6389684cd2a3913c923e21ccfbe42e40d3255385a9982b1,u_to_m,4,0,0,492,0.9609375,seed0_l0_tc_k4_s0,512,P8,READ,0,test_unchanged_composition|single,tc,20
0,76d86f1a83bde7f8f6389684cd2a3913c923e21ccfbe42e40d3255385a9982b1,u_to_m,4,0,0,485,0.947265625,seed0_l0_tc_k4_s0,512,P8,READ,0,test_unchanged_composition|up_to_four,tc,27
0,76d86f1a83bde7f8f6389684cd2a3913c923e21ccfbe42e40d3255385a9982b1,u_to_m,16,0,0,302,0.58984375,seed0_l0_tc_k16_s0,512,P8,READ,0,test_changed_memory|single,tc,210
0,76d86f1a83bde7f8f6389684cd2a3913c923e21ccfbe42e40d3255385a9982b1,u_to_m,16,0,0,200,0.390625,seed0_l0_tc_k16_s0,512,P8,READ,0,test_changed_memory|up_to_four,tc,312
0,76d86f1a83bde7f8f6389684cd2a3913c923e21ccfbe42e40d3255385a9982b1,u_to_m,16,0,0,338,0.66015625,seed0_l0_tc_k16_s0,512,P8,READ,0,test_changed_composition|single,tc,174
0,76d86f1a83bde7f8f6389684cd2a3913c923e21ccfbe42e40d3255385a9982b1,u_to_m,16,0,0,210,0.41015625,seed0_l0_tc_k16_s0,512,P8,READ,0,test_changed_composition|up_to_four,tc,302
0,76d86f1a83bde7f8f6389684cd2a3913c923e21ccfbe42e40d3255385a9982b1,u_to_m,16,0,0,347,0.677734375,seed0_l0_tc_k16_s0,512,P8,READ,0,test_unchanged_memory|single,tc,165
0,76d86f1a83bde7f8f6389684cd2a3913c923e21ccfbe42e40d3255385a9982b1,u_to_m,16,0,0,230,0.44921875,seed0_l0_tc_k16_s0,512,P8,READ,0,test_unchanged_memory|up_to_four,tc,282
0,76d86f1a83bde7f8f6389684cd2a3913c923e21ccfbe42e40d3255385a9982b1,u_to_m,16,0,0,436,0.8515625,seed0_l0_tc_k16_s0,512,P8,READ,0,test_unchanged_composition|single,tc,76
0,76d86f1a83bde7f8f6389684cd2a3913c923e21ccfbe42e40d3255385a9982b1,u_to_m,16,0,0,321,0.626953125,seed0_l0_tc_k16_s0,512,P8,READ,0,test_unchanged_composition|up_to_four,tc,191
0,76d86f1a83bde7f8f6389684cd2a3913c923e21ccfbe42e40d3255385a9982b1,u_to_m,4,3,0,181,0.353515625,seed0_l3_tc_k4_s0,512,P8,READ,0,test_changed_memory|single,tc,331
0,76d86f1a83bde7f8f6389684cd2a3913c923e21ccfbe42e40d3255385a9982b1,u_to_m,4,3,0,156,0.3046875,seed0_l3_tc_k4_s0,512,P8,READ,0,test_changed_memory|up_to_four,tc,356
0,76d86f1a83bde7f8f6389684cd2a3913c923e21ccfbe42e40d3255385a9982b1,u_to_m,4,3,0,454,0.88671875,seed0_l3_tc_k4_s0,512,P8,READ,0,test_changed_composition|single,tc,58
0,76d86f1a83bde7f8f6389684cd2a3913c923e21ccfbe42e40d3255385a9982b1,u_to_m,4,3,0,468,0.9140625,seed0_l3_tc_k4_s0,512,P8,READ,0,test_changed_composition|up_to_four,tc,44
0,76d86f1a83bde7f8f6389684cd2a3913c923e21ccfbe42e40d3255385a9982b1,u_to_m,4,3,0,426,0.83203125,seed0_l3_tc_k4_s0,512,P8,READ,0,test_unchanged_memory|single,tc,86
0,76d86f1a83bde7f8f6389684cd2a3913c923e21ccfbe42e40d3255385a9982b1,u_to_m,4,3,0,354,0.69140625,seed0_l3_tc_k4_s0,512,P8,READ,0,test_unchanged_memory|up_to_four,tc,158
0,76d86f1a83bde7f8f6389684cd2a3913c923e21ccfbe42e40d3255385a9982b1,u_to_m,4,3,0,434,0.84765625,seed0_l3_tc_k4_s0,512,P8,READ,0,test_unchanged_composition|single,tc,78
0,76d86f1a83bde7f8f6389684cd2a3913c923e21ccfbe42e40d3255385a9982b1,u_to_m,4,3,0,395,0.771484375,seed0_l3_tc_k4_s0,512,P8,READ,0,test_unchanged_composition|up_to_four,tc,117
0,76d86f1a83bde7f8f6389684cd2a3913c923e21ccfbe42e40d3255385a9982b1,u_to_m,16,3,0,171,0.333984375,seed0_l3_tc_k16_s0,512,P8,READ,0,test_changed_memory|single,tc,341
0,76d86f1a83bde7f8f6389684cd2a3913c923e21ccfbe42e40d3255385a9982b1,u_to_m,16,3,0,105,0.205078125,seed0_l3_tc_k16_s0,512,P8,READ,0,test_changed_memory|up_to_four,tc,407
0,76d86f1a83bde7f8f6389684cd2a3913c923e21ccfbe42e40d3255385a9982b1,u_to_m,16,3,0,453,0.884765625,seed0_l3_tc_k16_s0,512,P8,READ,0,test_changed_composition|single,tc,59
0,76d86f1a83bde7f8f6389684cd2a3913c923e21ccfbe42e40d3255385a9982b1,u_to_m,16,3,0,426,0.83203125,seed0_l3_tc_k16_s0,512,P8,READ,0,test_changed_composition|up_to_four,tc,86
0,76d86f1a83bde7f8f6389684cd2a3913c923e21ccfbe42e40d3255385a9982b1,u_to_m,16,3,0,454,0.88671875,seed0_l3_tc_k16_s0,512,P8,READ,0,test_unchanged_memory|single,tc,58
0,76d86f1a83bde7f8f6389684cd2a3913c923e21ccfbe42e40d3255385a9982b1,u_to_m,16,3,0,413,0.806640625,seed0_l3_tc_k16_s0,512,P8,READ,0,test_unchanged_memory|up_to_four,tc,99
0,76d86f1a83bde7f8f6389684cd2a3913c923e21ccfbe42e40d3255385a9982b1,u_to_m,16,3,0,487,0.951171875,seed0_l3_tc_k16_s0,512,P8,READ,0,test_unchanged_composition|single,tc,25
0,76d86f1a83bde7f8f6389684cd2a3913c923e21ccfbe42e40d3255385a9982b1,u_to_m,16,3,0,443,0.865234375,seed0_l3_tc_k16_s0,512,P8,READ,0,test_unchanged_composition|up_to_four,tc,69
0,76d86f1a83bde7f8f6389684cd2a3913c923e21ccfbe42e40d3255385a9982b1,u_to_m,4,7,0,23,0.044921875,seed0_l7_tc_k4_s0,512,P8,READ,0,test_changed_memory|single,tc,489
0,76d86f1a83bde7f8f6389684cd2a3913c923e21ccfbe42e40d3255385a9982b1,u_to_m,4,7,0,21,0.041015625,seed0_l7_tc_k4_s0,512,P8,READ,0,test_changed_memory|up_to_four,tc,491
0,76d86f1a83bde7f8f6389684cd2a3913c923e21ccfbe42e40d3255385a9982b1,u_to_m,4,7,0,75,0.146484375,seed0_l7_tc_k4_s0,512,P8,READ,0,test_changed_composition|single,tc,437
0,76d86f1a83bde7f8f6389684cd2a3913c923e21ccfbe42e40d3255385a9982b1,u_to_m,4,7,0,70,0.13671875,seed0_l7_tc_k4_s0,512,P8,READ,0,test_changed_composition|up_to_four,tc,442
0,76d86f1a83bde7f8f6389684cd2a3913c923e21ccfbe42e40d3255385a9982b1,u_to_m,4,7,0,396,0.7734375,seed0_l7_tc_k4_s0,512,P8,READ,0,test_unchanged_memory|single,tc,116
0,76d86f1a83bde7f8f6389684cd2a3913c923e21ccfbe42e40d3255385a9982b1,u_to_m,4,7,0,378,0.73828125,seed0_l7_tc_k4_s0,512,P8,READ,0,test_unchanged_memory|up_to_four,tc,134
0,76d86f1a83bde7f8f6389684cd2a3913c923e21ccfbe42e40d3255385a9982b1,u_to_m,4,7,0,380,0.7421875,seed0_l7_tc_k4_s0,512,P8,READ,0,test_unchanged_composition|single,tc,132
0,76d86f1a83bde7f8f6389684cd2a3913c923e21ccfbe42e40d3255385a9982b1,u_to_m,4,7,0,383,0.748046875,seed0_l7_tc_k4_s0,512,P8,READ,0,test_unchanged_composition|up_to_four,tc,129
0,76d86f1a83bde7f8f6389684cd2a3913c923e21ccfbe42e40d3255385a9982b1,u_to_m,16,7,0,79,0.154296875,seed0_l7_tc_k16_s0,512,P8,READ,0,test_changed_memory|single,tc,433
0,76d86f1a83bde7f8f6389684cd2a3913c923e21ccfbe42e40d3255385a9982b1,u_to_m,16,7,0,61,0.119140625,seed0_l7_tc_k16_s0,512,P8,READ,0,test_changed_memory|up_to_four,tc,451
0,76d86f1a83bde7f8f6389684cd2a3913c923e21ccfbe42e40d3255385a9982b1,u_to_m,16,7,0,213,0.416015625,seed0_l7_tc_k16_s0,512,P8,READ,0,test_changed_composition|single,tc,299
0,76d86f1a83bde7f8f6389684cd2a3913c923e21ccfbe42e40d3255385a9982b1,u_to_m,16,7,0,107,0.208984375,seed0_l7_tc_k16_s0,512,P8,READ,0,test_changed_composition|up_to_four,tc,405
0,76d86f1a83bde7f8f6389684cd2a3913c923e21ccfbe42e40d3255385a9982b1,u_to_m,16,7,0,500,0.9765625,seed0_l7_tc_k16_s0,512,P8,READ,0,test_unchanged_memory|single,tc,12
0,76d86f1a83bde7f8f6389684cd2a3913c923e21ccfbe42e40d3255385a9982b1,u_to_m,16,7,0,470,0.91796875,seed0_l7_tc_k16_s0,512,P8,READ,0,test_unchanged_memory|up_to_four,tc,42
0,76d86f1a83bde7f8f6389684cd2a3913c923e21ccfbe42e40d3255385a9982b1,u_to_m,16,7,0,492,0.9609375,seed0_l7_tc_k16_s0,512,P8,READ,0,test_unchanged_composition|single,tc,20
0,76d86f1a83bde7f8f6389684cd2a3913c923e21ccfbe42e40d3255385a9982b1,u_to_m,16,7,0,467,0.912109375,seed0_l7_tc_k16_s0,512,P8,READ,0,test_unchanged_composition|up_to_four,tc,45
0,76d86f1a83bde7f8f6389684cd2a3913c923e21ccfbe42e40d3255385a9982b1,u_to_m,4,11,0,89,0.173828125,seed0_l11_tc_k4_s0,512,P8,READ,0,test_changed_memory|single,tc,423
0,76d86f1a83bde7f8f6389684cd2a3913c923e21ccfbe42e40d3255385a9982b1,u_to_m,4,11,0,54,0.10546875,seed0_l11_tc_k4_s0,512,P8,READ,0,test_changed_memory|up_to_four,tc,458
0,76d86f1a83bde7f8f6389684cd2a3913c923e21ccfbe42e40d3255385a9982b1,u_to_m,4,11,0,74,0.14453125,seed0_l11_tc_k4_s0,512,P8,READ,0,test_changed_composition|single,tc,438
0,76d86f1a83bde7f8f6389684cd2a3913c923e21ccfbe42e40d3255385a9982b1,u_to_m,4,11,0,93,0.181640625,seed0_l11_tc_k4_s0,512,P8,READ,0,test_changed_composition|up_to_four,tc,419
0,76d86f1a83bde7f8f6389684cd2a3913c923e21ccfbe42e40d3255385a9982b1,u_to_m,4,11,0,402,0.78515625,seed0_l11_tc_k4_s0,512,P8,READ,0,test_unchanged_memory|single,tc,110
0,76d86f1a83bde7f8f6389684cd2a3913c923e21ccfbe42e40d3255385a9982b1,u_to_m,4,11,0,326,0.63671875,seed0_l11_tc_k4_s0,512,P8,READ,0,test_unchanged_memory|up_to_four,tc,186
0,76d86f1a83bde7f8f6389684cd2a3913c923e21ccfbe42e40d3255385a9982b1,u_to_m,4,11,0,401,0.783203125,seed0_l11_tc_k4_s0,512,P8,READ,0,test_unchanged_composition|single,tc,111
0,76d86f1a83bde7f8f6389684cd2a3913c923e21ccfbe42e40d3255385a9982b1,u_to_m,4,11,0,300,0.5859375,seed0_l11_tc_k4_s0,512,P8,READ,0,test_unchanged_composition|up_to_four,tc,212
0,76d86f1a83bde7f8f6389684cd2a3913c923e21ccfbe42e40d3255385a9982b1,u_to_m,16,11,0,254,0.49609375,seed0_l11_tc_k16_s0,512,P8,READ,0,test_changed_memory|single,tc,258
0,76d86f1a83bde7f8f6389684cd2a3913c923e21ccfbe42e40d3255385a9982b1,u_to_m,16,11,0,104,0.203125,seed0_l11_tc_k16_s0,512,P8,READ,0,test_changed_memory|up_to_four,tc,408
0,76d86f1a83bde7f8f6389684cd2a3913c923e21ccfbe42e40d3255385a9982b1,u_to_m,16,11,0,245,0.478515625,seed0_l11_tc_k16_s0,512,P8,READ,0,test_changed_composition|single,tc,267
0,76d86f1a83bde7f8f6389684cd2a3913c923e21ccfbe42e40d3255385a9982b1,u_to_m,16,11,0,104,0.203125,seed0_l11_tc_k16_s0,512,P8,READ,0,test_changed_composition|up_to_four,tc,408
0,76d86f1a83bde7f8f6389684cd2a3913c923e21ccfbe42e40d3255385a9982b1,u_to_m,16,11,0,504,0.984375,seed0_l11_tc_k16_s0,512,P8,READ,0,test_unchanged_memory|single,tc,8
0,76d86f1a83bde7f8f6389684cd2a3913c923e21ccfbe42e40d3255385a9982b1,u_to_m,16,11,0,466,0.91015625,seed0_l11_tc_k16_s0,512,P8,READ,0,test_unchanged_memory|up_to_four,tc,46
0,76d86f1a83bde7f8f6389684cd2a3913c923e21ccfbe42e40d3255385a9982b1,u_to_m,16,11,0,501,0.978515625,seed0_l11_tc_k16_s0,512,P8,READ,0,test_unchanged_composition|single,tc,11
0,76d86f1a83bde7f8f6389684cd2a3913c923e21ccfbe42e40d3255385a9982b1,u_to_m,16,11,0,459,0.896484375,seed0_l11_tc_k16_s0,512,P8,READ,0,test_unchanged_composition|up_to_four,tc,53
0,bb505254dfde1587e2497238448fd2117f7b1a2292a84497db8fdfb81127e555,u_to_m,4,0,1,330,0.64453125,seed1_l0_tc_k4_s0,512,P8,READ,0,test_changed_memory|single,tc,182
0,bb505254dfde1587e2497238448fd2117f7b1a2292a84497db8fdfb81127e555,u_to_m,4,0,1,309,0.603515625,seed1_l0_tc_k4_s0,512,P8,READ,0,test_changed_memory|up_to_four,tc,203
0,bb505254dfde1587e2497238448fd2117f7b1a2292a84497db8fdfb81127e555,u_to_m,4,0,1,512,1.0,seed1_l0_tc_k4_s0,512,P8,READ,0,test_changed_composition|single,tc,0
0,bb505254dfde1587e2497238448fd2117f7b1a2292a84497db8fdfb81127e555,u_to_m,4,0,1,511,0.998046875,seed1_l0_tc_k4_s0,512,P8,READ,0,test_changed_composition|up_to_four,tc,1
0,bb505254dfde1587e2497238448fd2117f7b1a2292a84497db8fdfb81127e555,u_to_m,4,0,1,506,0.98828125,seed1_l0_tc_k4_s0,512,P8,READ,0,test_unchanged_memory|single,tc,6
0,bb505254dfde1587e2497238448fd2117f7b1a2292a84497db8fdfb81127e555,u_to_m,4,0,1,500,0.9765625,seed1_l0_tc_k4_s0,512,P8,READ,0,test_unchanged_memory|up_to_four,tc,12
0,bb505254dfde1587e2497238448fd2117f7b1a2292a84497db8fdfb81127e555,u_to_m,4,0,1,502,0.98046875,seed1_l0_tc_k4_s0,512,P8,READ,0,test_unchanged_composition|single,tc,10
0,bb505254dfde1587e2497238448fd2117f7b1a2292a84497db8fdfb81127e555,u_to_m,4,0,1,507,0.990234375,seed1_l0_tc_k4_s0,512,P8,READ,0,test_unchanged_composition|up_to_four,tc,5
0,bb505254dfde1587e2497238448fd2117f7b1a2292a84497db8fdfb81127e555,u_to_m,16,0,1,436,0.8515625,seed1_l0_tc_k16_s0,512,P8,READ,0,test_changed_memory|single,tc,76
0,bb505254dfde1587e2497238448fd2117f7b1a2292a84497db8fdfb81127e555,u_to_m,16,0,1,427,0.833984375,seed1_l0_tc_k16_s0,512,P8,READ,0,test_changed_memory|up_to_four,tc,85
0,bb505254dfde1587e2497238448fd2117f7b1a2292a84497db8fdfb81127e555,u_to_m,16,0,1,456,0.890625,seed1_l0_tc_k16_s0,512,P8,READ,0,test_changed_composition|single,tc,56
0,bb505254dfde1587e2497238448fd2117f7b1a2292a84497db8fdfb81127e555,u_to_m,16,0,1,458,0.89453125,seed1_l0_tc_k16_s0,512,P8,READ,0,test_changed_composition|up_to_four,tc,54
0,bb505254dfde1587e2497238448fd2117f7b1a2292a84497db8fdfb81127e555,u_to_m,16,0,1,479,0.935546875,seed1_l0_tc_k16_s0,512,P8,READ,0,test_unchanged_memory|single,tc,33
0,bb505254dfde1587e2497238448fd2117f7b1a2292a84497db8fdfb81127e555,u_to_m,16,0,1,474,0.92578125,seed1_l0_tc_k16_s0,512,P8,READ,0,test_unchanged_memory|up_to_four,tc,38
0,bb505254dfde1587e2497238448fd2117f7b1a2292a84497db8fdfb81127e555,u_to_m,16,0,1,494,0.96484375,seed1_l0_tc_k16_s0,512,P8,READ,0,test_unchanged_composition|single,tc,18
0,bb505254dfde1587e2497238448fd2117f7b1a2292a84497db8fdfb81127e555,u_to_m,16,0,1,487,0.951171875,seed1_l0_tc_k16_s0,512,P8,READ,0,test_unchanged_composition|up_to_four,tc,25
0,bb505254dfde1587e2497238448fd2117f7b1a2292a84497db8fdfb81127e555,u_to_m,4,3,1,124,0.2421875,seed1_l3_tc_k4_s0,512,P8,READ,0,test_changed_memory|single,tc,388
0,bb505254dfde1587e2497238448fd2117f7b1a2292a84497db8fdfb81127e555,u_to_m,4,3,1,93,0.181640625,seed1_l3_tc_k4_s0,512,P8,READ,0,test_changed_memory|up_to_four,tc,419
0,bb505254dfde1587e2497238448fd2117f7b1a2292a84497db8fdfb81127e555,u_to_m,4,3,1,297,0.580078125,seed1_l3_tc_k4_s0,512,P8,READ,0,test_changed_composition|single,tc,215
0,bb505254dfde1587e2497238448fd2117f7b1a2292a84497db8fdfb81127e555,u_to_m,4,3,1,428,0.8359375,seed1_l3_tc_k4_s0,512,P8,READ,0,test_changed_composition|up_to_four,tc,84
0,bb505254dfde1587e2497238448fd2117f7b1a2292a84497db8fdfb81127e555,u_to_m,4,3,1,394,0.76953125,seed1_l3_tc_k4_s0,512,P8,READ,0,test_unchanged_memory|single,tc,118
0,bb505254dfde1587e2497238448fd2117f7b1a2292a84497db8fdfb81127e555,u_to_m,4,3,1,321,0.626953125,seed1_l3_tc_k4_s0,512,P8,READ,0,test_unchanged_memory|up_to_four,tc,191
0,bb505254dfde1587e2497238448fd2117f7b1a2292a84497db8fdfb81127e555,u_to_m,4,3,1,413,0.806640625,seed1_l3_tc_k4_s0,512,P8,READ,0,test_unchanged_composition|single,tc,99
0,bb505254dfde1587e2497238448fd2117f7b1a2292a84497db8fdfb81127e555,u_to_m,4,3,1,386,0.75390625,seed1_l3_tc_k4_s0,512,P8,READ,0,test_unchanged_composition|up_to_four,tc,126
0,bb505254dfde1587e2497238448fd2117f7b1a2292a84497db8fdfb81127e555,u_to_m,16,3,1,327,0.638671875,seed1_l3_tc_k16_s0,512,P8,READ,0,test_changed_memory|single,tc,185
0,bb505254dfde1587e2497238448fd2117f7b1a2292a84497db8fdfb81127e555,u_to_m,16,3,1,80,0.15625,seed1_l3_tc_k16_s0,512,P8,READ,0,test_changed_memory|up_to_four,tc,432
0,bb505254dfde1587e2497238448fd2117f7b1a2292a84497db8fdfb81127e555,u_to_m,16,3,1,334,0.65234375,seed1_l3_tc_k16_s0,512,P8,READ,0,test_changed_composition|single,tc,178
0,bb505254dfde1587e2497238448fd2117f7b1a2292a84497db8fdfb81127e555,u_to_m,16,3,1,342,0.66796875,seed1_l3_tc_k16_s0,512,P8,READ,0,test_changed_composition|up_to_four,tc,170
0,bb505254dfde1587e2497238448fd2117f7b1a2292a84497db8fdfb81127e555,u_to_m,16,3,1,491,0.958984375,seed1_l3_tc_k16_s0,512,P8,READ,0,test_unchanged_memory|single,tc,21
0,bb505254dfde1587e2497238448fd2117f7b1a2292a84497db8fdfb81127e555,u_to_m,16,3,1,483,0.943359375,seed1_l3_tc_k16_s0,512,P8,READ,0,test_unchanged_memory|up_to_four,tc,29
0,bb505254dfde1587e2497238448fd2117f7b1a2292a84497db8fdfb81127e555,u_to_m,16,3,1,498,0.97265625,seed1_l3_tc_k16_s0,512,P8,READ,0,test_unchanged_composition|single,tc,14
0,bb505254dfde1587e2497238448fd2117f7b1a2292a84497db8fdfb81127e555,u_to_m,16,3,1,485,0.947265625,seed1_l3_tc_k16_s0,512,P8,READ,0,test_unchanged_composition|up_to_four,tc,27
0,bb505254dfde1587e2497238448fd2117f7b1a2292a84497db8fdfb81127e555,u_to_m,4,7,1,139,0.271484375,seed1_l7_tc_k4_s0,512,P8,READ,0,test_changed_memory|single,tc,373
0,bb505254dfde1587e2497238448fd2117f7b1a2292a84497db8fdfb81127e555,u_to_m,4,7,1,66,0.12890625,seed1_l7_tc_k4_s0,512,P8,READ,0,test_changed_memory|up_to_four,tc,446
0,bb505254dfde1587e2497238448fd2117f7b1a2292a84497db8fdfb81127e555,u_to_m,4,7,1,260,0.5078125,seed1_l7_tc_k4_s0,512,P8,READ,0,test_changed_composition|single,tc,252
0,bb505254dfde1587e2497238448fd2117f7b1a2292a84497db8fdfb81127e555,u_to_m,4,7,1,247,0.482421875,seed1_l7_tc_k4_s0,512,P8,READ,0,test_changed_composition|up_to_four,tc,265
0,bb505254dfde1587e2497238448fd2117f7b1a2292a84497db8fdfb81127e555,u_to_m,4,7,1,396,0.7734375,seed1_l7_tc_k4_s0,512,P8,READ,0,test_unchanged_memory|single,tc,116
0,bb505254dfde1587e2497238448fd2117f7b1a2292a84497db8fdfb81127e555,u_to_m,4,7,1,309,0.603515625,seed1_l7_tc_k4_s0,512,P8,READ,0,test_unchanged_memory|up_to_four,tc,203
0,bb505254dfde1587e2497238448fd2117f7b1a2292a84497db8fdfb81127e555,u_to_m,4,7,1,423,0.826171875,seed1_l7_tc_k4_s0,512,P8,READ,0,test_unchanged_composition|single,tc,89
0,bb505254dfde1587e2497238448fd2117f7b1a2292a84497db8fdfb81127e555,u_to_m,4,7,1,317,0.619140625,seed1_l7_tc_k4_s0,512,P8,READ,0,test_unchanged_composition|up_to_four,tc,195
0,bb505254dfde1587e2497238448fd2117f7b1a2292a84497db8fdfb81127e555,u_to_m,16,7,1,177,0.345703125,seed1_l7_tc_k16_s0,512,P8,READ,0,test_changed_memory|single,tc,335
0,bb505254dfde1587e2497238448fd2117f7b1a2292a84497db8fdfb81127e555,u_to_m,16,7,1,78,0.15234375,seed1_l7_tc_k16_s0,512,P8,READ,0,test_changed_memory|up_to_four,tc,434
0,bb505254dfde1587e2497238448fd2117f7b1a2292a84497db8fdfb81127e555,u_to_m,16,7,1,368,0.71875,seed1_l7_tc_k16_s0,512,P8,READ,0,test_changed_composition|single,tc,144
0,bb505254dfde1587e2497238448fd2117f7b1a2292a84497db8fdfb81127e555,u_to_m,16,7,1,320,0.625,seed1_l7_tc_k16_s0,512,P8,READ,0,test_changed_composition|up_to_four,tc,192
0,bb505254dfde1587e2497238448fd2117f7b1a2292a84497db8fdfb81127e555,u_to_m,16,7,1,499,0.974609375,seed1_l7_tc_k16_s0,512,P8,READ,0,test_unchanged_memory|single,tc,13
0,bb505254dfde1587e2497238448fd2117f7b1a2292a84497db8fdfb81127e555,u_to_m,16,7,1,486,0.94921875,seed1_l7_tc_k16_s0,512,P8,READ,0,test_unchanged_memory|up_to_four,tc,26
0,bb505254dfde1587e2497238448fd2117f7b1a2292a84497db8fdfb81127e555,u_to_m,16,7,1,498,0.97265625,seed1_l7_tc_k16_s0,512,P8,READ,0,test_unchanged_composition|single,tc,14
0,bb505254dfde1587e2497238448fd2117f7b1a2292a84497db8fdfb81127e555,u_to_m,16,7,1,492,0.9609375,seed1_l7_tc_k16_s0,512,P8,READ,0,test_unchanged_composition|up_to_four,tc,20
0,bb505254dfde1587e2497238448fd2117f7b1a2292a84497db8fdfb81127e555,u_to_m,4,11,1,227,0.443359375,seed1_l11_tc_k4_s0,512,P8,READ,0,test_changed_memory|single,tc,285
0,bb505254dfde1587e2497238448fd2117f7b1a2292a84497db8fdfb81127e555,u_to_m,4,11,1,28,0.0546875,seed1_l11_tc_k4_s0,512,P8,READ,0,test_changed_memory|up_to_four,tc,484
0,bb505254dfde1587e2497238448fd2117f7b1a2292a84497db8fdfb81127e555,u_to_m,4,11,1,292,0.5703125,seed1_l11_tc_k4_s0,512,P8,READ,0,test_changed_composition|single,tc,220
0,bb505254dfde1587e2497238448fd2117f7b1a2292a84497db8fdfb81127e555,u_to_m,4,11,1,135,0.263671875,seed1_l11_tc_k4_s0,512,P8,READ,0,test_changed_composition|up_to_four,tc,377
0,bb505254dfde1587e2497238448fd2117f7b1a2292a84497db8fdfb81127e555,u_to_m,4,11,1,394,0.76953125,seed1_l11_tc_k4_s0,512,P8,READ,0,test_unchanged_memory|single,tc,118
0,bb505254dfde1587e2497238448fd2117f7b1a2292a84497db8fdfb81127e555,u_to_m,4,11,1,314,0.61328125,seed1_l11_tc_k4_s0,512,P8,READ,0,test_unchanged_memory|up_to_four,tc,198
0,bb505254dfde1587e2497238448fd2117f7b1a2292a84497db8fdfb81127e555,u_to_m,4,11,1,382,0.74609375,seed1_l11_tc_k4_s0,512,P8,READ,0,test_unchanged_composition|single,tc,130
0,bb505254dfde1587e2497238448fd2117f7b1a2292a84497db8fdfb81127e555,u_to_m,4,11,1,315,0.615234375,seed1_l11_tc_k4_s0,512,P8,READ,0,test_unchanged_composition|up_to_four,tc,197
0,bb505254dfde1587e2497238448fd2117f7b1a2292a84497db8fdfb81127e555,u_to_m,16,11,1,313,0.611328125,seed1_l11_tc_k16_s0,512,P8,READ,0,test_changed_memory|single,tc,199
0,bb505254dfde1587e2497238448fd2117f7b1a2292a84497db8fdfb81127e555,u_to_m,16,11,1,140,0.2734375,seed1_l11_tc_k16_s0,512,P8,READ,0,test_changed_memory|up_to_four,tc,372
0,bb505254dfde1587e2497238448fd2117f7b1a2292a84497db8fdfb81127e555,u_to_m,16,11,1,328,0.640625,seed1_l11_tc_k16_s0,512,P8,READ,0,test_changed_composition|single,tc,184
0,bb505254dfde1587e2497238448fd2117f7b1a2292a84497db8fdfb81127e555,u_to_m,16,11,1,160,0.3125,seed1_l11_tc_k16_s0,512,P8,READ,0,test_changed_composition|up_to_four,tc,352
0,bb505254dfde1587e2497238448fd2117f7b1a2292a84497db8fdfb81127e555,u_to_m,16,11,1,493,0.962890625,seed1_l11_tc_k16_s0,512,P8,READ,0,test_unchanged_memory|single,tc,19
0,bb505254dfde1587e2497238448fd2117f7b1a2292a84497db8fdfb81127e555,u_to_m,16,11,1,462,0.90234375,seed1_l11_tc_k16_s0,512,P8,READ,0,test_unchanged_memory|up_to_four,tc,50
0,bb505254dfde1587e2497238448fd2117f7b1a2292a84497db8fdfb81127e555,u_to_m,16,11,1,487,0.951171875,seed1_l11_tc_k16_s0,512,P8,READ,0,test_unchanged_composition|single,tc,25
0,bb505254dfde1587e2497238448fd2117f7b1a2292a84497db8fdfb81127e555,u_to_m,16,11,1,453,0.884765625,seed1_l11_tc_k16_s0,512,P8,READ,0,test_unchanged_composition|up_to_four,tc,59
0,f9f496b5b5d55bed9f0efc1f3694f91486a1cae97c14af6091f8fe91ec235ec4,u_to_m,4,0,2,436,0.8515625,seed2_l0_tc_k4_s0,512,P8,READ,0,test_changed_memory|single,tc,76
0,f9f496b5b5d55bed9f0efc1f3694f91486a1cae97c14af6091f8fe91ec235ec4,u_to_m,4,0,2,412,0.8046875,seed2_l0_tc_k4_s0,512,P8,READ,0,test_changed_memory|up_to_four,tc,100
0,f9f496b5b5d55bed9f0efc1f3694f91486a1cae97c14af6091f8fe91ec235ec4,u_to_m,4,0,2,483,0.943359375,seed2_l0_tc_k4_s0,512,P8,READ,0,test_changed_composition|single,tc,29
0,f9f496b5b5d55bed9f0efc1f3694f91486a1cae97c14af6091f8fe91ec235ec4,u_to_m,4,0,2,484,0.9453125,seed2_l0_tc_k4_s0,512,P8,READ,0,test_changed_composition|up_to_four,tc,28
0,f9f496b5b5d55bed9f0efc1f3694f91486a1cae97c14af6091f8fe91ec235ec4,u_to_m,4,0,2,467,0.912109375,seed2_l0_tc_k4_s0,512,P8,READ,0,test_unchanged_memory|single,tc,45
0,f9f496b5b5d55bed9f0efc1f3694f91486a1cae97c14af6091f8fe91ec235ec4,u_to_m,4,0,2,469,0.916015625,seed2_l0_tc_k4_s0,512,P8,READ,0,test_unchanged_memory|up_to_four,tc,43
0,f9f496b5b5d55bed9f0efc1f3694f91486a1cae97c14af6091f8fe91ec235ec4,u_to_m,4,0,2,481,0.939453125,seed2_l0_tc_k4_s0,512,P8,READ,0,test_unchanged_composition|single,tc,31
0,f9f496b5b5d55bed9f0efc1f3694f91486a1cae97c14af6091f8fe91ec235ec4,u_to_m,4,0,2,493,0.962890625,seed2_l0_tc_k4_s0,512,P8,READ,0,test_unchanged_composition|up_to_four,tc,19
0,f9f496b5b5d55bed9f0efc1f3694f91486a1cae97c14af6091f8fe91ec235ec4,u_to_m,16,0,2,423,0.826171875,seed2_l0_tc_k16_s0,512,P8,READ,0,test_changed_memory|single,tc,89
0,f9f496b5b5d55bed9f0efc1f3694f91486a1cae97c14af6091f8fe91ec235ec4,u_to_m,16,0,2,475,0.927734375,seed2_l0_tc_k16_s0,512,P8,READ,0,test_changed_memory|up_to_four,tc,37
0,f9f496b5b5d55bed9f0efc1f3694f91486a1cae97c14af6091f8fe91ec235ec4,u_to_m,16,0,2,500,0.9765625,seed2_l0_tc_k16_s0,512,P8,READ,0,test_changed_composition|single,tc,12
0,f9f496b5b5d55bed9f0efc1f3694f91486a1cae97c14af6091f8fe91ec235ec4,u_to_m,16,0,2,482,0.94140625,seed2_l0_tc_k16_s0,512,P8,READ,0,test_changed_composition|up_to_four,tc,30
0,f9f496b5b5d55bed9f0efc1f3694f91486a1cae97c14af6091f8fe91ec235ec4,u_to_m,16,0,2,493,0.962890625,seed2_l0_tc_k16_s0,512,P8,READ,0,test_unchanged_memory|single,tc,19
0,f9f496b5b5d55bed9f0efc1f3694f91486a1cae97c14af6091f8fe91ec235ec4,u_to_m,16,0,2,483,0.943359375,seed2_l0_tc_k16_s0,512,P8,READ,0,test_unchanged_memory|up_to_four,tc,29
0,f9f496b5b5d55bed9f0efc1f3694f91486a1cae97c14af6091f8fe91ec235ec4,u_to_m,16,0,2,506,0.98828125,seed2_l0_tc_k16_s0,512,P8,READ,0,test_unchanged_composition|single,tc,6
0,f9f496b5b5d55bed9f0efc1f3694f91486a1cae97c14af6091f8fe91ec235ec4,u_to_m,16,0,2,488,0.953125,seed2_l0_tc_k16_s0,512,P8,READ,0,test_unchanged_composition|up_to_four,tc,24
0,f9f496b5b5d55bed9f0efc1f3694f91486a1cae97c14af6091f8fe91ec235ec4,u_to_m,4,3,2,191,0.373046875,seed2_l3_tc_k4_s0,512,P8,READ,0,test_changed_memory|single,tc,321
0,f9f496b5b5d55bed9f0efc1f3694f91486a1cae97c14af6091f8fe91ec235ec4,u_to_m,4,3,2,87,0.169921875,seed2_l3_tc_k4_s0,512,P8,READ,0,test_changed_memory|up_to_four,tc,425
0,f9f496b5b5d55bed9f0efc1f3694f91486a1cae97c14af6091f8fe91ec235ec4,u_to_m,4,3,2,469,0.916015625,seed2_l3_tc_k4_s0,512,P8,READ,0,test_changed_composition|single,tc,43
0,f9f496b5b5d55bed9f0efc1f3694f91486a1cae97c14af6091f8fe91ec235ec4,u_to_m,4,3,2,368,0.71875,seed2_l3_tc_k4_s0,512,P8,READ,0,test_changed_composition|up_to_four,tc,144
0,f9f496b5b5d55bed9f0efc1f3694f91486a1cae97c14af6091f8fe91ec235ec4,u_to_m,4,3,2,403,0.787109375,seed2_l3_tc_k4_s0,512,P8,READ,0,test_unchanged_memory|single,tc,109
0,f9f496b5b5d55bed9f0efc1f3694f91486a1cae97c14af6091f8fe91ec235ec4,u_to_m,4,3,2,303,0.591796875,seed2_l3_tc_k4_s0,512,P8,READ,0,test_unchanged_memory|up_to_four,tc,209
0,f9f496b5b5d55bed9f0efc1f3694f91486a1cae97c14af6091f8fe91ec235ec4,u_to_m,4,3,2,423,0.826171875,seed2_l3_tc_k4_s0,512,P8,READ,0,test_unchanged_composition|single,tc,89
0,f9f496b5b5d55bed9f0efc1f3694f91486a1cae97c14af6091f8fe91ec235ec4,u_to_m,4,3,2,373,0.728515625,seed2_l3_tc_k4_s0,512,P8,READ,0,test_unchanged_composition|up_to_four,tc,139
0,f9f496b5b5d55bed9f0efc1f3694f91486a1cae97c14af6091f8fe91ec235ec4,u_to_m,16,3,2,425,0.830078125,seed2_l3_tc_k16_s0,512,P8,READ,0,test_changed_memory|single,tc,87
0,f9f496b5b5d55bed9f0efc1f3694f91486a1cae97c14af6091f8fe91ec235ec4,u_to_m,16,3,2,91,0.177734375,seed2_l3_tc_k16_s0,512,P8,READ,0,test_changed_memory|up_to_four,tc,421
0,f9f496b5b5d55bed9f0efc1f3694f91486a1cae97c14af6091f8fe91ec235ec4,u_to_m,16,3,2,321,0.626953125,seed2_l3_tc_k16_s0,512,P8,READ,0,test_changed_composition|single,tc,191
0,f9f496b5b5d55bed9f0efc1f3694f91486a1cae97c14af6091f8fe91ec235ec4,u_to_m,16,3,2,423,0.826171875,seed2_l3_tc_k16_s0,512,P8,READ,0,test_changed_composition|up_to_four,tc,89
0,f9f496b5b5d55bed9f0efc1f3694f91486a1cae97c14af6091f8fe91ec235ec4,u_to_m,16,3,2,447,0.873046875,seed2_l3_tc_k16_s0,512,P8,READ,0,test_unchanged_memory|single,tc,65
0,f9f496b5b5d55bed9f0efc1f3694f91486a1cae97c14af6091f8fe91ec235ec4,u_to_m,16,3,2,391,0.763671875,seed2_l3_tc_k16_s0,512,P8,READ,0,test_unchanged_memory|up_to_four,tc,121
0,f9f496b5b5d55bed9f0efc1f3694f91486a1cae97c14af6091f8fe91ec235ec4,u_to_m,16,3,2,457,0.892578125,seed2_l3_tc_k16_s0,512,P8,READ,0,test_unchanged_composition|single,tc,55
0,f9f496b5b5d55bed9f0efc1f3694f91486a1cae97c14af6091f8fe91ec235ec4,u_to_m,16,3,2,399,0.779296875,seed2_l3_tc_k16_s0,512,P8,READ,0,test_unchanged_composition|up_to_four,tc,113
0,f9f496b5b5d55bed9f0efc1f3694f91486a1cae97c14af6091f8fe91ec235ec4,u_to_m,4,7,2,89,0.173828125,seed2_l7_tc_k4_s0,512,P8,READ,0,test_changed_memory|single,tc,423
0,f9f496b5b5d55bed9f0efc1f3694f91486a1cae97c14af6091f8fe91ec235ec4,u_to_m,4,7,2,34,0.06640625,seed2_l7_tc_k4_s0,512,P8,READ,0,test_changed_memory|up_to_four,tc,478
0,f9f496b5b5d55bed9f0efc1f3694f91486a1cae97c14af6091f8fe91ec235ec4,u_to_m,4,7,2,160,0.3125,seed2_l7_tc_k4_s0,512,P8,READ,0,test_changed_composition|single,tc,352
0,f9f496b5b5d55bed9f0efc1f3694f91486a1cae97c14af6091f8fe91ec235ec4,u_to_m,4,7,2,159,0.310546875,seed2_l7_tc_k4_s0,512,P8,READ,0,test_changed_composition|up_to_four,tc,353
0,f9f496b5b5d55bed9f0efc1f3694f91486a1cae97c14af6091f8fe91ec235ec4,u_to_m,4,7,2,383,0.748046875,seed2_l7_tc_k4_s0,512,P8,READ,0,test_unchanged_memory|single,tc,129
0,f9f496b5b5d55bed9f0efc1f3694f91486a1cae97c14af6091f8fe91ec235ec4,u_to_m,4,7,2,277,0.541015625,seed2_l7_tc_k4_s0,512,P8,READ,0,test_unchanged_memory|up_to_four,tc,235
0,f9f496b5b5d55bed9f0efc1f3694f91486a1cae97c14af6091f8fe91ec235ec4,u_to_m,4,7,2,364,0.7109375,seed2_l7_tc_k4_s0,512,P8,READ,0,test_unchanged_composition|single,tc,148
0,f9f496b5b5d55bed9f0efc1f3694f91486a1cae97c14af6091f8fe91ec235ec4,u_to_m,4,7,2,301,0.587890625,seed2_l7_tc_k4_s0,512,P8,READ,0,test_unchanged_composition|up_to_four,tc,211
0,f9f496b5b5d55bed9f0efc1f3694f91486a1cae97c14af6091f8fe91ec235ec4,u_to_m,16,7,2,298,0.58203125,seed2_l7_tc_k16_s0,512,P8,READ,0,test_changed_memory|single,tc,214
0,f9f496b5b5d55bed9f0efc1f3694f91486a1cae97c14af6091f8fe91ec235ec4,u_to_m,16,7,2,5,0.009765625,seed2_l7_tc_k16_s0,512,P8,READ,0,test_changed_memory|up_to_four,tc,507
0,f9f496b5b5d55bed9f0efc1f3694f91486a1cae97c14af6091f8fe91ec235ec4,u_to_m,16,7,2,199,0.388671875,seed2_l7_tc_k16_s0,512,P8,READ,0,test_changed_composition|single,tc,313
0,f9f496b5b5d55bed9f0efc1f3694f91486a1cae97c14af6091f8fe91ec235ec4,u_to_m,16,7,2,61,0.119140625,seed2_l7_tc_k16_s0,512,P8,READ,0,test_changed_composition|up_to_four,tc,451
0,f9f496b5b5d55bed9f0efc1f3694f91486a1cae97c14af6091f8fe91ec235ec4,u_to_m,16,7,2,493,0.962890625,seed2_l7_tc_k16_s0,512,P8,READ,0,test_unchanged_memory|single,tc,19
0,f9f496b5b5d55bed9f0efc1f3694f91486a1cae97c14af6091f8fe91ec235ec4,u_to_m,16,7,2,449,0.876953125,seed2_l7_tc_k16_s0,512,P8,READ,0,test_unchanged_memory|up_to_four,tc,63
0,f9f496b5b5d55bed9f0efc1f3694f91486a1cae97c14af6091f8fe91ec235ec4,u_to_m,16,7,2,491,0.958984375,seed2_l7_tc_k16_s0,512,P8,READ,0,test_unchanged_composition|single,tc,21
0,f9f496b5b5d55bed9f0efc1f3694f91486a1cae97c14af6091f8fe91ec235ec4,u_to_m,16,7,2,469,0.916015625,seed2_l7_tc_k16_s0,512,P8,READ,0,test_unchanged_composition|up_to_four,tc,43
0,f9f496b5b5d55bed9f0efc1f3694f91486a1cae97c14af6091f8fe91ec235ec4,u_to_m,4,11,2,139,0.271484375,seed2_l11_tc_k4_s0,512,P8,READ,0,test_changed_memory|single,tc,373
0,f9f496b5b5d55bed9f0efc1f3694f91486a1cae97c14af6091f8fe91ec235ec4,u_to_m,4,11,2,32,0.0625,seed2_l11_tc_k4_s0,512,P8,READ,0,test_changed_memory|up_to_four,tc,480
0,f9f496b5b5d55bed9f0efc1f3694f91486a1cae97c14af6091f8fe91ec235ec4,u_to_m,4,11,2,117,0.228515625,seed2_l11_tc_k4_s0,512,P8,READ,0,test_changed_composition|single,tc,395
0,f9f496b5b5d55bed9f0efc1f3694f91486a1cae97c14af6091f8fe91ec235ec4,u_to_m,4,11,2,163,0.318359375,seed2_l11_tc_k4_s0,512,P8,READ,0,test_changed_composition|up_to_four,tc,349
0,f9f496b5b5d55bed9f0efc1f3694f91486a1cae97c14af6091f8fe91ec235ec4,u_to_m,4,11,2,385,0.751953125,seed2_l11_tc_k4_s0,512,P8,READ,0,test_unchanged_memory|single,tc,127
0,f9f496b5b5d55bed9f0efc1f3694f91486a1cae97c14af6091f8fe91ec235ec4,u_to_m,4,11,2,342,0.66796875,seed2_l11_tc_k4_s0,512,P8,READ,0,test_unchanged_memory|up_to_four,tc,170
0,f9f496b5b5d55bed9f0efc1f3694f91486a1cae97c14af6091f8fe91ec235ec4,u_to_m,4,11,2,372,0.7265625,seed2_l11_tc_k4_s0,512,P8,READ,0,test_unchanged_composition|single,tc,140
0,f9f496b5b5d55bed9f0efc1f3694f91486a1cae97c14af6091f8fe91ec235ec4,u_to_m,4,11,2,345,0.673828125,seed2_l11_tc_k4_s0,512,P8,READ,0,test_unchanged_composition|up_to_four,tc,167
0,f9f496b5b5d55bed9f0efc1f3694f91486a1cae97c14af6091f8fe91ec235ec4,u_to_m,16,11,2,95,0.185546875,seed2_l11_tc_k16_s0,512,P8,READ,0,test_changed_memory|single,tc,417
0,f9f496b5b5d55bed9f0efc1f3694f91486a1cae97c14af6091f8fe91ec235ec4,u_to_m,16,11,2,43,0.083984375,seed2_l11_tc_k16_s0,512,P8,READ,0,test_changed_memory|up_to_four,tc,469
0,f9f496b5b5d55bed9f0efc1f3694f91486a1cae97c14af6091f8fe91ec235ec4,u_to_m,16,11,2,244,0.4765625,seed2_l11_tc_k16_s0,512,P8,READ,0,test_changed_composition|single,tc,268
0,f9f496b5b5d55bed9f0efc1f3694f91486a1cae97c14af6091f8fe91ec235ec4,u_to_m,16,11,2,203,0.396484375,seed2_l11_tc_k16_s0,512,P8,READ,0,test_changed_composition|up_to_four,tc,309
0,f9f496b5b5d55bed9f0efc1f3694f91486a1cae97c14af6091f8fe91ec235ec4,u_to_m,16,11,2,505,0.986328125,seed2_l11_tc_k16_s0,512,P8,READ,0,test_unchanged_memory|single,tc,7
0,f9f496b5b5d55bed9f0efc1f3694f91486a1cae97c14af6091f8fe91ec235ec4,u_to_m,16,11,2,495,0.966796875,seed2_l11_tc_k16_s0,512,P8,READ,0,test_unchanged_memory|up_to_four,tc,17
0,f9f496b5b5d55bed9f0efc1f3694f91486a1cae97c14af6091f8fe91ec235ec4,u_to_m,16,11,2,500,0.9765625,seed2_l11_tc_k16_s0,512,P8,READ,0,test_unchanged_composition|single,tc,12
0,f9f496b5b5d55bed9f0efc1f3694f91486a1cae97c14af6091f8fe91ec235ec4,u_to_m,16,11,2,492,0.9609375,seed2_l11_tc_k16_s0,512,P8,READ,0,test_unchanged_composition|up_to_four,tc,20
0,76d86f1a83bde7f8f6389684cd2a3913c923e21ccfbe42e40d3255385a9982b1,h,4,0,0,511,0.998046875,seed0_l0_sae_k4_s1,512,P9,READ,1,test_changed_memory|single,sae,1
0,76d86f1a83bde7f8f6389684cd2a3913c923e21ccfbe42e40d3255385a9982b1,h,4,0,0,442,0.86328125,seed0_l0_sae_k4_s1,512,P9,READ,1,test_changed_memory|up_to_four,sae,70
0,76d86f1a83bde7f8f6389684cd2a3913c923e21ccfbe42e40d3255385a9982b1,h,4,0,0,509,0.994140625,seed0_l0_sae_k4_s1,512,P9,READ,1,test_changed_composition|single,sae,3
0,76d86f1a83bde7f8f6389684cd2a3913c923e21ccfbe42e40d3255385a9982b1,h,4,0,0,447,0.873046875,seed0_l0_sae_k4_s1,512,P9,READ,1,test_changed_composition|up_to_four,sae,65
0,76d86f1a83bde7f8f6389684cd2a3913c923e21ccfbe42e40d3255385a9982b1,h,4,0,0,504,0.984375,seed0_l0_sae_k4_s1,512,P9,READ,1,test_unchanged_memory|single,sae,8
0,76d86f1a83bde7f8f6389684cd2a3913c923e21ccfbe42e40d3255385a9982b1,h,4,0,0,441,0.861328125,seed0_l0_sae_k4_s1,512,P9,READ,1,test_unchanged_memory|up_to_four,sae,71
0,76d86f1a83bde7f8f6389684cd2a3913c923e21ccfbe42e40d3255385a9982b1,h,4,0,0,511,0.998046875,seed0_l0_sae_k4_s1,512,P9,READ,1,test_unchanged_composition|single,sae,1
0,76d86f1a83bde7f8f6389684cd2a3913c923e21ccfbe42e40d3255385a9982b1,h,4,0,0,471,0.919921875,seed0_l0_sae_k4_s1,512,P9,READ,1,test_unchanged_composition|up_to_four,sae,41
0,76d86f1a83bde7f8f6389684cd2a3913c923e21ccfbe42e40d3255385a9982b1,h,16,0,0,286,0.55859375,seed0_l0_sae_k16_s1,512,P9,READ,1,test_changed_memory|single,sae,226
0,76d86f1a83bde7f8f6389684cd2a3913c923e21ccfbe42e40d3255385a9982b1,h,16,0,0,174,0.33984375,seed0_l0_sae_k16_s1,512,P9,READ,1,test_changed_memory|up_to_four,sae,338
0,76d86f1a83bde7f8f6389684cd2a3913c923e21ccfbe42e40d3255385a9982b1,h,16,0,0,313,0.611328125,seed0_l0_sae_k16_s1,512,P9,READ,1,test_changed_composition|single,sae,199
0,76d86f1a83bde7f8f6389684cd2a3913c923e21ccfbe42e40d3255385a9982b1,h,16,0,0,202,0.39453125,seed0_l0_sae_k16_s1,512,P9,READ,1,test_changed_composition|up_to_four,sae,310
0,76d86f1a83bde7f8f6389684cd2a3913c923e21ccfbe42e40d3255385a9982b1,h,16,0,0,307,0.599609375,seed0_l0_sae_k16_s1,512,P9,READ,1,test_unchanged_memory|single,sae,205
0,76d86f1a83bde7f8f6389684cd2a3913c923e21ccfbe42e40d3255385a9982b1,h,16,0,0,191,0.373046875,seed0_l0_sae_k16_s1,512,P9,READ,1,test_unchanged_memory|up_to_four,sae,321
0,76d86f1a83bde7f8f6389684cd2a3913c923e21ccfbe42e40d3255385a9982b1,h,16,0,0,404,0.7890625,seed0_l0_sae_k16_s1,512,P9,READ,1,test_unchanged_composition|single,sae,108
0,76d86f1a83bde7f8f6389684cd2a3913c923e21ccfbe42e40d3255385a9982b1,h,16,0,0,313,0.611328125,seed0_l0_sae_k16_s1,512,P9,READ,1,test_unchanged_composition|up_to_four,sae,199
0,76d86f1a83bde7f8f6389684cd2a3913c923e21ccfbe42e40d3255385a9982b1,h,4,3,0,407,0.794921875,seed0_l3_sae_k4_s1,512,P9,READ,1,test_changed_memory|single,sae,105
0,76d86f1a83bde7f8f6389684cd2a3913c923e21ccfbe42e40d3255385a9982b1,h,4,3,0,312,0.609375,seed0_l3_sae_k4_s1,512,P9,READ,1,test_changed_memory|up_to_four,sae,200
0,76d86f1a83bde7f8f6389684cd2a3913c923e21ccfbe42e40d3255385a9982b1,h,4,3,0,509,0.994140625,seed0_l3_sae_k4_s1,512,P9,READ,1,test_changed_composition|single,sae,3
0,76d86f1a83bde7f8f6389684cd2a3913c923e21ccfbe42e40d3255385a9982b1,h,4,3,0,471,0.919921875,seed0_l3_sae_k4_s1,512,P9,READ,1,test_changed_composition|up_to_four,sae,41
0,76d86f1a83bde7f8f6389684cd2a3913c923e21ccfbe42e40d3255385a9982b1,h,4,3,0,468,0.9140625,seed0_l3_sae_k4_s1,512,P9,READ,1,test_unchanged_memory|single,sae,44
0,76d86f1a83bde7f8f6389684cd2a3913c923e21ccfbe42e40d3255385a9982b1,h,4,3,0,440,0.859375,seed0_l3_sae_k4_s1,512,P9,READ,1,test_unchanged_memory|up_to_four,sae,72
0,76d86f1a83bde7f8f6389684cd2a3913c923e21ccfbe42e40d3255385a9982b1,h,4,3,0,478,0.93359375,seed0_l3_sae_k4_s1,512,P9,READ,1,test_unchanged_composition|single,sae,34
0,76d86f1a83bde7f8f6389684cd2a3913c923e21ccfbe42e40d3255385a9982b1,h,4,3,0,470,0.91796875,seed0_l3_sae_k4_s1,512,P9,READ,1,test_unchanged_composition|up_to_four,sae,42
0,76d86f1a83bde7f8f6389684cd2a3913c923e21ccfbe42e40d3255385a9982b1,h,16,3,0,224,0.4375,seed0_l3_sae_k16_s1,512,P9,READ,1,test_changed_memory|single,sae,288
0,76d86f1a83bde7f8f6389684cd2a3913c923e21ccfbe42e40d3255385a9982b1,h,16,3,0,229,0.447265625,seed0_l3_sae_k16_s1,512,P9,READ,1,test_changed_memory|up_to_four,sae,283
0,76d86f1a83bde7f8f6389684cd2a3913c923e21ccfbe42e40d3255385a9982b1,h,16,3,0,509,0.994140625,seed0_l3_sae_k16_s1,512,P9,READ,1,test_changed_composition|single,sae,3
0,76d86f1a83bde7f8f6389684cd2a3913c923e21ccfbe42e40d3255385a9982b1,h,16,3,0,440,0.859375,seed0_l3_sae_k16_s1,512,P9,READ,1,test_changed_composition|up_to_four,sae,72
0,76d86f1a83bde7f8f6389684cd2a3913c923e21ccfbe42e40d3255385a9982b1,h,16,3,0,497,0.970703125,seed0_l3_sae_k16_s1,512,P9,READ,1,test_unchanged_memory|single,sae,15
0,76d86f1a83bde7f8f6389684cd2a3913c923e21ccfbe42e40d3255385a9982b1,h,16,3,0,474,0.92578125,seed0_l3_sae_k16_s1,512,P9,READ,1,test_unchanged_memory|up_to_four,sae,38
0,76d86f1a83bde7f8f6389684cd2a3913c923e21ccfbe42e40d3255385a9982b1,h,16,3,0,497,0.970703125,seed0_l3_sae_k16_s1,512,P9,READ,1,test_unchanged_composition|single,sae,15
0,76d86f1a83bde7f8f6389684cd2a3913c923e21ccfbe42e40d3255385a9982b1,h,16,3,0,464,0.90625,seed0_l3_sae_k16_s1,512,P9,READ,1,test_unchanged_composition|up_to_four,sae,48
0,76d86f1a83bde7f8f6389684cd2a3913c923e21ccfbe42e40d3255385a9982b1,h,4,7,0,210,0.41015625,seed0_l7_sae_k4_s1,512,P9,READ,1,test_changed_memory|single,sae,302
0,76d86f1a83bde7f8f6389684cd2a3913c923e21ccfbe42e40d3255385a9982b1,h,4,7,0,315,0.615234375,seed0_l7_sae_k4_s1,512,P9,READ,1,test_changed_memory|up_to_four,sae,197
0,76d86f1a83bde7f8f6389684cd2a3913c923e21ccfbe42e40d3255385a9982b1,h,4,7,0,502,0.98046875,seed0_l7_sae_k4_s1,512,P9,READ,1,test_changed_composition|single,sae,10
0,76d86f1a83bde7f8f6389684cd2a3913c923e21ccfbe42e40d3255385a9982b1,h,4,7,0,400,0.78125,seed0_l7_sae_k4_s1,512,P9,READ,1,test_changed_composition|up_to_four,sae,112
0,76d86f1a83bde7f8f6389684cd2a3913c923e21ccfbe42e40d3255385a9982b1,h,4,7,0,442,0.86328125,seed0_l7_sae_k4_s1,512,P9,READ,1,test_unchanged_memory|single,sae,70
0,76d86f1a83bde7f8f6389684cd2a3913c923e21ccfbe42e40d3255385a9982b1,h,4,7,0,412,0.8046875,seed0_l7_sae_k4_s1,512,P9,READ,1,test_unchanged_memory|up_to_four,sae,100
0,76d86f1a83bde7f8f6389684cd2a3913c923e21ccfbe42e40d3255385a9982b1,h,4,7,0,450,0.87890625,seed0_l7_sae_k4_s1,512,P9,READ,1,test_unchanged_composition|single,sae,62
0,76d86f1a83bde7f8f6389684cd2a3913c923e21ccfbe42e40d3255385a9982b1,h,4,7,0,413,0.806640625,seed0_l7_sae_k4_s1,512,P9,READ,1,test_unchanged_composition|up_to_four,sae,99
0,76d86f1a83bde7f8f6389684cd2a3913c923e21ccfbe42e40d3255385a9982b1,h,16,7,0,247,0.482421875,seed0_l7_sae_k16_s1,512,P9,READ,1,test_changed_memory|single,sae,265
0,76d86f1a83bde7f8f6389684cd2a3913c923e21ccfbe42e40d3255385a9982b1,h,16,7,0,150,0.29296875,seed0_l7_sae_k16_s1,512,P9,READ,1,test_changed_memory|up_to_four,sae,362
0,76d86f1a83bde7f8f6389684cd2a3913c923e21ccfbe42e40d3255385a9982b1,h,16,7,0,143,0.279296875,seed0_l7_sae_k16_s1,512,P9,READ,1,test_changed_composition|single,sae,369
0,76d86f1a83bde7f8f6389684cd2a3913c923e21ccfbe42e40d3255385a9982b1,h,16,7,0,16,0.03125,seed0_l7_sae_k16_s1,512,P9,READ,1,test_changed_composition|up_to_four,sae,496
0,76d86f1a83bde7f8f6389684cd2a3913c923e21ccfbe42e40d3255385a9982b1,h,16,7,0,490,0.95703125,seed0_l7_sae_k16_s1,512,P9,READ,1,test_unchanged_memory|single,sae,22
0,76d86f1a83bde7f8f6389684cd2a3913c923e21ccfbe42e40d3255385a9982b1,h,16,7,0,428,0.8359375,seed0_l7_sae_k16_s1,512,P9,READ,1,test_unchanged_memory|up_to_four,sae,84
0,76d86f1a83bde7f8f6389684cd2a3913c923e21ccfbe42e40d3255385a9982b1,h,16,7,0,469,0.916015625,seed0_l7_sae_k16_s1,512,P9,READ,1,test_unchanged_composition|single,sae,43
0,76d86f1a83bde7f8f6389684cd2a3913c923e21ccfbe42e40d3255385a9982b1,h,16,7,0,410,0.80078125,seed0_l7_sae_k16_s1,512,P9,READ,1,test_unchanged_composition|up_to_four,sae,102
0,76d86f1a83bde7f8f6389684cd2a3913c923e21ccfbe42e40d3255385a9982b1,h,4,11,0,213,0.416015625,seed0_l11_sae_k4_s1,512,P9,READ,1,test_changed_memory|single,sae,299
0,76d86f1a83bde7f8f6389684cd2a3913c923e21ccfbe42e40d3255385a9982b1,h,4,11,0,140,0.2734375,seed0_l11_sae_k4_s1,512,P9,READ,1,test_changed_memory|up_to_four,sae,372
0,76d86f1a83bde7f8f6389684cd2a3913c923e21ccfbe42e40d3255385a9982b1,h,4,11,0,435,0.849609375,seed0_l11_sae_k4_s1,512,P9,READ,1,test_changed_composition|single,sae,77
0,76d86f1a83bde7f8f6389684cd2a3913c923e21ccfbe42e40d3255385a9982b1,h,4,11,0,328,0.640625,seed0_l11_sae_k4_s1,512,P9,READ,1,test_changed_composition|up_to_four,sae,184
0,76d86f1a83bde7f8f6389684cd2a3913c923e21ccfbe42e40d3255385a9982b1,h,4,11,0,426,0.83203125,seed0_l11_sae_k4_s1,512,P9,READ,1,test_unchanged_memory|single,sae,86
0,76d86f1a83bde7f8f6389684cd2a3913c923e21ccfbe42e40d3255385a9982b1,h,4,11,0,436,0.8515625,seed0_l11_sae_k4_s1,512,P9,READ,1,test_unchanged_memory|up_to_four,sae,76
0,76d86f1a83bde7f8f6389684cd2a3913c923e21ccfbe42e40d3255385a9982b1,h,4,11,0,416,0.8125,seed0_l11_sae_k4_s1,512,P9,READ,1,test_unchanged_composition|single,sae,96
0,76d86f1a83bde7f8f6389684cd2a3913c923e21ccfbe42e40d3255385a9982b1,h,4,11,0,444,0.8671875,seed0_l11_sae_k4_s1,512,P9,READ,1,test_unchanged_composition|up_to_four,sae,68
0,76d86f1a83bde7f8f6389684cd2a3913c923e21ccfbe42e40d3255385a9982b1,h,16,11,0,136,0.265625,seed0_l11_sae_k16_s1,512,P9,READ,1,test_changed_memory|single,sae,376
0,76d86f1a83bde7f8f6389684cd2a3913c923e21ccfbe42e40d3255385a9982b1,h,16,11,0,92,0.1796875,seed0_l11_sae_k16_s1,512,P9,READ,1,test_changed_memory|up_to_four,sae,420
0,76d86f1a83bde7f8f6389684cd2a3913c923e21ccfbe42e40d3255385a9982b1,h,16,11,0,329,0.642578125,seed0_l11_sae_k16_s1,512,P9,READ,1,test_changed_composition|single,sae,183
0,76d86f1a83bde7f8f6389684cd2a3913c923e21ccfbe42e40d3255385a9982b1,h,16,11,0,104,0.203125,seed0_l11_sae_k16_s1,512,P9,READ,1,test_changed_composition|up_to_four,sae,408
0,76d86f1a83bde7f8f6389684cd2a3913c923e21ccfbe42e40d3255385a9982b1,h,16,11,0,502,0.98046875,seed0_l11_sae_k16_s1,512,P9,READ,1,test_unchanged_memory|single,sae,10
0,76d86f1a83bde7f8f6389684cd2a3913c923e21ccfbe42e40d3255385a9982b1,h,16,11,0,471,0.919921875,seed0_l11_sae_k16_s1,512,P9,READ,1,test_unchanged_memory|up_to_four,sae,41
0,76d86f1a83bde7f8f6389684cd2a3913c923e21ccfbe42e40d3255385a9982b1,h,16,11,0,496,0.96875,seed0_l11_sae_k16_s1,512,P9,READ,1,test_unchanged_composition|single,sae,16
0,76d86f1a83bde7f8f6389684cd2a3913c923e21ccfbe42e40d3255385a9982b1,h,16,11,0,442,0.86328125,seed0_l11_sae_k16_s1,512,P9,READ,1,test_unchanged_composition|up_to_four,sae,70
0,76d86f1a83bde7f8f6389684cd2a3913c923e21ccfbe42e40d3255385a9982b1,u_to_m,4,0,0,422,0.82421875,seed0_l0_tc_k4_s1,512,P9,READ,1,test_changed_memory|single,tc,90
0,76d86f1a83bde7f8f6389684cd2a3913c923e21ccfbe42e40d3255385a9982b1,u_to_m,4,0,0,362,0.70703125,seed0_l0_tc_k4_s1,512,P9,READ,1,test_changed_memory|up_to_four,tc,150
0,76d86f1a83bde7f8f6389684cd2a3913c923e21ccfbe42e40d3255385a9982b1,u_to_m,4,0,0,444,0.8671875,seed0_l0_tc_k4_s1,512,P9,READ,1,test_changed_composition|single,tc,68
0,76d86f1a83bde7f8f6389684cd2a3913c923e21ccfbe42e40d3255385a9982b1,u_to_m,4,0,0,400,0.78125,seed0_l0_tc_k4_s1,512,P9,READ,1,test_changed_composition|up_to_four,tc,112
0,76d86f1a83bde7f8f6389684cd2a3913c923e21ccfbe42e40d3255385a9982b1,u_to_m,4,0,0,441,0.861328125,seed0_l0_tc_k4_s1,512,P9,READ,1,test_unchanged_memory|single,tc,71
0,76d86f1a83bde7f8f6389684cd2a3913c923e21ccfbe42e40d3255385a9982b1,u_to_m,4,0,0,417,0.814453125,seed0_l0_tc_k4_s1,512,P9,READ,1,test_unchanged_memory|up_to_four,tc,95
0,76d86f1a83bde7f8f6389684cd2a3913c923e21ccfbe42e40d3255385a9982b1,u_to_m,4,0,0,481,0.939453125,seed0_l0_tc_k4_s1,512,P9,READ,1,test_unchanged_composition|single,tc,31
0,76d86f1a83bde7f8f6389684cd2a3913c923e21ccfbe42e40d3255385a9982b1,u_to_m,4,0,0,469,0.916015625,seed0_l0_tc_k4_s1,512,P9,READ,1,test_unchanged_composition|up_to_four,tc,43
0,76d86f1a83bde7f8f6389684cd2a3913c923e21ccfbe42e40d3255385a9982b1,u_to_m,16,0,0,225,0.439453125,seed0_l0_tc_k16_s1,512,P9,READ,1,test_changed_memory|single,tc,287
0,76d86f1a83bde7f8f6389684cd2a3913c923e21ccfbe42e40d3255385a9982b1,u_to_m,16,0,0,161,0.314453125,seed0_l0_tc_k16_s1,512,P9,READ,1,test_changed_memory|up_to_four,tc,351
0,76d86f1a83bde7f8f6389684cd2a3913c923e21ccfbe42e40d3255385a9982b1,u_to_m,16,0,0,253,0.494140625,seed0_l0_tc_k16_s1,512,P9,READ,1,test_changed_composition|single,tc,259
0,76d86f1a83bde7f8f6389684cd2a3913c923e21ccfbe42e40d3255385a9982b1,u_to_m,16,0,0,172,0.3359375,seed0_l0_tc_k16_s1,512,P9,READ,1,test_changed_composition|up_to_four,tc,340
0,76d86f1a83bde7f8f6389684cd2a3913c923e21ccfbe42e40d3255385a9982b1,u_to_m,16,0,0,232,0.453125,seed0_l0_tc_k16_s1,512,P9,READ,1,test_unchanged_memory|single,tc,280
0,76d86f1a83bde7f8f6389684cd2a3913c923e21ccfbe42e40d3255385a9982b1,u_to_m,16,0,0,177,0.345703125,seed0_l0_tc_k16_s1,512,P9,READ,1,test_unchanged_memory|up_to_four,tc,335
0,76d86f1a83bde7f8f6389684cd2a3913c923e21ccfbe42e40d3255385a9982b1,u_to_m,16,0,0,364,0.7109375,seed0_l0_tc_k16_s1,512,P9,READ,1,test_unchanged_composition|single,tc,148
0,76d86f1a83bde7f8f6389684cd2a3913c923e21ccfbe42e40d3255385a9982b1,u_to_m,16,0,0,325,0.634765625,seed0_l0_tc_k16_s1,512,P9,READ,1,test_unchanged_composition|up_to_four,tc,187
0,76d86f1a83bde7f8f6389684cd2a3913c923e21ccfbe42e40d3255385a9982b1,u_to_m,4,3,0,118,0.23046875,seed0_l3_tc_k4_s1,512,P9,READ,1,test_changed_memory|single,tc,394
0,76d86f1a83bde7f8f6389684cd2a3913c923e21ccfbe42e40d3255385a9982b1,u_to_m,4,3,0,98,0.19140625,seed0_l3_tc_k4_s1,512,P9,READ,1,test_changed_memory|up_to_four,tc,414
0,76d86f1a83bde7f8f6389684cd2a3913c923e21ccfbe42e40d3255385a9982b1,u_to_m,4,3,0,383,0.748046875,seed0_l3_tc_k4_s1,512,P9,READ,1,test_changed_composition|single,tc,129
0,76d86f1a83bde7f8f6389684cd2a3913c923e21ccfbe42e40d3255385a9982b1,u_to_m,4,3,0,377,0.736328125,seed0_l3_tc_k4_s1,512,P9,READ,1,test_changed_composition|up_to_four,tc,135
0,76d86f1a83bde7f8f6389684cd2a3913c923e21ccfbe42e40d3255385a9982b1,u_to_m,4,3,0,407,0.794921875,seed0_l3_tc_k4_s1,512,P9,READ,1,test_unchanged_memory|single,tc,105
0,76d86f1a83bde7f8f6389684cd2a3913c923e21ccfbe42e40d3255385a9982b1,u_to_m,4,3,0,331,0.646484375,seed0_l3_tc_k4_s1,512,P9,READ,1,test_unchanged_memory|up_to_four,tc,181
0,76d86f1a83bde7f8f6389684cd2a3913c923e21ccfbe42e40d3255385a9982b1,u_to_m,4,3,0,436,0.8515625,seed0_l3_tc_k4_s1,512,P9,READ,1,test_unchanged_composition|single,tc,76
0,76d86f1a83bde7f8f6389684cd2a3913c923e21ccfbe42e40d3255385a9982b1,u_to_m,4,3,0,357,0.697265625,seed0_l3_tc_k4_s1,512,P9,READ,1,test_unchanged_composition|up_to_four,tc,155
0,76d86f1a83bde7f8f6389684cd2a3913c923e21ccfbe42e40d3255385a9982b1,u_to_m,16,3,0,324,0.6328125,seed0_l3_tc_k16_s1,512,P9,READ,1,test_changed_memory|single,tc,188
0,76d86f1a83bde7f8f6389684cd2a3913c923e21ccfbe42e40d3255385a9982b1,u_to_m,16,3,0,221,0.431640625,seed0_l3_tc_k16_s1,512,P9,READ,1,test_changed_memory|up_to_four,tc,291
0,76d86f1a83bde7f8f6389684cd2a3913c923e21ccfbe42e40d3255385a9982b1,u_to_m,16,3,0,469,0.916015625,seed0_l3_tc_k16_s1,512,P9,READ,1,test_changed_composition|single,tc,43
0,76d86f1a83bde7f8f6389684cd2a3913c923e21ccfbe42e40d3255385a9982b1,u_to_m,16,3,0,487,0.951171875,seed0_l3_tc_k16_s1,512,P9,READ,1,test_changed_composition|up_to_four,tc,25
0,76d86f1a83bde7f8f6389684cd2a3913c923e21ccfbe42e40d3255385a9982b1,u_to_m,16,3,0,495,0.966796875,seed0_l3_tc_k16_s1,512,P9,READ,1,test_unchanged_memory|single,tc,17
0,76d86f1a83bde7f8f6389684cd2a3913c923e21ccfbe42e40d3255385a9982b1,u_to_m,16,3,0,424,0.828125,seed0_l3_tc_k16_s1,512,P9,READ,1,test_unchanged_memory|up_to_four,tc,88
0,76d86f1a83bde7f8f6389684cd2a3913c923e21ccfbe42e40d3255385a9982b1,u_to_m,16,3,0,502,0.98046875,seed0_l3_tc_k16_s1,512,P9,READ,1,test_unchanged_composition|single,tc,10
0,76d86f1a83bde7f8f6389684cd2a3913c923e21ccfbe42e40d3255385a9982b1,u_to_m,16,3,0,438,0.85546875,seed0_l3_tc_k16_s1,512,P9,READ,1,test_unchanged_composition|up_to_four,tc,74
0,76d86f1a83bde7f8f6389684cd2a3913c923e21ccfbe42e40d3255385a9982b1,u_to_m,4,7,0,73,0.142578125,seed0_l7_tc_k4_s1,512,P9,READ,1,test_changed_memory|single,tc,439
0,76d86f1a83bde7f8f6389684cd2a3913c923e21ccfbe42e40d3255385a9982b1,u_to_m,4,7,0,65,0.126953125,seed0_l7_tc_k4_s1,512,P9,READ,1,test_changed_memory|up_to_four,tc,447
0,76d86f1a83bde7f8f6389684cd2a3913c923e21ccfbe42e40d3255385a9982b1,u_to_m,4,7,0,113,0.220703125,seed0_l7_tc_k4_s1,512,P9,READ,1,test_changed_composition|single,tc,399
0,76d86f1a83bde7f8f6389684cd2a3913c923e21ccfbe42e40d3255385a9982b1,u_to_m,4,7,0,105,0.205078125,seed0_l7_tc_k4_s1,512,P9,READ,1,test_changed_composition|up_to_four,tc,407
0,76d86f1a83bde7f8f6389684cd2a3913c923e21ccfbe42e40d3255385a9982b1,u_to_m,4,7,0,384,0.75,seed0_l7_tc_k4_s1,512,P9,READ,1,test_unchanged_memory|single,tc,128
0,76d86f1a83bde7f8f6389684cd2a3913c923e21ccfbe42e40d3255385a9982b1,u_to_m,4,7,0,294,0.57421875,seed0_l7_tc_k4_s1,512,P9,READ,1,test_unchanged_memory|up_to_four,tc,218
0,76d86f1a83bde7f8f6389684cd2a3913c923e21ccfbe42e40d3255385a9982b1,u_to_m,4,7,0,394,0.76953125,seed0_l7_tc_k4_s1,512,P9,READ,1,test_unchanged_composition|single,tc,118
0,76d86f1a83bde7f8f6389684cd2a3913c923e21ccfbe42e40d3255385a9982b1,u_to_m,4,7,0,294,0.57421875,seed0_l7_tc_k4_s1,512,P9,READ,1,test_unchanged_composition|up_to_four,tc,218
0,76d86f1a83bde7f8f6389684cd2a3913c923e21ccfbe42e40d3255385a9982b1,u_to_m,16,7,0,62,0.12109375,seed0_l7_tc_k16_s1,512,P9,READ,1,test_changed_memory|single,tc,450
0,76d86f1a83bde7f8f6389684cd2a3913c923e21ccfbe42e40d3255385a9982b1,u_to_m,16,7,0,61,0.119140625,seed0_l7_tc_k16_s1,512,P9,READ,1,test_changed_memory|up_to_four,tc,451
0,76d86f1a83bde7f8f6389684cd2a3913c923e21ccfbe42e40d3255385a9982b1,u_to_m,16,7,0,92,0.1796875,seed0_l7_tc_k16_s1,512,P9,READ,1,test_changed_composition|single,tc,420
0,76d86f1a83bde7f8f6389684cd2a3913c923e21ccfbe42e40d3255385a9982b1,u_to_m,16,7,0,68,0.1328125,seed0_l7_tc_k16_s1,512,P9,READ,1,test_changed_composition|up_to_four,tc,444
0,76d86f1a83bde7f8f6389684cd2a3913c923e21ccfbe42e40d3255385a9982b1,u_to_m,16,7,0,489,0.955078125,seed0_l7_tc_k16_s1,512,P9,READ,1,test_unchanged_memory|single,tc,23
0,76d86f1a83bde7f8f6389684cd2a3913c923e21ccfbe42e40d3255385a9982b1,u_to_m,16,7,0,465,0.908203125,seed0_l7_tc_k16_s1,512,P9,READ,1,test_unchanged_memory|up_to_four,tc,47
0,76d86f1a83bde7f8f6389684cd2a3913c923e21ccfbe42e40d3255385a9982b1,u_to_m,16,7,0,486,0.94921875,seed0_l7_tc_k16_s1,512,P9,READ,1,test_unchanged_composition|single,tc,26
0,76d86f1a83bde7f8f6389684cd2a3913c923e21ccfbe42e40d3255385a9982b1,u_to_m,16,7,0,460,0.8984375,seed0_l7_tc_k16_s1,512,P9,READ,1,test_unchanged_composition|up_to_four,tc,52
0,76d86f1a83bde7f8f6389684cd2a3913c923e21ccfbe42e40d3255385a9982b1,u_to_m,4,11,0,82,0.16015625,seed0_l11_tc_k4_s1,512,P9,READ,1,test_changed_memory|single,tc,430
0,76d86f1a83bde7f8f6389684cd2a3913c923e21ccfbe42e40d3255385a9982b1,u_to_m,4,11,0,85,0.166015625,seed0_l11_tc_k4_s1,512,P9,READ,1,test_changed_memory|up_to_four,tc,427
0,76d86f1a83bde7f8f6389684cd2a3913c923e21ccfbe42e40d3255385a9982b1,u_to_m,4,11,0,93,0.181640625,seed0_l11_tc_k4_s1,512,P9,READ,1,test_changed_composition|single,tc,419
0,76d86f1a83bde7f8f6389684cd2a3913c923e21ccfbe42e40d3255385a9982b1,u_to_m,4,11,0,94,0.18359375,seed0_l11_tc_k4_s1,512,P9,READ,1,test_changed_composition|up_to_four,tc,418
0,76d86f1a83bde7f8f6389684cd2a3913c923e21ccfbe42e40d3255385a9982b1,u_to_m,4,11,0,400,0.78125,seed0_l11_tc_k4_s1,512,P9,READ,1,test_unchanged_memory|single,tc,112
0,76d86f1a83bde7f8f6389684cd2a3913c923e21ccfbe42e40d3255385a9982b1,u_to_m,4,11,0,419,0.818359375,seed0_l11_tc_k4_s1,512,P9,READ,1,test_unchanged_memory|up_to_four,tc,93
0,76d86f1a83bde7f8f6389684cd2a3913c923e21ccfbe42e40d3255385a9982b1,u_to_m,4,11,0,400,0.78125,seed0_l11_tc_k4_s1,512,P9,READ,1,test_unchanged_composition|single,tc,112
0,76d86f1a83bde7f8f6389684cd2a3913c923e21ccfbe42e40d3255385a9982b1,u_to_m,4,11,0,400,0.78125,seed0_l11_tc_k4_s1,512,P9,READ,1,test_unchanged_composition|up_to_four,tc,112
0,76d86f1a83bde7f8f6389684cd2a3913c923e21ccfbe42e40d3255385a9982b1,u_to_m,16,11,0,203,0.396484375,seed0_l11_tc_k16_s1,512,P9,READ,1,test_changed_memory|single,tc,309
0,76d86f1a83bde7f8f6389684cd2a3913c923e21ccfbe42e40d3255385a9982b1,u_to_m,16,11,0,105,0.205078125,seed0_l11_tc_k16_s1,512,P9,READ,1,test_changed_memory|up_to_four,tc,407
0,76d86f1a83bde7f8f6389684cd2a3913c923e21ccfbe42e40d3255385a9982b1,u_to_m,16,11,0,242,0.47265625,seed0_l11_tc_k16_s1,512,P9,READ,1,test_changed_composition|single,tc,270
0,76d86f1a83bde7f8f6389684cd2a3913c923e21ccfbe42e40d3255385a9982b1,u_to_m,16,11,0,116,0.2265625,seed0_l11_tc_k16_s1,512,P9,READ,1,test_changed_composition|up_to_four,tc,396
0,76d86f1a83bde7f8f6389684cd2a3913c923e21ccfbe42e40d3255385a9982b1,u_to_m,16,11,0,499,0.974609375,seed0_l11_tc_k16_s1,512,P9,READ,1,test_unchanged_memory|single,tc,13
0,76d86f1a83bde7f8f6389684cd2a3913c923e21ccfbe42e40d3255385a9982b1,u_to_m,16,11,0,461,0.900390625,seed0_l11_tc_k16_s1,512,P9,READ,1,test_unchanged_memory|up_to_four,tc,51
0,76d86f1a83bde7f8f6389684cd2a3913c923e21ccfbe42e40d3255385a9982b1,u_to_m,16,11,0,496,0.96875,seed0_l11_tc_k16_s1,512,P9,READ,1,test_unchanged_composition|single,tc,16
0,76d86f1a83bde7f8f6389684cd2a3913c923e21ccfbe42e40d3255385a9982b1,u_to_m,16,11,0,456,0.890625,seed0_l11_tc_k16_s1,512,P9,READ,1,test_unchanged_composition|up_to_four,tc,56
