actual_command,actual_tokens,code_sha256,config_sha256,elapsed_seconds,environment_id,evidence_paths,failure_or_skip_reason,input_sha256,next_action,peak_memory_bytes,phase,run_id,scope,seed,status
/opt/anaconda3/bin/python -m interp_v1_4.smoke --device cpu --fixture-only --output experiment_v1_4/smoke/cpu_fixture_audit_02,21755,e46a0c157154be20ff1d6314fd29c5e42c962bb179eea5292ae93a77a5f8e268,7f67f859522f42ff5242671c69f4e971cad8ccf760ac78248780282136f550f0,33.479687213897705,3c50b28adae72d67,experiment_v1_4/smoke/cpu_fixture_audit_02/smoke.json;experiment_v1_4/results/audit_20260920_02/REPORT.md,Frozen corpus/config absent; full tests 15 passed / 3 failed; P1/P2 incomplete,815194b8b5795ba1238484e20531052c30cbfeecf6e1f13074d3e3f12d356e50,Complete corrected P1 independent audit and frozen-input CPU smoke,1281916928,P2,cpu_fixture_audit_02,cpu_debug_preflight,see smoke input/environment and code,passed_fixture_only
python scripts/audit_v1_4_completed.py; python scripts/audit_v1_4_attempts.py; python scripts/audit_v1_4_policy.py,64005751,7d70cadf575f03f63e1305977a369446767b42719f5a8f3d749678c00a8937b9,e9218ae1179df2922453e2c60288a6aae883cecd4f72bbfde1bdc9bdee58bd73,,3c50b28adae72d67,experiment_v1_4/results/audit_20260921_01/completion.json,GPU smoke and P3 not run,9258ef6dbd0af0ca1893836bde8226000c06c52e5f98f9bfa6e0b312b566df97,GPU smoke and P3 reporting completion before production approval,,P1,rebuild_01_full_audit_20260921,cpu_corpus,versioned namespaces; see evidence,passed
python -m interp_v1_4.smoke --device cpu --output experiment_v1_4/smoke/cpu_01; python experiment_v1_4/results/audit_20260921_01/verify_existing_cpu.py,21755,7d70cadf575f03f63e1305977a369446767b42719f5a8f3d749678c00a8937b9,e9218ae1179df2922453e2c60288a6aae883cecd4f72bbfde1bdc9bdee58bd73,,3c50b28adae72d67,experiment_v1_4/results/audit_20260921_01/existing_cpu_verified.json,GPU smoke and P3 not run,9258ef6dbd0af0ca1893836bde8226000c06c52e5f98f9bfa6e0b312b566df97,GPU smoke and P3 reporting completion before production approval,,P2,cpu_01_verified_20260921,frozen_cpu_smoke,versioned namespaces; see evidence,passed_cpu_only
python scripts/check_v1_4_resume.py --output experiment_v1_4/smoke/resume_01,21755,7d70cadf575f03f63e1305977a369446767b42719f5a8f3d749678c00a8937b9,e9218ae1179df2922453e2c60288a6aae883cecd4f72bbfde1bdc9bdee58bd73,,3c50b28adae72d67,experiment_v1_4/smoke/resume_01/resume_equivalence.json,GPU smoke and P3 not run,9258ef6dbd0af0ca1893836bde8226000c06c52e5f98f9bfa6e0b312b566df97,GPU smoke and P3 reporting completion before production approval,,P2,resume_01_verified_20260921,real_cli_persistent_resume,versioned namespaces; see evidence,passed_cpu_only
python -m interp_v1_4.smoke --device cuda --output SMOKE; python scripts/verify_v1_4_gpu_smoke.py ARCHIVE OUTPUT,21755,e46a0c157154be20ff1d6314fd29c5e42c962bb179eea5292ae93a77a5f8e268,e9218ae1179df2922453e2c60288a6aae883cecd4f72bbfde1bdc9bdee58bd73,25.539956092834473,e74fb1dcf8112ca0,experiment_v1_4/evidence/gpu_smoke_20260921_01/REPORT.md;experiment_v1_4/evidence/gpu_smoke_20260921_01/verification.json,P3 training and behavior gate not run,9258ef6dbd0af0ca1893836bde8226000c06c52e5f98f9bfa6e0b312b566df97,Complete P3 cell CI and extended behavior reporting,1456639488,P2,gpu_smoke_20260921_01,frozen_cuda_smoke_return_verified,20260920 smoke; LM cell initialization 0,passed
See tests.log smoke.log resume.log bundle.log and REPORT.md,0,29d2169addfaf32a5acdf12551f039fd32c6dda35ff591667f24461217cb1549,e9218ae1179df2922453e2c60288a6aae883cecd4f72bbfde1bdc9bdee58bd73,,3c50b28adae72d67,experiment_v1_4/results/p3_preparation_r3/verification.json,Production CUDA training and gate not run,9258ef6dbd0af0ca1893836bde8226000c06c52e5f98f9bfa6e0b312b566df97,Run r3 notebook GPU smoke then seed0 training and return complete-index evidence; no replication or test,,P3,local_preparation_r3_20260921,reporting_cpu_smoke_resume_colab_delivery,bootstrap cell seeds in reporting contract; debug LM seed 0,passed_local_preparation
scripts/verify_v1_4_evidence.py RUN --output run_verification.json; see audit REPORT.md,64005751,10ec3e72bf32862c252e8242df68786a13083efe1730b3e06d853eac2f4337e5,e9218ae1179df2922453e2c60288a6aae883cecd4f72bbfde1bdc9bdee58bd73,13069.187590255,e74fb1dcf8112ca0,experiment_v1_4/results/p3_audit_20260921_01/completion.json,elapsed_seconds is final resumed session only; test and replication not run,9258ef6dbd0af0ca1893836bde8226000c06c52e5f98f9bfa6e0b312b566df97,P4 seed 1 and 2 at same frozen budget and data order,972558848,P3,seed0_64m_return_20260921,seed0_training_selection_one_time_behavior_gate_verified,0,passed
See experiment_v1_4/results/p4_preparation_r1/LOCAL_COMMANDS.md,0,7bd928b1b340a3fb84b8dc51fd1e22bf87fb50036cbac1e2fb70078d00aa15dc,e9218ae1179df2922453e2c60288a6aae883cecd4f72bbfde1bdc9bdee58bd73,,3c50b28adae72d67,experiment_v1_4/results/p4_preparation_r1/verification.json,P4 GPU replication and frozen test not run; local debug tokens do not count toward production,9258ef6dbd0af0ca1893836bde8226000c06c52e5f98f9bfa6e0b312b566df97,Run both P4 seed notebooks and return evidence; audit all validation decisions before final test delivery,,P4,local_preparation_r1_20260921,seed1_seed2_cpu_smoke_resume_colab_delivery,debug 1 and 2; production not run,passed_local_preparation
python experiment_v1_4/results/p4_audit_20260921_01/audit_returns.py; see saved session commands,64005751,7bd928b1b340a3fb84b8dc51fd1e22bf87fb50036cbac1e2fb70078d00aa15dc,e9218ae1179df2922453e2c60288a6aae883cecd4f72bbfde1bdc9bdee58bd73,3461.4558838159996,e74fb1dcf8112ca0,experiment_v1_4/results/p4_audit_20260921_01/seed1/completion.json,Frozen test pending; elapsed is final session; cross-runtime init bound in details,9258ef6dbd0af0ca1893836bde8226000c06c52e5f98f9bfa6e0b312b566df97,One-time frozen test for all three trained seeds,972558848,P4,seed1_64m_return_20260921,replication_training_select_one_time_gate_return_audit; not full P4,1,passed
python experiment_v1_4/results/p4_audit_20260921_01/audit_returns.py; see saved session commands,64005751,7bd928b1b340a3fb84b8dc51fd1e22bf87fb50036cbac1e2fb70078d00aa15dc,e9218ae1179df2922453e2c60288a6aae883cecd4f72bbfde1bdc9bdee58bd73,3653.0986921960002,e74fb1dcf8112ca0,experiment_v1_4/results/p4_audit_20260921_01/seed2/completion.json,Frozen test pending; elapsed is final session; cross-runtime init bound in details,9258ef6dbd0af0ca1893836bde8226000c06c52e5f98f9bfa6e0b312b566df97,One-time frozen test for all three trained seeds,972558848,P4,seed2_64m_return_20260921,replication_training_select_one_time_gate_return_audit; not full P4,2,passed
python -m pytest tests_v1_4/test_frozen_test.py; python scripts/build_v1_4_frozen_test.py prepare; python -m interp_v1_4.frozen_test preflight --device cpu --output experiment_v1_4/results/frozen_test_preparation_r1/cpu; python scripts/build_v1_4_frozen_test.py pack,0,73b306d67070c469b20ef8ba0552d565e556779fa44948864d7d8b5d856b9beb,f831d08208f2ca5551e83d25da0e86d3dc84bc3ca2f3868817406ee3b7209d36,,3c50b28adae72d67,experiment_v1_4/results/frozen_test_preparation_r1/verification.json;experiment_v1_4/results/frozen_test_preparation_r1/cpu/preflight.json,Production frozen test and returned evidence audit not run,80a4d30f607e7365bf3aed8bc22b4c8f43200aba6fb822e6dfdc22f27d4780a1,Run P4_v1_4_frozen_test_r1.ipynb in CUDA Colab and return evidence,,P4,frozen_test_preparation_r1,cpu_debug_and_delivery_only,0;1;2 frozen inputs only,passed_local_preparation
python experiment_v1_4/results/frozen_test_audit_20260922_01/audit.py; python experiment_v1_4/results/frozen_test_audit_20260922_01/analyze.py; python experiment_v1_4/results/frozen_test_audit_20260922_01/report.py,0,73b306d67070c469b20ef8ba0552d565e556779fa44948864d7d8b5d856b9beb,f831d08208f2ca5551e83d25da0e86d3dc84bc3ca2f3868817406ee3b7209d36,215.3249556000003,e74fb1dcf8112ca0,experiment_v1_4/results/frozen_test_audit_20260922_01/completion.json,No failed LM seeds; test is not a gate; length remains P10,0ca73bf13c88f28e70e84c91dd5a795a57ef9366af4056c32d5810794895f79f,P5 block 0 READ cache and probes for all three frozen models,,P4,frozen_test_return_20260922,all_three_seed_frozen_test_and_return_audit,0;1;2,passed_P4_complete
See experiment_v1_4/results/p5_preparation_r2/LOCAL_COMMANDS.md,0,e25a5af507c76330952e744c00499571114ee6d39f3f72ac5eb56e43fa175f5e,8490365f3dc46ef1d10a899cfac3cd844c18616c6f20bb8a3b0b93e78563fd83,,d28f9bd0ac7f68ad,experiment_v1_4/results/p5_preparation_r2/verification.json;experiment_v1_4/P5_STATUS.md,GPU production cache and CPU production probes not run; P5 incomplete,afe16d82028fbefd603b601e17a68ab4719a83b1625d5f3099191c00d72991a3,Run P5_v1_4_READ_r2.ipynb with r2 input ZIP; return evidence for independent audit,,P5,local_preparation_r2_20260922,frozen_READ_cache_probe_contract_CPU_debug_Colab_delivery,0;1;2 inputs; debug 501,passed_local_preparation
python experiment_v1_4/results/p5_final_audit_20260925_01/verify_return.py,0,b177b0a78d0cf9ef1f2c24e7f447f5503c19bb89f8746c978c6cfbb1071268fd,8490365f3dc46ef1d10a899cfac3cd844c18616c6f20bb8a3b0b93e78563fd83,9811.163153247993,e4d5d509b6562197,experiment_v1_4/results/p5_final_audit_20260925_01/completion.json,No failures; elapsed is audit tasks only; unselected candidate coefficients not refitted,adf5a3a80cdb915e28bb7a7f92cf8bb120922c36f59fa2a2a02d4209a985c0b3,P6 block0 READ SAE k=4/16; use verified P6 cache manifest,,P5,independent_final_return_20260925,three_LM_READ_12_layers_cache_probes_independent_numeric_audit,0;1;2,passed_P5_complete
,0,,7d443d0378b603073842a5c1e5b0d8efcac9d6c04aacdde8aea095094e04c170,,,experiment_v1_4/analysis_plan.json;experiment_v1_4/P6_STATUS.md;experiment_v1_4/CURRENT.md,No P6 production execution; four-layer input statistics and current-code GPU smoke pending,7afcd821522c77a20225b205e764788e67531aee8cff08263feffae6cd981d44,Verify cache bytes and 36 scalar statistics; freeze four-layer P6 input/config/RNG; pass debug and GPU smoke; then train 24 SAE runs,,P6,p6_read_layers_scope_r2_20260925,four_layer_READ_SAE_preparation_only_no_training,0;1;2,pending
python scripts/build_v1_4_p6.py; python -m interp_v1_4.p6 smoke --root . --output experiment_v1_4/smoke/p6_cpu_r1 --device cpu,0,2ca68b8ef3528d4fbe0fd1684ce86c1e13993aece126ccd3c150f85342378a4e,9a2abf20a2df5739a7a2895f004ff13e7806e8ba9f6c09a965f903b932fbe1db,23.003353118896484,cdd5e9618b16535f,experiment_v1_4/results/p6_preparation_r1/verification.json;experiment_v1_4/smoke/p6_cpu_r1/smoke.json,GPU execution and actual cache/scalar validation pending; no production SAE updates,7afcd821522c77a20225b205e764788e67531aee8cff08263feffae6cd981d44,Execute 06_colab_read_sae_r1.ipynb; return evidence for audit,,P6,p6_preparation_r1,four_layer_cpu_debug_and_colab_delivery; production_0_of_24,LM 0/1/2; layers 0/3/7/11; sparse 0; k4/16,passed_local_preparation_only
python experiment_v1_4/results/p6_numeric_return_audit_r2/verify_return.py,,6ab2eaa59d7827b0dbcd0374d4f4dccba48cf0f6e5d5ef3d9a19be048e2fc976,9a2abf20a2df5739a7a2895f004ff13e7806e8ba9f6c09a965f903b932fbe1db,1083.548535823822,e74fb1dcf8112ca0,experiment_v1_4/results/p6_numeric_return_audit_r2/verification.json,Numerical mismatch resolved; full checkpoint payload and training evidence not received,6494f0aaafd261f3ce88da3fc20c93f4927689a4597f23dde50126529d7eea59,Receive and audit v1_4_p6_return_after_audit_r2_1790344845310707358.zip,,P6,p6_numeric_return_audit_r2,24 runs; 480 validation checkpoint receipts; full checkpoint return pending,LM 0/1/2; layers 0/3/7/11; sparse 0; k4/16,passed_numeric_evidence_only
python -m interp_v1_4.p6 train --root /content/MI_P6_r1 --output /content/drive/MyDrive/boolean_interp_v1_4/P6_r1 --device cuda --smoke /content/drive/MyDrive/boolean_interp_v1_4/P6_r1/smoke/1790336832462595361/smoke.json,,,9a2abf20a2df5739a7a2895f004ff13e7806e8ba9f6c09a965f903b932fbe1db,,e74fb1dcf8112ca0,experiment_v1_4/results/p6_final_audit_20260925/completion.json;experiment_v1_4/p6_selected/seed0_l0_sae_k4_s0/update_05000.pt,,cd858ec58d2b03883f425113229a28cdaccdba0062f83916aa48014ec480a068,P7 semantic/fidelity/causal evaluation,,P6,seed0_l0_sae_k4_s0,READ SAE; 5000 updates; 2560000 position draws,LM 0; sparse 0,passed
python -m interp_v1_4.p6 train --root /content/MI_P6_r1 --output /content/drive/MyDrive/boolean_interp_v1_4/P6_r1 --device cuda --smoke /content/drive/MyDrive/boolean_interp_v1_4/P6_r1/smoke/1790336832462595361/smoke.json,,,9a2abf20a2df5739a7a2895f004ff13e7806e8ba9f6c09a965f903b932fbe1db,,e74fb1dcf8112ca0,experiment_v1_4/results/p6_final_audit_20260925/completion.json;experiment_v1_4/p6_selected/seed0_l0_sae_k16_s0/update_05000.pt,,cd858ec58d2b03883f425113229a28cdaccdba0062f83916aa48014ec480a068,P7 semantic/fidelity/causal evaluation,,P6,seed0_l0_sae_k16_s0,READ SAE; 5000 updates; 2560000 position draws,LM 0; sparse 0,passed
python -m interp_v1_4.p6 train --root /content/MI_P6_r1 --output /content/drive/MyDrive/boolean_interp_v1_4/P6_r1 --device cuda --smoke /content/drive/MyDrive/boolean_interp_v1_4/P6_r1/smoke/1790336832462595361/smoke.json,,,9a2abf20a2df5739a7a2895f004ff13e7806e8ba9f6c09a965f903b932fbe1db,,e74fb1dcf8112ca0,experiment_v1_4/results/p6_final_audit_20260925/completion.json;experiment_v1_4/p6_selected/seed0_l3_sae_k4_s0/update_05000.pt,,cd858ec58d2b03883f425113229a28cdaccdba0062f83916aa48014ec480a068,P7 semantic/fidelity/causal evaluation,,P6,seed0_l3_sae_k4_s0,READ SAE; 5000 updates; 2560000 position draws,LM 0; sparse 0,passed
python -m interp_v1_4.p6 train --root /content/MI_P6_r1 --output /content/drive/MyDrive/boolean_interp_v1_4/P6_r1 --device cuda --smoke /content/drive/MyDrive/boolean_interp_v1_4/P6_r1/smoke/1790336832462595361/smoke.json,,,9a2abf20a2df5739a7a2895f004ff13e7806e8ba9f6c09a965f903b932fbe1db,,e74fb1dcf8112ca0,experiment_v1_4/results/p6_final_audit_20260925/completion.json;experiment_v1_4/p6_selected/seed0_l3_sae_k16_s0/update_05000.pt,,cd858ec58d2b03883f425113229a28cdaccdba0062f83916aa48014ec480a068,P7 semantic/fidelity/causal evaluation,,P6,seed0_l3_sae_k16_s0,READ SAE; 5000 updates; 2560000 position draws,LM 0; sparse 0,passed
python -m interp_v1_4.p6 train --root /content/MI_P6_r1 --output /content/drive/MyDrive/boolean_interp_v1_4/P6_r1 --device cuda --smoke /content/drive/MyDrive/boolean_interp_v1_4/P6_r1/smoke/1790336832462595361/smoke.json,,,9a2abf20a2df5739a7a2895f004ff13e7806e8ba9f6c09a965f903b932fbe1db,,e74fb1dcf8112ca0,experiment_v1_4/results/p6_final_audit_20260925/completion.json;experiment_v1_4/p6_selected/seed0_l7_sae_k4_s0/update_05000.pt,,cd858ec58d2b03883f425113229a28cdaccdba0062f83916aa48014ec480a068,P7 semantic/fidelity/causal evaluation,,P6,seed0_l7_sae_k4_s0,READ SAE; 5000 updates; 2560000 position draws,LM 0; sparse 0,passed
python -m interp_v1_4.p6 train --root /content/MI_P6_r1 --output /content/drive/MyDrive/boolean_interp_v1_4/P6_r1 --device cuda --smoke /content/drive/MyDrive/boolean_interp_v1_4/P6_r1/smoke/1790336832462595361/smoke.json,,,9a2abf20a2df5739a7a2895f004ff13e7806e8ba9f6c09a965f903b932fbe1db,,e74fb1dcf8112ca0,experiment_v1_4/results/p6_final_audit_20260925/completion.json;experiment_v1_4/p6_selected/seed0_l7_sae_k16_s0/update_05000.pt,,cd858ec58d2b03883f425113229a28cdaccdba0062f83916aa48014ec480a068,P7 semantic/fidelity/causal evaluation,,P6,seed0_l7_sae_k16_s0,READ SAE; 5000 updates; 2560000 position draws,LM 0; sparse 0,passed
python -m interp_v1_4.p6 train --root /content/MI_P6_r1 --output /content/drive/MyDrive/boolean_interp_v1_4/P6_r1 --device cuda --smoke /content/drive/MyDrive/boolean_interp_v1_4/P6_r1/smoke/1790336832462595361/smoke.json,,,9a2abf20a2df5739a7a2895f004ff13e7806e8ba9f6c09a965f903b932fbe1db,,e74fb1dcf8112ca0,experiment_v1_4/results/p6_final_audit_20260925/completion.json;experiment_v1_4/p6_selected/seed0_l11_sae_k4_s0/update_05000.pt,,cd858ec58d2b03883f425113229a28cdaccdba0062f83916aa48014ec480a068,P7 semantic/fidelity/causal evaluation,,P6,seed0_l11_sae_k4_s0,READ SAE; 5000 updates; 2560000 position draws,LM 0; sparse 0,passed
python -m interp_v1_4.p6 train --root /content/MI_P6_r1 --output /content/drive/MyDrive/boolean_interp_v1_4/P6_r1 --device cuda --smoke /content/drive/MyDrive/boolean_interp_v1_4/P6_r1/smoke/1790336832462595361/smoke.json,,,9a2abf20a2df5739a7a2895f004ff13e7806e8ba9f6c09a965f903b932fbe1db,,e74fb1dcf8112ca0,experiment_v1_4/results/p6_final_audit_20260925/completion.json;experiment_v1_4/p6_selected/seed0_l11_sae_k16_s0/update_05000.pt,,cd858ec58d2b03883f425113229a28cdaccdba0062f83916aa48014ec480a068,P7 semantic/fidelity/causal evaluation,,P6,seed0_l11_sae_k16_s0,READ SAE; 5000 updates; 2560000 position draws,LM 0; sparse 0,passed
python -m interp_v1_4.p6 train --root /content/MI_P6_r1 --output /content/drive/MyDrive/boolean_interp_v1_4/P6_r1 --device cuda --smoke /content/drive/MyDrive/boolean_interp_v1_4/P6_r1/smoke/1790336832462595361/smoke.json,,,9a2abf20a2df5739a7a2895f004ff13e7806e8ba9f6c09a965f903b932fbe1db,,e74fb1dcf8112ca0,experiment_v1_4/results/p6_final_audit_20260925/completion.json;experiment_v1_4/p6_selected/seed1_l0_sae_k4_s0/update_05000.pt,,cd858ec58d2b03883f425113229a28cdaccdba0062f83916aa48014ec480a068,P7 semantic/fidelity/causal evaluation,,P6,seed1_l0_sae_k4_s0,READ SAE; 5000 updates; 2560000 position draws,LM 1; sparse 0,passed
python -m interp_v1_4.p6 train --root /content/MI_P6_r1 --output /content/drive/MyDrive/boolean_interp_v1_4/P6_r1 --device cuda --smoke /content/drive/MyDrive/boolean_interp_v1_4/P6_r1/smoke/1790336832462595361/smoke.json,,,9a2abf20a2df5739a7a2895f004ff13e7806e8ba9f6c09a965f903b932fbe1db,,e74fb1dcf8112ca0,experiment_v1_4/results/p6_final_audit_20260925/completion.json;experiment_v1_4/p6_selected/seed1_l0_sae_k16_s0/update_04750.pt,,cd858ec58d2b03883f425113229a28cdaccdba0062f83916aa48014ec480a068,P7 semantic/fidelity/causal evaluation,,P6,seed1_l0_sae_k16_s0,READ SAE; 5000 updates; 2560000 position draws,LM 1; sparse 0,passed
python -m interp_v1_4.p6 train --root /content/MI_P6_r1 --output /content/drive/MyDrive/boolean_interp_v1_4/P6_r1 --device cuda --smoke /content/drive/MyDrive/boolean_interp_v1_4/P6_r1/smoke/1790336832462595361/smoke.json,,,9a2abf20a2df5739a7a2895f004ff13e7806e8ba9f6c09a965f903b932fbe1db,,e74fb1dcf8112ca0,experiment_v1_4/results/p6_final_audit_20260925/completion.json;experiment_v1_4/p6_selected/seed1_l3_sae_k4_s0/update_05000.pt,,cd858ec58d2b03883f425113229a28cdaccdba0062f83916aa48014ec480a068,P7 semantic/fidelity/causal evaluation,,P6,seed1_l3_sae_k4_s0,READ SAE; 5000 updates; 2560000 position draws,LM 1; sparse 0,passed
python -m interp_v1_4.p6 train --root /content/MI_P6_r1 --output /content/drive/MyDrive/boolean_interp_v1_4/P6_r1 --device cuda --smoke /content/drive/MyDrive/boolean_interp_v1_4/P6_r1/smoke/1790336832462595361/smoke.json,,,9a2abf20a2df5739a7a2895f004ff13e7806e8ba9f6c09a965f903b932fbe1db,,e74fb1dcf8112ca0,experiment_v1_4/results/p6_final_audit_20260925/completion.json;experiment_v1_4/p6_selected/seed1_l3_sae_k16_s0/update_05000.pt,,cd858ec58d2b03883f425113229a28cdaccdba0062f83916aa48014ec480a068,P7 semantic/fidelity/causal evaluation,,P6,seed1_l3_sae_k16_s0,READ SAE; 5000 updates; 2560000 position draws,LM 1; sparse 0,passed
python -m interp_v1_4.p6 train --root /content/MI_P6_r1 --output /content/drive/MyDrive/boolean_interp_v1_4/P6_r1 --device cuda --smoke /content/drive/MyDrive/boolean_interp_v1_4/P6_r1/smoke/1790336832462595361/smoke.json,,,9a2abf20a2df5739a7a2895f004ff13e7806e8ba9f6c09a965f903b932fbe1db,,e74fb1dcf8112ca0,experiment_v1_4/results/p6_final_audit_20260925/completion.json;experiment_v1_4/p6_selected/seed1_l7_sae_k4_s0/update_05000.pt,,cd858ec58d2b03883f425113229a28cdaccdba0062f83916aa48014ec480a068,P7 semantic/fidelity/causal evaluation,,P6,seed1_l7_sae_k4_s0,READ SAE; 5000 updates; 2560000 position draws,LM 1; sparse 0,passed
python -m interp_v1_4.p6 train --root /content/MI_P6_r1 --output /content/drive/MyDrive/boolean_interp_v1_4/P6_r1 --device cuda --smoke /content/drive/MyDrive/boolean_interp_v1_4/P6_r1/smoke/1790336832462595361/smoke.json,,,9a2abf20a2df5739a7a2895f004ff13e7806e8ba9f6c09a965f903b932fbe1db,,e74fb1dcf8112ca0,experiment_v1_4/results/p6_final_audit_20260925/completion.json;experiment_v1_4/p6_selected/seed1_l7_sae_k16_s0/update_05000.pt,,cd858ec58d2b03883f425113229a28cdaccdba0062f83916aa48014ec480a068,P7 semantic/fidelity/causal evaluation,,P6,seed1_l7_sae_k16_s0,READ SAE; 5000 updates; 2560000 position draws,LM 1; sparse 0,passed
python -m interp_v1_4.p6 train --root /content/MI_P6_r1 --output /content/drive/MyDrive/boolean_interp_v1_4/P6_r1 --device cuda --smoke /content/drive/MyDrive/boolean_interp_v1_4/P6_r1/smoke/1790336832462595361/smoke.json,,,9a2abf20a2df5739a7a2895f004ff13e7806e8ba9f6c09a965f903b932fbe1db,,e74fb1dcf8112ca0,experiment_v1_4/results/p6_final_audit_20260925/completion.json;experiment_v1_4/p6_selected/seed1_l11_sae_k4_s0/update_05000.pt,,cd858ec58d2b03883f425113229a28cdaccdba0062f83916aa48014ec480a068,P7 semantic/fidelity/causal evaluation,,P6,seed1_l11_sae_k4_s0,READ SAE; 5000 updates; 2560000 position draws,LM 1; sparse 0,passed
python -m interp_v1_4.p6 train --root /content/MI_P6_r1 --output /content/drive/MyDrive/boolean_interp_v1_4/P6_r1 --device cuda --smoke /content/drive/MyDrive/boolean_interp_v1_4/P6_r1/smoke/1790336832462595361/smoke.json,,,9a2abf20a2df5739a7a2895f004ff13e7806e8ba9f6c09a965f903b932fbe1db,,e74fb1dcf8112ca0,experiment_v1_4/results/p6_final_audit_20260925/completion.json;experiment_v1_4/p6_selected/seed1_l11_sae_k16_s0/update_05000.pt,,cd858ec58d2b03883f425113229a28cdaccdba0062f83916aa48014ec480a068,P7 semantic/fidelity/causal evaluation,,P6,seed1_l11_sae_k16_s0,READ SAE; 5000 updates; 2560000 position draws,LM 1; sparse 0,passed
python -m interp_v1_4.p6 train --root /content/MI_P6_r1 --output /content/drive/MyDrive/boolean_interp_v1_4/P6_r1 --device cuda --smoke /content/drive/MyDrive/boolean_interp_v1_4/P6_r1/smoke/1790336832462595361/smoke.json,,,9a2abf20a2df5739a7a2895f004ff13e7806e8ba9f6c09a965f903b932fbe1db,,e74fb1dcf8112ca0,experiment_v1_4/results/p6_final_audit_20260925/completion.json;experiment_v1_4/p6_selected/seed2_l0_sae_k4_s0/update_05000.pt,,cd858ec58d2b03883f425113229a28cdaccdba0062f83916aa48014ec480a068,P7 semantic/fidelity/causal evaluation,,P6,seed2_l0_sae_k4_s0,READ SAE; 5000 updates; 2560000 position draws,LM 2; sparse 0,passed
python -m interp_v1_4.p6 train --root /content/MI_P6_r1 --output /content/drive/MyDrive/boolean_interp_v1_4/P6_r1 --device cuda --smoke /content/drive/MyDrive/boolean_interp_v1_4/P6_r1/smoke/1790336832462595361/smoke.json,,,9a2abf20a2df5739a7a2895f004ff13e7806e8ba9f6c09a965f903b932fbe1db,,e74fb1dcf8112ca0,experiment_v1_4/results/p6_final_audit_20260925/completion.json;experiment_v1_4/p6_selected/seed2_l0_sae_k16_s0/update_05000.pt,,cd858ec58d2b03883f425113229a28cdaccdba0062f83916aa48014ec480a068,P7 semantic/fidelity/causal evaluation,,P6,seed2_l0_sae_k16_s0,READ SAE; 5000 updates; 2560000 position draws,LM 2; sparse 0,passed
python -m interp_v1_4.p6 train --root /content/MI_P6_r1 --output /content/drive/MyDrive/boolean_interp_v1_4/P6_r1 --device cuda --smoke /content/drive/MyDrive/boolean_interp_v1_4/P6_r1/smoke/1790336832462595361/smoke.json,,,9a2abf20a2df5739a7a2895f004ff13e7806e8ba9f6c09a965f903b932fbe1db,,e74fb1dcf8112ca0,experiment_v1_4/results/p6_final_audit_20260925/completion.json;experiment_v1_4/p6_selected/seed2_l3_sae_k4_s0/update_05000.pt,,cd858ec58d2b03883f425113229a28cdaccdba0062f83916aa48014ec480a068,P7 semantic/fidelity/causal evaluation,,P6,seed2_l3_sae_k4_s0,READ SAE; 5000 updates; 2560000 position draws,LM 2; sparse 0,passed
python -m interp_v1_4.p6 train --root /content/MI_P6_r1 --output /content/drive/MyDrive/boolean_interp_v1_4/P6_r1 --device cuda --smoke /content/drive/MyDrive/boolean_interp_v1_4/P6_r1/smoke/1790336832462595361/smoke.json,,,9a2abf20a2df5739a7a2895f004ff13e7806e8ba9f6c09a965f903b932fbe1db,,e74fb1dcf8112ca0,experiment_v1_4/results/p6_final_audit_20260925/completion.json;experiment_v1_4/p6_selected/seed2_l3_sae_k16_s0/update_05000.pt,,cd858ec58d2b03883f425113229a28cdaccdba0062f83916aa48014ec480a068,P7 semantic/fidelity/causal evaluation,,P6,seed2_l3_sae_k16_s0,READ SAE; 5000 updates; 2560000 position draws,LM 2; sparse 0,passed
python -m interp_v1_4.p6 train --root /content/MI_P6_r1 --output /content/drive/MyDrive/boolean_interp_v1_4/P6_r1 --device cuda --smoke /content/drive/MyDrive/boolean_interp_v1_4/P6_r1/smoke/1790336832462595361/smoke.json,,,9a2abf20a2df5739a7a2895f004ff13e7806e8ba9f6c09a965f903b932fbe1db,,e74fb1dcf8112ca0,experiment_v1_4/results/p6_final_audit_20260925/completion.json;experiment_v1_4/p6_selected/seed2_l7_sae_k4_s0/update_05000.pt,,cd858ec58d2b03883f425113229a28cdaccdba0062f83916aa48014ec480a068,P7 semantic/fidelity/causal evaluation,,P6,seed2_l7_sae_k4_s0,READ SAE; 5000 updates; 2560000 position draws,LM 2; sparse 0,passed
python -m interp_v1_4.p6 train --root /content/MI_P6_r1 --output /content/drive/MyDrive/boolean_interp_v1_4/P6_r1 --device cuda --smoke /content/drive/MyDrive/boolean_interp_v1_4/P6_r1/smoke/1790336832462595361/smoke.json,,,9a2abf20a2df5739a7a2895f004ff13e7806e8ba9f6c09a965f903b932fbe1db,,e74fb1dcf8112ca0,experiment_v1_4/results/p6_final_audit_20260925/completion.json;experiment_v1_4/p6_selected/seed2_l7_sae_k16_s0/update_05000.pt,,cd858ec58d2b03883f425113229a28cdaccdba0062f83916aa48014ec480a068,P7 semantic/fidelity/causal evaluation,,P6,seed2_l7_sae_k16_s0,READ SAE; 5000 updates; 2560000 position draws,LM 2; sparse 0,passed
python -m interp_v1_4.p6 train --root /content/MI_P6_r1 --output /content/drive/MyDrive/boolean_interp_v1_4/P6_r1 --device cuda --smoke /content/drive/MyDrive/boolean_interp_v1_4/P6_r1/smoke/1790336832462595361/smoke.json,,,9a2abf20a2df5739a7a2895f004ff13e7806e8ba9f6c09a965f903b932fbe1db,,e74fb1dcf8112ca0,experiment_v1_4/results/p6_final_audit_20260925/completion.json;experiment_v1_4/p6_selected/seed2_l11_sae_k4_s0/update_05000.pt,,cd858ec58d2b03883f425113229a28cdaccdba0062f83916aa48014ec480a068,P7 semantic/fidelity/causal evaluation,,P6,seed2_l11_sae_k4_s0,READ SAE; 5000 updates; 2560000 position draws,LM 2; sparse 0,passed
python -m interp_v1_4.p6 train --root /content/MI_P6_r1 --output /content/drive/MyDrive/boolean_interp_v1_4/P6_r1 --device cuda --smoke /content/drive/MyDrive/boolean_interp_v1_4/P6_r1/smoke/1790336832462595361/smoke.json,,,9a2abf20a2df5739a7a2895f004ff13e7806e8ba9f6c09a965f903b932fbe1db,,e74fb1dcf8112ca0,experiment_v1_4/results/p6_final_audit_20260925/completion.json;experiment_v1_4/p6_selected/seed2_l11_sae_k16_s0/update_04750.pt,,cd858ec58d2b03883f425113229a28cdaccdba0062f83916aa48014ec480a068,P7 semantic/fidelity/causal evaluation,,P6,seed2_l11_sae_k16_s0,READ SAE; 5000 updates; 2560000 position draws,LM 2; sparse 0,passed
/opt/anaconda3/bin/python -m interp_v1_4.p7_runner smoke --root . --output experiment_v1_4/smoke/p7_cpu_r1 --device cpu,,,9fb4688636cea7c338fbc0da1292477915dd7fd9c1d45a76d981a6d85c0ca2b0,24.405460875015706,cdd5e9618b16535f,experiment_v1_4/results/p7_preparation_r1/verification.json,Colab CUDA and production evaluations not executed,f341fb573b97e3ea0e89c8ec6103861c48016b26fbcf24f02dc7e385b214d485,Run P7 Colab notebook then return evidence for independent audit,,P7,p7_preparation_r1,24 selected READ SAE evaluation delivery; production 0/24,"LM 0,1,2; sparse 0; debug 707",passed_preparation_only
/opt/anaconda3/bin/python -u scripts/verify_v1_4_p7_return.py --root . --output experiment_v1_4/results/p7_return_audit_20260927_01/returned,,c59c2d4522a46f7c3ef279519baf929f5464bc86fa0e73942c262a8c4934c715,9fb4688636cea7c338fbc0da1292477915dd7fd9c1d45a76d981a6d85c0ca2b0,,f8912b7ab0ca620d,experiment_v1_4/results/p7_return_audit_20260927_01/verification.json,No local mismatch; full original-cache audit not yet executed,2d8d65b3bca7b6a0ec09d6f524d78c3495239ee2cf4a96fbc59a5187bf943449,Run P7_source_return_audit_r2.ipynb and return audit evidence,,P7,p7_return_audit_20260927_01,24/24 evaluations returned; local raw/trace/point checks passed; source reproduction pending,"LM 0,1,2; sparse 0",running
/opt/anaconda3/bin/python experiment_v1_4/results/p7_final_audit_20260928_01/verify_return.py,,772d0b79c4f575b675fd8ebfc57c66b7b79e0805cf261e5bf97b0e555a87f6e1,9fb4688636cea7c338fbc0da1292477915dd7fd9c1d45a76d981a6d85c0ca2b0,12063.203105584009,f8912b7ab0ca620d,experiment_v1_4/results/p7_final_audit_20260928_01/completion.json,,6bb9f29499bec8cf2e150faccf744221851f41f132405216e3e077a81d79770a,P8 READ Transcoder,,P7,p7_final_audit_20260928_01,24 READ SAE semantic/fidelity/replacement/causal evaluations and returned source reproduction audit,"LM 0,1,2; sparse 0",passed
/opt/anaconda3/bin/python -m interp_v1_4.p8 smoke --root . --output experiment_v1_4/smoke/p8_cpu_r1 --device cpu,,fd238dd3020eacc7208a59d4e20388c8feaf0928f46aa0ac3c386afac240b96b,0c8307bc44083a6fb9c49830e2265e3437eab1d6a439dedba24468a3ca7b4633,31.192091941833496,92a9339c663b9cd7,experiment_v1_4/results/p8_preparation_r1/verification.json,Colab CUDA and production not executed; evaluation awaits audited TC selection,791c41d2bb5133455f845dd3b18a1d1799af95cdf3042146fae71fa584d43bd9,Run P8 training notebook; return evidence for training audit then full evaluation,,P8,p8_preparation_r1,TC training delivery; 24 runs pending; full evaluation pending,"LM 0,1,2; sparse 0; paired P6 draw seeds",passed_preparation_only
/opt/anaconda3/bin/python experiment_v1_4/results/p8_training_audit_20260929_01/verify_return.py,,a0192404741d7b1714ee12c170845cdc74ec84caf3084fb1f3ee3724e91033e1,0c8307bc44083a6fb9c49830e2265e3437eab1d6a439dedba24468a3ca7b4633,559.0604508049837,e74fb1dcf8112ca0,experiment_v1_4/results/p8_training_audit_20260929_01/completion.json,,bea70775b6d69ff4558b1b8f0d0b0e83ce20a8161dc4577d790f3da958490766,Run TC evaluation notebook; P8 not complete,,P8,p8_training_audit_20260929_01,24 TC training runs; 120000 updates; 61440000 draws; all evaluation pending,"LM 0,1,2; sparse 0",passed_training_only
/opt/anaconda3/bin/python -m interp_v1_4.p8_eval_runner smoke --root . --output experiment_v1_4/smoke/p8_eval_cpu_r1 --device cpu,,,9bc2b6745e9303fa0e62299263ae7c8c4cfaa5e45d76a5db7175cd26c1a14a9e,22.304850124986842,92a9339c663b9cd7,experiment_v1_4/results/p8_evaluation_preparation_r1/verification.json,,3a122c4fb1e28113e0349c80aa26da88968c5f47997b4c9f5ab97fa9f82c1b66,Run P8_colab_read_tc_evaluation_r1.ipynb and return evidence,,P8,p8_evaluation_preparation_r1,24 TC evaluations delivery; actual evaluation 0/24,"LM 0,1,2; sparse 0",passed_preparation_only
/opt/anaconda3/bin/python -u scripts/audit_v1_4_p8_return.py,,099960f679aaa22cfc0969e8a4934f76485c9cd86694754add60392c5f40a9c9,9bc2b6745e9303fa0e62299263ae7c8c4cfaa5e45d76a5db7175cd26c1a14a9e,707.2768522079568,f8912b7ab0ca620d,experiment_v1_4/results/p8_return_audit_20260929_01/status.json,No experiment mismatch detected; original-cache reproduction pending,e17b8e2f9703772751a0dc952c0b5a518f6548d3229531f0367124803f9e4b03,Run P8_source_return_audit_r1.ipynb and return audit evidence,,P8,p8_return_audit_20260929_01,24 TC evaluations returned; local raw and trace checks passed; source reproduction pending,"LM 0,1,2; sparse 0",running
/opt/anaconda3/bin/python experiment_v1_4/results/p8_final_audit_20260930_01/verify_return.py,,6a62247f8c9c9b04b0426254ca0d032b40e43c77edbd24183c74a1556e90861a,9bc2b6745e9303fa0e62299263ae7c8c4cfaa5e45d76a5db7175cd26c1a14a9e,12239.066098645992,f8912b7ab0ca620d,experiment_v1_4/results/p8_final_audit_20260930_01/completion.json,,e64d3978d7a992f1f8a3f3d9acadf5ce4ca6e84c4e55c5faf2fd07a12cb76408,P9 sparse seed 1: 16 runs with full evaluation,,P8,p8_final_audit_20260930_01,24 READ TC training and semantic/fidelity/replacement/causal evaluations; source reproduction audit passed,"LM 0,1,2; sparse 0",passed
/opt/anaconda3/bin/python -m interp_v1_4.p9 smoke --root . --output experiment_v1_4/smoke/p9_cpu_r1_verified --device cpu,,f6a431246a95941107d8eb633b47b1f20dd6bd17eaf5936f367e9a1d979765de,157d80521319f0e8e8c20ee59e67d8ebb8b10df74370049c128db5061b179720,26.420704126358032,92a9339c663b9cd7,experiment_v1_4/results/p9_preparation_r1/verification.json,CUDA production and full evaluation pending,9cda14b9e58bf6ff41f88501799007fce1e9e49824ac9f9155c18b027905048d,Run P9 Colab training notebook and return ZIP/checksum,,P9,p9_preparation_r1,16 sparse seed 1 SAE/TC training delivery; production 0/16; evaluation 0/16,LM 0; sparse 1,passed_preparation_only
/opt/anaconda3/bin/python experiment_v1_4/results/p9_training_audit_20260930_01/verify_return.py,,5733cef32de8d2a48808b39aca5bcf7e570b9324106d32d5a7025bd031543554,157d80521319f0e8e8c20ee59e67d8ebb8b10df74370049c128db5061b179720,360.6910785189956,e74fb1dcf8112ca0,experiment_v1_4/results/p9_training_audit_20260930_01/completion.json,,169bafe417f41c141a9ad289479e5dba693523733e43160633cd3904064b0acb,Run P9 evaluation notebook,,P9,p9_training_audit_20260930_01,16 runs; 80000 updates; 40960000 draws; evaluation pending,LM 0; sparse 1,passed_training_only
/opt/anaconda3/bin/python scripts/build_v1_4_p9_evaluation.py,,ea3c024188cdafdba2dbd15ef69e57331b1c2676c32ca25793d8785f0da13c12,9e172a2dc3914e7881d7d3f1c3e1647bd4956d25a895d816fea4ac74a3dc2fbc,100.61011949903332,92a9339c663b9cd7,experiment_v1_4/results/p9_evaluation_preparation_r1/verification.json,Actual GPU evaluation and independent source return audit pending,3ce8f0f01b54930ffcad9a4c56c5f2f601e31ebad86de21fafe7b08bbfcacbad,Run P9_colab_sparse_seed1_evaluation_r1.ipynb and return ZIP/checksum,,P9,p9_evaluation_preparation_r1,16 evaluations delivery; actual evaluation 0/16,LM 0; sparse 1,passed_preparation_only
python scripts/audit_v1_4_p9_return.py; --tool sae; --tool tc; python scripts/finalize_v1_4_p9_local_audit.py,,,2b346d899993d7e7645ddbdfb57e1c3f0f203b8bf05226b0c1a44a562d069faf,,f8912b7ab0ca620d,experiment_v1_4/results/p9_return_audit_20261001_01/status.json,Original-cache source reproduction audit pending; P9 incomplete,c55f135be22567af3c0c8a2384b2e8d6e0480b4d4c51c16cba5411eae5c63b5a,Run P9_source_return_audit_r1.ipynb; return ZIP/checksum,,P9,p9_return_audit_20261001_01,16 evaluations; 32768 causal pairs; 32768 replacement targets; 1200 probe tasks,LM 0; sparse 1,passed_local_source_reproduction_pending
python scripts/build_v1_4_p9_audit_r1.py,,,2b346d899993d7e7645ddbdfb57e1c3f0f203b8bf05226b0c1a44a562d069faf,,,experiment_v1_4/results/p9_source_audit_preparation_r1/verification.json,Original-cache source reproduction audit pending; P9 incomplete,c55f135be22567af3c0c8a2384b2e8d6e0480b4d4c51c16cba5411eae5c63b5a,Run P9_source_return_audit_r1.ipynb; return ZIP/checksum,,P9,p9_source_audit_preparation_r1,24 standalone tests passed; actual GPU source audit 0/16,LM 0; sparse 1,passed_preparation_only
/opt/anaconda3/bin/python scripts/verify_v1_4_p9_source_return.py,,c1afcf860bf6a162a279d57618e3b5747c60c9e17643d36a55945c718e6bf966,2b346d899993d7e7645ddbdfb57e1c3f0f203b8bf05226b0c1a44a562d069faf,7894.3463666329935,f8912b7ab0ca620d,experiment_v1_4/results/p9_final_audit_20261002_01/completion.json,,f1d227c666e5b3b6986f073c0eb4b59097df36a1b3f84a48e05ec544bfd371b6,P10 optional-analysis decision; P11 final synthesis,,P9,p9_final_audit_20261002_01,16 sparse seed 1 runs: training/full evaluation/source reproduction; all 64 required dictionaries complete,LM 0; sparse 1,passed
/opt/anaconda3/bin/python scripts/check_v1_4_p10_delivery.py,0,f4c5a8785cb4f43b46b618974535338e7103c9165800ad1a4b6b44da1ae78155,37b041021e5be8082f435ff41e1e9f6696416e94170137e3b9ad29104ce24ec6,11.994266082998365,d73a7ea2f2143f05,experiment_v1_4/results/p10_preparation_r1/verification.json,CUDA execution pending; additional layers/length/m-to-m SAE/Update intervention skipped for resource priority,58be7323e59474e659cf350034900c6e3eaf7692fd884462c3c4cddbc8bdbdf9,Run P10_colab_update_training_r1.ipynb on T4; return ZIP and checksum for training audit,,P10,p10_update_preparation_r1,Update block 3; 12 SAE/TC runs planned; local preparation verified; GPU training/evaluation 0/12,"LM 0,1,2; sparse 0",pending
/opt/anaconda3/bin/python scripts/audit_v1_4_p10_training_return.py,,58ed405ea4e6198e48fa224a2fe12205962a67dbe8b2472524aa714eb7b48e5f,37b041021e5be8082f435ff41e1e9f6696416e94170137e3b9ad29104ce24ec6,13.275741042103618,6e859d41cc64e591,experiment_v1_4/results/p10_training_audit_20261003_01/completion.json,Semantic/fidelity/transfer and original-cache source audit pending,18b0dced48ca11d073f87e10fb8ced46b416a674ebe6bd0e82a16a825fedd67f,Run P10 evaluation 1 T4 then 2 CPU notebooks,,P10,p10_training_audit_20261003_01,12 Update block 3 runs; 252 checkpoints; 240 validation numeric checks; full evaluation pending,"LM 0,1,2; sparse 0",passed_training_only
/opt/anaconda3/bin/python scripts/check_v1_4_p10_evaluation_delivery.py,,,e052f6bf36a8529b461ae3e3315bedf82231e9610b7f9ccacb07a56ad6e05258,13.672463207971305,,experiment_v1_4/results/p10_evaluation_preparation_r1/verification.json,Actual evaluation and independent source audit pending,69bb4191321ed5228cdb5a5dd0e90f9cbeaf1e506aedd1a85a87c9ef87b22e1e,Run T4 features notebook; disconnect GPU; run CPU probes notebook; return ZIP/checksum,,P10,p10_evaluation_preparation_r1,1248 probe tasks and 2016 semantic reports planned; 119 bundle members verified; actual evaluation 0/12,"LM 0,1,2; sparse 0",passed_preparation_only
/opt/anaconda3/bin/python scripts/audit_v1_4_p10_evaluation_return.py,,c21118bc531ee2e0168b992e202363327a2bc77712b08a6a21b40f30bb88c395,e052f6bf36a8529b461ae3e3315bedf82231e9610b7f9ccacb07a56ad6e05258,75.60169629193842,6e859d41cc64e591;9ee13b7194181dfb,experiment_v1_4/results/p10_return_audit_20261004_01/status.json,Original-cache reproduction pending; P10 incomplete,c893146c1960b93617af89b0caefde69d77d86b36254757e49160ced8dec0748,Run source audit T4 then CPU notebooks,,P10,p10_return_audit_20261004_01,12 evaluated runs; 1248 fits; 2016 prediction reports; 3840 paired point gaps,"LM 0,1,2; sparse 0",passed_local_source_reproduction_pending
/opt/anaconda3/bin/python scripts/check_v1_4_p10_source_audit_delivery.py,,073bde2dba324a61f33b106ee8ea122fe8b26e50a264953f32b29899d1b41564,69078da03bf79970ecf9efb75469f1016fabaadab6ef9455ff96e8a3734c9833,9.203713374910876,,experiment_v1_4/results/p10_source_audit_preparation_r1/verification.json,Original-cache reproduction pending; P10 incomplete,3e1ca7515cd4048e2a7cf9633476a91f9b87d735f83628dc679cfa46d2a39489,Upload overlay ZIP; reuse base evaluation ZIP and Drive outputs; run T4 then CPU; return audit ZIP/checksum,,P10,p10_source_audit_preparation_r1,7 standalone tests; 2 notebooks; actual source audit 0/12,"LM 0,1,2; sparse 0",passed_preparation_only
/opt/anaconda3/bin/python scripts/audit_v1_4_p10_source_partial_return.py,,4b0f4d150b8c64ce9c15340b3d816fc16935ae9e708db1d1be297f7faf984cbd,69078da03bf79970ecf9efb75469f1016fabaadab6ef9455ff96e8a3734c9833,,,experiment_v1_4/results/p10_source_partial_audit_20261004_01/status.json,CPU normal 7200-second time-limit pause; 752 tasks remain; P10 incomplete,,Resume existing CPU source audit notebook; preserve Drive output; no GPU rerun,,P10,p10_source_partial_audit_20261004_01,GPU 240 chunks/480000 visits/12 dictionaries passed; CPU 496 of 1248 tasks and 752 reports verified,,gpu_passed_cpu_paused
/opt/anaconda3/bin/python scripts/audit_v1_4_p10_source_partial_return_02.py,,6aa29c36d94d59a2b593a6539490d5af79057d64c10a3a28c781f2be20614325,69078da03bf79970ecf9efb75469f1016fabaadab6ef9455ff96e8a3734c9833,,,experiment_v1_4/results/p10_source_partial_audit_20261004_02/status.json,Normal CPU time-limit pause; 215 tasks remain; checksum matches despite filename difference,,Resume unchanged CPU audit notebook; preserve Drive files,,P10,p10_source_partial_audit_20261004_02,GPU passed; CPU 1033/1248 tasks and 1586 reports verified,,gpu_passed_cpu_paused
/opt/anaconda3/bin/python scripts/audit_v1_4_p10_source_return.py,,d8c0cfd32ec9127fcc391dfeff7a82699d339d96c6bb98641a74d87cb4ff900f,69078da03bf79970ecf9efb75469f1016fabaadab6ef9455ff96e8a3734c9833,7.262332291109487,6e859d41cc64e591;9ee13b7194181dfb,experiment_v1_4/results/p10_final_audit_20261004_01/completion.json,Additional layers/length/m-to-m SAE/Update interventions skipped by frozen resource decision,,P11 final aggregation,,P10,p10_final_audit_20261004_01,12 runs complete; 480000 activation visits; 960000 latent positions; 1248 refits; 2016 reports,"LM 0,1,2; sparse 0",passed
