tool,k,label,domain,mean,min,max
sae,4.0,dst,all,0.4544016626294906,0.4321313259727337,0.4814584464871683
sae,4.0,dst_after,all,0.6122457563054141,0.5513084669128071,0.6935302229023139
sae,4.0,dst_after,operator,0.5397523937687799,0.5036710501578254,0.5931467133711323
sae,4.0,dst_after,variable,0.52055122049154,0.5002759931494473,0.5683585755218993
sae,4.0,dst_before,all,0.5880851255875073,0.5143711709591992,0.721666962909161
sae,4.0,dst_before,operator,0.49977315689981094,0.4105103969754253,0.5371770636420921
sae,4.0,dst_before,variable,0.5559135028562762,0.5008278145695364,0.66178340326576
sae,4.0,input_disagreement,all,0.5693940433036723,0.5125178524363493,0.6453299644376629
sae,4.0,input_disagreement,operator,0.5309117485698956,0.4472298908579966,0.6336371102601399
sae,4.0,input_disagreement,variable,0.5605010645193501,0.5017211703958692,0.6714709660386171
sae,4.0,operator,all,0.36782974236859817,0.3017691063953603,0.4695635012828468
sae,4.0,operator_truth,all,0.23557265742576516,0.1602196693502573,0.3383934695617829
sae,4.0,src,all,0.5313308602945499,0.4570590458022625,0.585985289805447
sae,4.0,src_before,all,0.7591665666253161,0.6541902435952597,0.8622870709040357
sae,4.0,src_before,operator,0.6529576434564558,0.5153869049355986,0.7484140370126118
sae,4.0,src_before,variable,0.575572130816084,0.5091743119266054,0.7822623651022317
sae,16.0,dst,all,0.6590180848491666,0.5760976189373999,0.7384610746147549
sae,16.0,dst_after,all,0.6891832946444197,0.6153754934401817,0.7591639333840401
sae,16.0,dst_after,operator,0.5370428091284801,0.4990187444546692,0.6884950673355696
sae,16.0,dst_after,variable,0.6523395547352978,0.5673733747092201,0.7643493750072641
sae,16.0,dst_before,all,0.6172560988140444,0.5341497264978468,0.7950920504285712
sae,16.0,dst_before,operator,0.604328922495274,0.3564713295526149,0.9422684310018904
sae,16.0,dst_before,variable,0.6137877466592522,0.5353558970729487,0.7915777766543652
sae,16.0,input_disagreement,all,0.6088726931127414,0.5156525658330648,0.7790956842363459
sae,16.0,input_disagreement,operator,0.5295028085347794,0.3748577591751516,0.72403795727333
sae,16.0,input_disagreement,variable,0.5949913222210376,0.5114871623028143,0.7588578079701866
sae,16.0,operator,all,0.5818119423122833,0.4494515697606839,0.7097322724713014
sae,16.0,operator_truth,all,0.4572834371995406,0.2287278557211879,0.5875574993872131
sae,16.0,src,all,0.8544214095315409,0.699721226602947,1.0
sae,16.0,src_before,all,0.9249221138018702,0.8687383808563354,0.9696793279206568
sae,16.0,src_before,operator,0.9198157345425755,0.8459150145610954,0.9780299625905328
sae,16.0,src_before,variable,0.9285475691021979,0.8854847473905022,0.9696072484646296
tc,4.0,dst,all,0.5225112756072643,0.4474113545103995,0.5770985478674692
tc,4.0,dst_after,all,0.6640371544931851,0.5869216182121381,0.7546731161214324
tc,4.0,dst_after,operator,0.515446116701794,0.4433411503943163,0.5771992492982786
tc,4.0,dst_after,variable,0.6428291481669528,0.5598782541439173,0.7550494327851204
tc,4.0,dst_before,all,0.6089224654923994,0.5057911048279544,0.6919518257391987
tc,4.0,dst_before,operator,0.6341797941608905,0.4633396345305608,0.8496156269691242
tc,4.0,dst_before,variable,0.613627133781575,0.5004139072847682,0.7063969212881047
tc,4.0,input_disagreement,all,0.6180699006701325,0.5066514727231807,0.7257291550844349
tc,4.0,input_disagreement,operator,0.6087827593675547,0.4507772533420409,0.8746433672072642
tc,4.0,input_disagreement,variable,0.623055855956485,0.5054027741814286,0.7379810011220609
tc,4.0,operator,all,0.4790458182207726,0.3276182002153002,0.6859040240940514
tc,4.0,operator_truth,all,0.33399092074602565,0.1335533585781305,0.4568650938468508
tc,4.0,src,all,0.3310435213584716,0.3075523880953106,0.3553252370327558
tc,4.0,src_before,all,0.8829009983041053,0.7291529336001517,0.9626304841660134
tc,4.0,src_before,operator,0.8984538684657449,0.7110804391089427,0.9576954951064214
tc,4.0,src_before,variable,0.8442120327545681,0.5373031819445497,0.9622286248641544
tc,16.0,dst,all,0.691376630215646,0.386220638517404,0.8454778282019915
tc,16.0,dst_after,all,0.6778380712966109,0.610502554724565,0.7673328446691696
tc,16.0,dst_after,operator,0.5581598682423926,0.4858237434156928,0.6621495928201779
tc,16.0,dst_after,variable,0.6785303254670642,0.6091177564933219,0.7832654535068165
tc,16.0,dst_before,all,0.650093090667912,0.5225068927239085,0.7616484815624988
tc,16.0,dst_before,operator,0.6469313169502205,0.310346565847511,0.9011342155009452
tc,16.0,dst_before,variable,0.6464702028882935,0.5254391840655175,0.7570617006218088
tc,16.0,input_disagreement,all,0.5996718006312557,0.5155347843806043,0.7580407279978821
tc,16.0,input_disagreement,operator,0.6338001031280338,0.5234330420900908,0.8446383867169334
tc,16.0,input_disagreement,variable,0.5955205144217832,0.5088413070740612,0.7634850400337125
tc,16.0,operator,all,0.47266163197251404,0.4,0.5779760331436443
tc,16.0,operator_truth,all,0.4146496219102924,0.2579651375494704,0.5639541125728869
tc,16.0,src,all,0.5678532280350808,0.4187042483060949,0.7955030811294086
tc,16.0,src_before,all,0.9366472961278776,0.9029283266540868,0.9853040807254596
tc,16.0,src_before,operator,0.936779240371877,0.910336189136664,0.97727126824514
tc,16.0,src_before,variable,0.9386856471301842,0.8986004751434276,0.9844832815224808
